Date,Crude_Oil_WTI,DXY,EUR_USD,GBP_USD,Gold,Copper,USD_JPY,SP500,Nasdaq,VIX,SP500_MA50,SP500_MA200,SP500_Bias_200,Gold_Oil_Ratio,Copper_Gold_Ratio
2011-09-02,86.44999694824219,74.75,1.4262080192565918,1.6188040971755981,,4.10699987411499,76.86000061035156,1173.969970703125,2480.330078125,33.91999816894531,,,,,
2011-09-05,86.44999694824219,74.75,1.4157688617706299,1.6172070503234863,,4.10699987411499,76.9020004272461,1173.969970703125,2480.330078125,33.91999816894531,,,,,
2011-09-06,86.0199966430664,75.91999816894531,1.4063115119934082,1.609994888305664,,4.0395002365112305,76.9020004272461,1165.239990234375,2473.830078125,37.0,,,,,
2011-09-07,89.33999633789062,75.45999908447266,1.4003249406814575,1.5948200225830078,,4.115499973297119,77.61799621582031,1198.6199951171875,2548.93994140625,33.380001068115234,,,,,
2011-09-08,89.05000305175781,76.23999786376953,1.4085696935653687,1.5985933542251587,,4.127999782562256,77.3010025024414,1185.9000244140625,2529.139892578125,34.31999969482422,,,,,
2011-09-09,87.23999786376953,77.19000244140625,1.3904144763946533,1.5977503061294556,,3.987499952316284,77.50800323486328,1154.22998046875,2467.989990234375,38.52000045776367,,,,,
2011-09-12,88.19000244140625,77.56999969482422,1.3600815534591675,1.5856908559799194,,3.950500011444092,77.46299743652344,1162.27001953125,2495.090087890625,38.59000015258789,,,,,
2011-09-13,90.20999908447266,76.91000366210938,1.3660268783569336,1.5858668088912964,,3.9560000896453857,77.18000030517578,1172.8699951171875,2532.14990234375,36.90999984741211,,,,,
2011-09-14,88.91000366210938,76.83000183105469,1.3686069250106812,1.5786067247390747,,3.884999990463257,76.93199920654297,1188.6800537109375,2572.550048828125,34.599998474121094,,,,,
2011-09-15,89.4000015258789,76.23999786376953,1.3746082782745361,1.5769885778427124,,3.944999933242798,76.677001953125,1209.1099853515625,2607.070068359375,31.969999313354492,,,,,
2011-09-16,87.95999908447266,76.58000183105469,1.3869048357009888,1.579304814338684,,3.9200000762939453,76.73400115966797,1216.010009765625,2622.31005859375,30.979999542236328,,,,,
2011-09-19,85.69999694824219,77.38999938964844,1.3701446056365967,1.5724011659622192,,3.7715001106262207,76.91000366210938,1204.0899658203125,2612.830078125,32.72999954223633,,,,,
2011-09-20,86.88999938964844,77.02999877929688,1.3605626821517944,1.5659990310668945,,3.7165000438690186,76.59600067138672,1202.0899658203125,2590.239990234375,32.86000061035156,,,,,
2011-09-21,85.91999816894531,77.33999633789062,1.369394063949585,1.5734156370162964,,3.753499984741211,76.46299743652344,1166.760009765625,2538.18994140625,37.31999969482422,,,,,
2011-09-22,80.51000213623047,78.37999725341797,1.3586033582687378,1.5508204698562622,,3.4804999828338623,76.53800201416016,1129.56005859375,2455.669921875,41.349998474121094,,,,,
2011-09-23,79.8499984741211,78.30000305175781,1.348090410232544,1.536169171333313,,3.2720000743865967,76.30599975585938,1136.4300537109375,2483.22998046875,41.25,,,,,
2011-09-26,80.23999786376953,78.36000061035156,1.3547013998031616,1.549330711364746,,3.2750000953674316,76.54000091552734,1162.949951171875,2516.68994140625,39.02000045776367,,,,,
2011-09-27,84.44999694824219,77.51000213623047,1.351807951927185,1.5552583932876587,,3.429500102996826,76.33599853515625,1175.3800048828125,2546.830078125,37.709999084472656,,,,,
2011-09-28,81.20999908447266,77.8499984741211,1.3582342863082886,1.5639907121658325,,3.2360000610351562,76.80799865722656,1151.06005859375,2491.580078125,41.08000183105469,,,,,
2011-09-29,82.13999938964844,77.91999816894531,1.3537662029266357,1.5576082468032837,,3.236999988555908,76.54000091552734,1160.4000244140625,2480.760009765625,38.84000015258789,,,,,
2011-09-30,79.19999694824219,78.55000305175781,1.3585848808288574,1.5599408149719238,,3.1449999809265137,76.76499938964844,1131.4200439453125,2415.39990234375,42.959999084472656,,,,,
2011-10-03,77.61000061035156,79.44999694824219,1.336094617843628,1.5583120584487915,,3.140000104904175,77.19000244140625,1099.22998046875,2335.830078125,45.45000076293945,,,,,
2011-10-04,75.66999816894531,79.5999984741211,1.3195048570632935,1.5435909032821655,,3.0945000648498535,76.59200286865234,1123.949951171875,2404.820068359375,40.81999969482422,,,,,
2011-10-05,79.68000030517578,78.91000366210938,1.3330134153366089,1.547029733657837,,3.0975000858306885,76.76000213623047,1144.030029296875,2460.510009765625,37.810001373291016,,,,,
2011-10-06,82.58999633789062,78.52999877929688,1.333991527557373,1.54659903049469,,3.239000082015991,76.78199768066406,1164.969970703125,2506.820068359375,36.27000045776367,,,,,
2011-10-07,82.9800033569336,78.72000122070312,1.3428946733474731,1.5434480905532837,,3.2664999961853027,76.65799713134766,1155.4599609375,2479.35009765625,36.20000076293945,,,,,
2011-10-10,85.41000366210938,77.5999984741211,1.3385984897613525,1.5533015727996826,,3.361999988555908,76.7699966430664,1194.8900146484375,2566.050048828125,33.02000045776367,,,,,
2011-10-11,85.80999755859375,77.58000183105469,1.3635495901107788,1.5658273696899414,,3.2874999046325684,76.66000366210938,1195.5400390625,2583.030029296875,32.86000061035156,,,,,
2011-10-12,85.56999969482422,76.98999786376953,1.3645730018615723,1.5588949918746948,,3.390500068664551,76.66699981689453,1207.25,2604.72998046875,31.260000228881836,,,,,
2011-10-13,84.2300033569336,76.98999786376953,1.379196286201477,1.5747783184051514,,3.302500009536743,77.18000030517578,1203.6600341796875,2620.239990234375,30.700000762939453,,,,,
2011-10-14,86.80000305175781,76.62000274658203,1.3735508918762207,1.5745056867599487,,3.4049999713897705,76.87999725341797,1224.5799560546875,2667.85009765625,28.239999771118164,,,,,
2011-10-17,86.37999725341797,77.13999938964844,1.3879058361053467,1.5826289653778076,,3.373500108718872,77.22000122070312,1200.8599853515625,2614.919921875,33.38999938964844,,,,,
2011-10-18,88.33999633789062,77.12999725341797,1.3744003772735596,1.5745056867599487,,3.3554999828338623,76.83100128173828,1225.3800048828125,2657.429931640625,31.559999465942383,,,,,
2011-10-19,86.11000061035156,77.11000061035156,1.3740037679672241,1.57086980342865,,3.253999948501587,76.7770004272461,1209.8800048828125,2604.0400390625,34.439998626708984,,,,,
2011-10-20,85.30000305175781,76.97000122070312,1.3765003681182861,1.5777100324630737,,3.054500102996826,76.80000305175781,1215.3900146484375,2598.6201171875,34.779998779296875,,,,,
2011-10-21,87.4000015258789,76.30000305175781,1.377903938293457,1.579604148864746,,3.2190001010894775,76.86000061035156,1238.25,2637.4599609375,31.31999969482422,,,,,
2011-10-24,91.2699966430664,76.0199966430664,1.3847730159759521,1.5943114757537842,,3.447000026702881,76.20999908447266,1254.18994140625,2699.43994140625,29.260000228881836,,,,,
2011-10-25,93.16999816894531,76.25,1.3922340869903564,1.5996673107147217,,3.4189999103546143,76.13200378417969,1229.050048828125,2638.419921875,32.220001220703125,,,,,
2011-10-26,90.19999694824219,76.19999694824219,1.3904531002044678,1.599846363067627,,3.48799991607666,76.10900115966797,1242.0,2650.669921875,29.860000610351562,,,,,
2011-10-27,93.95999908447266,74.87000274658203,1.387694001197815,1.5959653854370117,,3.688999891281128,76.18399810791016,1284.5899658203125,2738.6298828125,25.459999084472656,,,,,
2011-10-28,93.31999969482422,75.08999633789062,1.4173942804336548,1.608777403831482,,3.7019999027252197,75.93000030517578,1285.0899658203125,2737.14990234375,24.530000686645508,,,,,
2011-10-31,93.19000244140625,76.16999816894531,1.4140071868896484,1.6111880540847778,,3.628999948501587,75.73999786376953,1253.300048828125,2684.409912109375,29.959999084472656,,,,,
2011-11-01,92.19000244140625,77.26000213623047,1.386001467704773,1.6080013513565063,,3.498500108718872,78.30799865722656,1218.280029296875,2606.9599609375,34.77000045776367,,,,,
2011-11-02,92.51000213623047,77.01000213623047,1.3655978441238403,1.5940066576004028,,3.5785000324249268,78.30599975585938,1237.9000244140625,2639.97998046875,32.7400016784668,,,,,
2011-11-03,94.06999969482422,76.66999816894531,1.3690004348754883,1.5911911725997925,,3.5845000743865967,78.13899993896484,1261.1500244140625,2697.969970703125,30.5,,,,,
2011-11-04,94.26000213623047,76.91000366210938,1.382991909980774,1.6037206649780273,,3.562999963760376,78.0530014038086,1253.22998046875,2686.14990234375,30.15999984741211,,,,,
2011-11-07,95.5199966430664,76.95999908447266,1.3789299726486206,1.6032835245132446,,3.5329999923706055,78.12999725341797,1261.1199951171875,2695.25,29.850000381469727,,,,,
2011-11-08,96.80000305175781,76.66999816894531,1.3760079145431519,1.6061934232711792,,3.5320000648498535,78.0770034790039,1275.9200439453125,2727.489990234375,27.479999542236328,,,,,
2011-11-09,95.73999786376953,77.93000030517578,1.3826478719711304,1.6098912954330444,,3.438999891281128,77.70800018310547,1229.0999755859375,2621.64990234375,36.15999984741211,,,,,
2011-11-10,97.77999877929688,77.63999938964844,1.3526674509048462,1.5914950370788574,,3.372499942779541,77.75800323486328,1239.699951171875,2625.14990234375,32.810001373291016,1198.9790014648438,,,,
2011-11-11,98.98999786376953,76.94000244140625,1.3610072135925293,1.594209909439087,,3.4619998931884766,77.6520004272461,1263.8499755859375,2678.75,30.040000915527344,1200.7766015625,,,,
2011-11-14,98.13999938964844,77.55999755859375,1.3787018060684204,1.6076911687850952,,3.4855000972747803,77.15599822998047,1251.780029296875,2657.219970703125,31.1299991607666,1202.332802734375,,,,
2011-11-15,99.37000274658203,77.87999725341797,1.362416386604309,1.590002179145813,,3.499000072479248,77.0790023803711,1257.81005859375,2686.199951171875,31.219999313354492,1204.1842041015625,,,,
2011-11-16,102.58999633789062,78.16000366210938,1.350712537765503,1.5805778503417969,,3.4820001125335693,77.05999755859375,1236.9100341796875,2639.610107421875,33.5099983215332,1204.9500048828124,,,,
2011-11-17,98.81999969482422,78.29000091552734,1.3441040515899658,1.5707957744598389,,3.381999969482422,77.06099700927734,1216.1300048828125,2587.989990234375,34.5099983215332,1205.5546044921875,,,,
2011-11-18,97.41000366210938,78.0199966430664,1.3458044528961182,1.575200080871582,,3.4019999504089355,76.95800018310547,1215.6500244140625,2572.5,32.0,1206.7830053710939,,,,
2011-11-21,96.91999816894531,78.30000305175781,1.3529969453811646,1.5777100324630737,,3.2990000247955322,76.83899688720703,1192.97998046875,2523.139892578125,32.90999984741211,1207.3972045898438,,,,
2011-11-22,98.01000213623047,78.2300033569336,1.348435878753662,1.5638928413391113,,3.3304998874664307,76.9000015258789,1188.0400390625,2521.280029296875,31.969999313354492,1207.70060546875,,,,
2011-11-23,96.16999816894531,79.0,1.3521919250488281,1.5648962259292603,,3.2774999141693115,76.97000122070312,1161.7900390625,2460.080078125,33.97999954223633,1207.1628051757812,,,,
2011-11-24,96.16999816894531,79.0,1.3352025747299194,1.5528672933578491,,3.2774999141693115,77.27200317382812,1161.7900390625,2460.080078125,33.97999954223633,1206.21640625,,,,
2011-11-25,96.7699966430664,79.61000061035156,1.3331022262573242,1.547700047492981,,3.2679998874664307,77.16600036621094,1158.6700439453125,2441.510009765625,34.470001220703125,1205.0696069335938,,,,
2011-11-28,98.20999908447266,79.29000091552734,1.3313452005386353,1.5489946603775024,,3.3585000038146973,77.66699981689453,1192.550048828125,2527.340087890625,32.130001068115234,1204.83880859375,,,,
2011-11-29,99.79000091552734,79.0,1.3316997289657593,1.5500991344451904,,3.375999927520752,78.08100128173828,1195.18994140625,2515.510009765625,30.639999389648438,1204.7008081054687,,,,
2011-11-30,100.36000061035156,78.38999938964844,1.3324095010757446,1.5597946643829346,,3.562999963760376,77.95999908447266,1246.9599609375,2620.340087890625,27.799999237060547,1206.3048071289063,,,,
2011-12-01,100.19999694824219,78.31999969482422,1.3443931341171265,1.5707216262817383,,3.5220000743865967,77.58300018310547,1244.5799560546875,2626.199951171875,27.40999984741211,1208.605205078125,,,,
2011-12-02,100.95999908447266,78.62999725341797,1.346692442893982,1.568307638168335,,3.572499990463257,77.75,1244.280029296875,2626.929931640625,27.520000457763672,1210.7622045898438,,,,
2011-12-05,100.98999786376953,78.61000061035156,1.3419036865234375,1.5609878301620483,,3.6040000915527344,78.08000183105469,1257.0799560546875,2655.760009765625,27.84000015258789,1212.6448046875,,,,
2011-12-06,101.27999877929688,78.51000213623047,1.3386701345443726,1.564308762550354,,3.565500020980835,77.81199645996094,1258.469970703125,2649.56005859375,28.1299991607666,1214.3066040039062,,,,
2011-12-07,100.48999786376953,78.4800033569336,1.3412017822265625,1.5606955289840698,,3.5450000762939453,77.75,1261.010009765625,2649.2099609375,28.670000076293945,1216.5056030273438,,,,
2011-12-08,98.33999633789062,78.80999755859375,1.3403747081756592,1.5700312852859497,,3.489500045776367,77.6729965209961,1234.3499755859375,2596.3798828125,30.59000015258789,1217.9846020507812,,,,
2011-12-09,99.41000366210938,78.62999725341797,1.3345433473587036,1.5637950897216797,,3.546999931335449,77.68000030517578,1255.18994140625,2646.85009765625,26.3799991607666,1220.46,,,,
2011-12-12,97.7699966430664,79.56999969482422,1.3371665477752686,1.5654107332229614,,3.4544999599456787,77.61199951171875,1236.469970703125,2612.260009765625,25.670000076293945,1223.2047998046876,,,,
2011-12-13,100.13999938964844,80.25,1.3171066045761108,1.5580692291259766,,3.432499885559082,77.93900299072266,1225.72998046875,2579.27001953125,25.40999984741211,1225.240400390625,,,,
2011-12-14,94.94999694824219,80.52999877929688,1.3019137382507324,1.5480115413665771,,3.2709999084472656,77.96099853515625,1211.8199462890625,2539.31005859375,26.040000915527344,1226.5961987304688,,,,
2011-12-15,93.87000274658203,80.23999786376953,1.2988024950027466,1.5475084781646729,,3.259500026702881,78.10800170898438,1215.75,2541.010009765625,25.110000610351562,1227.6117993164062,,,,
2011-12-16,93.52999877929688,80.25,1.302965521812439,1.5522888898849487,,3.3239998817443848,77.83999633789062,1219.6600341796875,2555.330078125,24.290000915527344,1228.89580078125,,,,
2011-12-19,93.87999725341797,80.25,1.3036959171295166,1.5525058507919312,,3.3010001182556152,77.80999755859375,1205.3499755859375,2523.139892578125,24.920000076293945,1229.105,,,,
2011-12-20,97.22000122070312,79.87999725341797,1.3007792234420776,1.550988793373108,,3.36299991607666,78.01000213623047,1241.300048828125,2603.72998046875,23.219999313354492,1230.0202001953126,,,,
2011-12-21,98.66999816894531,80.0199966430664,1.3087977170944214,1.567103385925293,,3.3889999389648438,77.83999633789062,1243.719970703125,2577.969970703125,21.43000030517578,1230.749599609375,,,,
2011-12-22,99.52999877929688,79.91999816894531,1.3040019273757935,1.567103385925293,,3.4089999198913574,78.06999969482422,1254.0,2599.449951171875,21.15999984741211,1231.7563989257812,,,,
2011-12-23,99.68000030517578,80.01000213623047,1.3056023120880127,1.5679880380630493,,3.4635000228881836,78.16000366210938,1265.3299560546875,2618.639892578125,20.729999542236328,1232.5713989257813,,,,
2011-12-26,99.68000030517578,80.01000213623047,1.3044953346252441,1.5596973896026611,,3.4635000228881836,78.08000183105469,1265.3299560546875,2618.639892578125,20.729999542236328,1233.8607983398438,,,,
2011-12-27,101.33999633789062,79.79000091552734,1.3050570487976074,1.5618897676467896,,3.4040000438690186,78.02999877929688,1265.4300537109375,2625.199951171875,21.90999984741211,1234.6617993164064,,,,
2011-12-28,99.36000061035156,80.48999786376953,1.307206630706787,1.5664896965026855,,3.359999895095825,77.87000274658203,1249.6400146484375,2589.97998046875,23.520000457763672,1235.4569995117188,,,,
2011-12-29,99.6500015258789,80.4800033569336,1.292724609375,1.5444016456604004,,3.365499973297119,77.94599914550781,1263.02001953125,2613.739990234375,22.649999618530273,1236.409599609375,,,,
2011-12-30,98.83000183105469,80.16999816894531,1.2956053018569946,1.5415922403335571,,3.43149995803833,77.65899658203125,1257.5999755859375,2605.14990234375,23.399999618530273,1236.7965991210938,,,,
2012-01-02,98.83000183105469,80.16999816894531,1.2960082292556763,1.5512052774429321,,3.43149995803833,77.0199966430664,1257.5999755859375,2605.14990234375,23.399999618530273,1236.8647998046874,,,,
2012-01-03,102.95999908447266,79.61000061035156,1.2940963506698608,1.5519996881484985,,3.5250000953674316,76.93000030517578,1277.06005859375,2648.719970703125,22.969999313354492,1237.825,,,,
2012-01-04,103.22000122070312,80.08999633789062,1.3056023120880127,1.5644066333770752,,3.429500102996826,76.72200012207031,1277.300048828125,2648.360107421875,22.219999313354492,1238.5310009765626,,,,
2012-01-05,101.80999755859375,80.94000244140625,1.2931424379348755,1.5609389543533325,,3.422499895095825,76.70999908447266,1281.06005859375,2669.860107421875,21.479999542236328,1238.4604028320311,,,,
2012-01-06,101.55999755859375,81.23999786376953,1.279606819152832,1.5501713752746582,,3.430999994277954,77.1510009765625,1277.81005859375,2674.219970703125,20.6299991607666,1238.3148046875,,,,
2012-01-09,101.30999755859375,81.05000305175781,1.2680377960205078,1.541948676109314,,3.4124999046325684,76.91000366210938,1280.699951171875,2676.56005859375,21.06999969482422,1238.862802734375,,,,
2012-01-10,102.23999786376953,80.80000305175781,1.2775959968566895,1.545905590057373,,3.509999990463257,76.86000061035156,1292.0799560546875,2702.5,20.690000534057617,1240.3388012695314,,,,
2012-01-11,100.87000274658203,81.3499984741211,1.2751848697662354,1.5474605560302734,,3.5415000915527344,76.8499984741211,1292.47998046875,2710.760009765625,21.049999237060547,1241.430400390625,,,,
2012-01-12,99.0999984741211,80.7699966430664,1.272394061088562,1.5336012840270996,,3.6440000534057617,76.85800170898438,1295.5,2724.699951171875,20.469999313354492,1242.1173999023438,,,,
2012-01-13,98.69999694824219,81.43000030517578,1.2820513248443604,1.5342129468917847,,3.631999969482422,76.77899932861328,1289.0899658203125,2710.669921875,20.90999984741211,1242.834599609375,,,,
2012-01-16,98.69999694824219,81.43000030517578,1.2647020816802979,1.5300110578536987,,3.631999969482422,76.91000366210938,1289.0899658203125,2710.669921875,20.90999984741211,1243.3939990234376,,,,
2012-01-17,100.70999908447266,81.18000030517578,1.2667046785354614,1.5324965715408325,,3.7260000705718994,76.81999969482422,1293.6700439453125,2728.080078125,22.200000762939453,1243.7489990234376,,,,
2012-01-18,100.58999633789062,80.5999984741211,1.2745997905731201,1.5338599681854248,,3.746999979019165,76.81999969482422,1308.0400390625,2769.7099609375,20.889999389648438,1245.3278002929687,,,,
2012-01-19,100.38999938964844,80.20999908447266,1.2866039276123047,1.542995572090149,,3.797499895095825,76.76699829101562,1314.5,2788.330078125,19.8700008392334,1246.8238012695313,,,,
2012-01-20,98.45999908447266,80.22000122070312,1.2964956760406494,1.5488266944885254,,3.740999937057495,77.08000183105469,1315.3800048828125,2786.699951171875,18.280000686645508,1247.8544018554687,,,,
2012-01-23,99.58000183105469,79.69000244140625,1.2884771823883057,1.554557204246521,,3.7945001125335693,76.95999908447266,1316.0,2784.169921875,18.670000076293945,1249.1388012695313,,,,
2012-01-24,98.94999694824219,79.86000061035156,1.3026939630508423,1.5578993558883667,,3.803999900817871,77.0,1314.6500244140625,2786.639892578125,18.90999984741211,1250.2756005859376,,,,
2012-01-25,99.4000015258789,79.56999969482422,1.304103970527649,1.5626953840255737,,3.825000047683716,77.68699645996094,1326.06005859375,2818.31005859375,18.309999465942383,1252.0586010742188,,,,
2012-01-26,99.69999694824219,79.41000366210938,1.3107362985610962,1.5660971403121948,,3.8970000743865967,77.7699966430664,1318.4300537109375,2805.280029296875,18.56999969482422,1254.1046020507813,,,,
2012-01-27,99.55999755859375,78.9000015258789,1.3092775344848633,1.5682092905044556,,3.883500099182129,77.45999908447266,1316.3299560546875,2816.550048828125,18.530000686645508,1256.1182006835938,,,,
2012-01-30,98.77999877929688,79.16000366210938,1.3207945823669434,1.5724011659622192,,3.822000026702881,76.73200225830078,1313.010009765625,2811.93994140625,19.399999618530273,1258.5188012695312,,,,
2012-01-31,98.4800033569336,79.27999877929688,1.3139568567276,1.570845127105713,,3.7874999046325684,76.36000061035156,1312.4100341796875,2813.840087890625,19.440000534057617,1261.006201171875,,,,
2012-02-01,97.61000061035156,78.91999816894531,1.3077024221420288,1.5760440826416016,,3.8385000228881836,76.2699966430664,1324.0899658203125,2848.27001953125,18.549999237060547,1264.2521997070312,,,,
2012-02-02,96.36000061035156,78.97000122070312,1.317002534866333,1.5842838287353516,,3.7769999504089355,76.18900299072266,1325.5400390625,2859.679931640625,17.979999542236328,1267.5271997070313,,,,
2012-02-03,97.83999633789062,78.94000244140625,1.3137152194976807,1.5802781581878662,,3.8970000743865967,76.18000030517578,1344.9000244140625,2905.659912109375,17.100000381469727,1271.2517993164063,,,,
2012-02-06,96.91000366210938,79.08999633789062,1.31271493434906,1.5803030729293823,,3.8589999675750732,76.5510025024414,1344.3299560546875,2901.989990234375,17.760000228881836,1274.2873974609374,,,,
2012-02-07,98.41000366210938,78.56999969482422,1.3121638298034668,1.5812777280807495,,3.872499942779541,76.55000305175781,1347.050048828125,2904.080078125,17.649999618530273,1277.324599609375,,,,
2012-02-08,98.70999908447266,78.63999938964844,1.3248542547225952,1.5893198251724243,,3.9059998989105225,76.79000091552734,1349.9599609375,2915.860107421875,18.15999984741211,1279.384599609375,,,,
2012-02-09,99.83999633789062,78.55999755859375,1.3248542547225952,1.5812777280807495,,3.9744999408721924,77.05999755859375,1351.949951171875,2927.22998046875,18.6299991607666,1281.5319995117188,,,,
2012-02-10,98.66999816894531,79.11000061035156,1.3278449773788452,1.5812777280807495,,3.859499931335449,77.63200378417969,1342.6400146484375,2903.8798828125,20.790000915527344,1283.49919921875,,,,
2012-02-13,100.91000366210938,78.94000244140625,1.3236793279647827,1.5782082080841064,,3.8369998931884766,77.69999694824219,1351.77001953125,2931.389892578125,19.040000915527344,1285.3930004882814,,,,
2012-02-14,100.73999786376953,79.58000183105469,1.3157894611358643,1.572574257850647,,3.811500072479248,77.51000213623047,1350.5,2931.830078125,19.540000915527344,1287.2336010742188,,,,
2012-02-15,101.80000305175781,79.66999816894531,1.3133701086044312,1.5691196918487549,,3.7980000972747803,78.36000061035156,1343.22998046875,2915.830078125,21.139999389648438,1288.8780004882813,,,,
2012-02-16,102.30999755859375,79.33999633789062,1.3058068752288818,1.568873643875122,,3.7880001068115234,78.4800033569336,1358.0400390625,2959.85009765625,19.219999313354492,1291.3518017578126,,,,
2012-02-17,103.23999786376953,79.33000183105469,1.3126804828643799,1.5807777643203735,,3.7049999237060547,78.8239974975586,1361.22998046875,2951.780029296875,17.780000686645508,1293.4726025390626,,,,
2012-02-20,103.23999786376953,79.33000183105469,1.3227163553237915,1.5869237184524536,,3.7049999237060547,79.78800201416016,1361.22998046875,2951.780029296875,17.780000686645508,1295.967802734375,,,,
2012-02-21,105.83999633789062,79.04000091552734,1.3204805850982666,1.5828293561935425,,3.8334999084472656,79.58599853515625,1362.2099609375,2948.570068359375,18.190000534057617,1298.69740234375,,,,
2012-02-22,106.27999877929688,79.20999908447266,1.324327826499939,1.5790305137634277,,3.8299999237060547,79.83000183105469,1357.6600341796875,2933.169921875,18.190000534057617,1301.6142041015626,,,,
2012-02-23,107.83000183105469,78.80999755859375,1.325574278831482,1.5672016143798828,,3.804500102996826,80.27999877929688,1363.4599609375,2956.97998046875,16.799999237060547,1304.5684033203124,,,,
2012-02-24,109.7699966430664,78.3499984741211,1.337363362312317,1.5745551586151123,,3.862499952316284,79.93000030517578,1365.739990234375,2963.75,17.309999465942383,1307.4900024414062,,,,
2012-02-27,108.55999755859375,78.55999755859375,1.3467106819152832,1.5886884927749634,,3.880000114440918,81.47100067138672,1367.5899658203125,2966.159912109375,18.190000534057617,1310.7348022460938,,,,
2012-02-28,106.55000305175781,78.2699966430664,1.3406623601913452,1.5832804441452026,,3.9119999408721924,80.46399688720703,1372.1800537109375,2986.760009765625,17.959999084472656,1313.35240234375,,,,
2012-02-29,107.06999969482422,78.7300033569336,1.3477997779846191,1.5922045707702637,,3.870500087738037,80.4800033569336,1365.6800537109375,2966.889892578125,18.43000030517578,1315.7916040039063,,,,
2012-03-01,108.83999633789062,78.77999877929688,1.3320900201797485,1.5923566818237305,,3.924499988555908,81.2760009765625,1374.0899658203125,2988.969970703125,17.260000228881836,1318.1934033203124,,,,
2012-03-02,106.69999694824219,79.4000015258789,1.3322675228118896,1.595914363861084,,3.8954999446868896,81.12000274658203,1369.6300048828125,2976.18994140625,17.290000915527344,1320.279404296875,,,,
2012-03-05,106.72000122070312,79.31999969482422,1.318617582321167,1.5833055973052979,,3.8524999618530273,81.62699890136719,1364.3299560546875,2950.47998046875,18.049999237060547,1322.259404296875,,,,
2012-03-06,104.69999694824219,79.86000061035156,1.3225764036178589,1.58755362033844,,3.7309999465942383,81.51799774169922,1343.3599853515625,2910.320068359375,20.8700008392334,1323.8180029296875,,,,
2012-03-07,106.16000366210938,79.70999908447266,1.3123359680175781,1.5723271369934082,,3.760499954223633,80.66000366210938,1352.6300048828125,2935.68994140625,19.06999969482422,1325.877802734375,,,,
2012-03-08,106.58000183105469,79.16000366210938,1.3139914274215698,1.573564052581787,,3.7860000133514404,81.33799743652344,1365.9100341796875,2970.419921875,17.950000762939453,1327.9356030273439,,,,
2012-03-09,107.4000015258789,80.04000091552734,1.327492356300354,1.582528829574585,,3.8524999618530273,81.58000183105469,1370.8699951171875,2988.340087890625,17.110000610351562,1330.2010034179686,,,,
2012-03-12,106.33999633789062,79.87000274658203,1.312508225440979,1.5672998428344727,,3.8315000534057617,82.37300109863281,1371.0899658203125,2983.659912109375,15.640000343322754,1332.4708032226563,,,,
2012-03-13,106.70999908447266,80.19000244140625,1.3168290853500366,1.5654351711273193,,3.8965001106262207,82.36299896240234,1395.949951171875,3039.8798828125,14.800000190734863,1334.8486010742188,,,,
2012-03-14,105.43000030517578,80.55999755859375,1.30804443359375,1.5705984830856323,,3.8420000076293945,82.95999908447266,1394.280029296875,3040.72998046875,15.3100004196167,1337.1882006835938,,,,
2012-03-15,105.11000061035156,80.1500015258789,1.3022528886795044,1.5654351711273193,,3.8919999599456787,83.83999633789062,1402.5999755859375,3056.3701171875,15.420000076293945,1339.6189990234375,,,,
2012-03-16,107.05999755859375,79.77999877929688,1.3078734874725342,1.5703518390655518,,3.874000072479248,83.49199676513672,1404.1700439453125,3055.260009765625,14.470000267028809,1342.1461987304688,,,,
2012-03-19,108.08999633789062,79.44999694824219,1.3177140951156616,1.5837068557739258,,3.9059998989105225,83.44999694824219,1409.75,3078.320068359375,15.039999961853027,1344.7271997070313,,,,
2012-03-20,105.61000061035156,79.58999633789062,1.3229262828826904,1.5888147354125977,,3.828000068664551,83.37000274658203,1405.52001953125,3074.14990234375,15.579999923706055,1346.9960009765625,,,,
2012-03-21,107.2699966430664,79.62999725341797,1.323766827583313,1.586294412612915,,3.8494999408721924,83.6500015258789,1402.8900146484375,3075.320068359375,15.130000114440918,1349.2042016601563,,,,
2012-03-22,105.3499984741211,79.73999786376953,1.3218770027160645,1.58755362033844,,3.7674999237060547,83.2030029296875,1392.780029296875,3063.320068359375,15.569999694824219,1351.1498022460937,,,,
2012-03-23,106.87000274658203,79.33999633789062,1.3204805850982666,1.5827794075012207,,3.809499979019165,82.51000213623047,1397.1099853515625,3067.919921875,14.819999694824219,1353.3102026367187,,,,
2012-03-26,107.02999877929688,78.93000030517578,1.328303575515747,1.5878056287765503,,3.885499954223633,82.58899688720703,1416.510009765625,3122.570068359375,14.260000228881836,1355.858603515625,,,,
2012-03-27,107.33000183105469,79.04000091552734,1.3360053300857544,1.596169114112854,,3.878999948501587,82.98699951171875,1412.52001953125,3120.35009765625,15.59000015258789,1358.2356030273438,,,,
2012-03-28,105.41000366210938,79.16000366210938,1.3328713178634644,1.5954052209854126,,3.7869999408721924,83.0479965209961,1405.5400390625,3104.9599609375,15.470000267028809,1360.1856030273439,,,,
2012-03-29,102.77999877929688,79.18000030517578,1.3326226472854614,1.5893198251724243,,3.7939999103546143,82.83200073242188,1403.280029296875,3095.360107421875,15.479999542236328,1361.9612036132812,,,,
2012-03-30,103.0199966430664,78.93000030517578,1.3313806056976318,1.595914363861084,,3.8239998817443848,82.27300262451172,1408.469970703125,3091.570068359375,15.5,1363.8230029296874,,,,
2012-04-02,105.2300033569336,78.81999969482422,1.3358268737792969,1.6014091968536377,,3.9184999465942383,82.87000274658203,1419.0400390625,3119.699951171875,15.640000343322754,1365.8838037109374,,,,
2012-04-03,104.01000213623047,79.4800033569336,1.3333333730697632,1.6038492918014526,,3.9154999256134033,81.54000091552734,1413.3800048828125,3113.570068359375,15.65999984741211,1367.8584033203124,,,,
2012-04-04,101.47000122070312,79.76000213623047,1.3225239515304565,1.590659737586975,,3.7855000495910645,82.83000183105469,1398.9599609375,3068.090087890625,16.440000534057617,1369.3164013671876,,,,
2012-04-05,103.30999755859375,80.06999969482422,1.314405918121338,1.5903308391571045,,3.7915000915527344,82.44000244140625,1398.0799560546875,3080.5,16.700000762939453,1370.9093994140626,,,,
2012-04-06,103.30999755859375,80.06999969482422,1.3065063953399658,1.5830299854278564,,3.7915000915527344,82.2699966430664,1398.0799560546875,3080.5,16.700000762939453,1372.5443994140626,,,,
2012-04-09,102.45999908447266,79.7300033569336,1.3079075813293457,1.5880577564239502,,3.7160000801086426,81.33000183105469,1382.199951171875,3047.080078125,18.809999465942383,1373.9281982421876,,,,
2012-04-10,101.0199966430664,79.88999938964844,1.311131477355957,1.5908114910125732,,3.6459999084472656,81.64299774169922,1358.5899658203125,2991.219970703125,20.389999389648438,1374.851796875,,,,
2012-04-11,102.69999694824219,79.77999877929688,1.3073604106903076,1.5855399370193481,,3.635999917984009,80.69400024414062,1368.7099609375,3016.4599609375,20.020000457763672,1375.7441967773439,,,,
2012-04-12,103.63999938964844,79.27999877929688,1.311991572380066,1.5923566818237305,,3.7165000438690186,81.00800323486328,1387.5699462890625,3055.550048828125,17.200000762939453,1376.984794921875,,,,
2012-04-13,102.83000183105469,79.87999725341797,1.318913221359253,1.595914363861084,,3.622999906539917,80.93000030517578,1370.260009765625,3011.330078125,19.549999237060547,1377.4919946289062,,,,
2012-04-16,102.93000030517578,79.55000305175781,1.30565345287323,1.5850372314453125,,3.624000072479248,80.9020004272461,1369.5699462890625,2988.39990234375,19.549999237060547,1377.9967944335938,,,,
2012-04-17,104.19999694824219,79.47000122070312,1.3126804828643799,1.5895723104476929,,3.6440000534057617,80.38099670410156,1390.780029296875,3042.820068359375,18.459999084472656,1378.8713940429689,,,,
2012-04-18,102.66999816894531,79.52999877929688,1.3135426044464111,1.594209909439087,,3.628000020980835,81.05999755859375,1385.1400146484375,3031.449951171875,18.639999389648438,1379.5749951171874,,,,
2012-04-19,102.2699966430664,79.55999755859375,1.311991572380066,1.6023072004318237,,3.626499891281128,81.30000305175781,1376.9200439453125,3007.56005859375,18.360000610351562,1380.0743969726564,,,,
2012-04-20,103.05000305175781,79.18000030517578,1.314578652381897,1.6061676740646362,,3.696000099182129,81.60900115966797,1378.530029296875,3000.449951171875,17.440000534057617,1380.792197265625,,,,
2012-04-23,103.11000061035156,79.41999816894531,1.3204805850982666,1.6131634712219238,,3.622999906539917,81.5999984741211,1366.93994140625,2970.449951171875,18.969999313354492,1381.095595703125,,,,
2012-04-24,103.55000305175781,79.22000122070312,1.3152011632919312,1.6121231317520142,,3.6714999675750732,81.08000183105469,1371.969970703125,2961.60009765625,18.100000381469727,1381.5249951171875,,,,
2012-04-25,104.12000274658203,79.01000213623047,1.3197835683822632,1.614465594291687,,3.700500011444092,81.38999938964844,1390.68994140625,3029.6298828125,16.81999969482422,1382.4741943359375,,,,
2012-04-26,104.55000305175781,78.91000366210938,1.323276400566101,1.6178088188171387,,3.7679998874664307,81.30000305175781,1399.97998046875,3050.610107421875,16.239999771118164,1383.3129931640624,,,,
2012-04-27,104.93000030517578,78.69999694824219,1.319087266921997,1.617861270904541,,3.819999933242798,81.05799865722656,1403.3599853515625,3069.199951171875,16.31999969482422,1384.1555932617186,,,,
2012-04-30,104.87000274658203,78.79000091552734,1.3241524696350098,1.6281341314315796,,3.8334999084472656,80.3499984741211,1397.9100341796875,3046.360107421875,17.149999618530273,1384.8891943359374,,,,
2012-05-01,106.16000366210938,78.86000061035156,1.3239772319793701,1.6233766078948975,,3.8399999141693115,79.9209976196289,1405.8199462890625,3050.43994140625,16.600000381469727,1385.7613940429687,,,,
2012-05-02,105.22000122070312,79.12999725341797,1.3239772319793701,1.6223231554031372,,3.7855000495910645,80.20999908447266,1402.31005859375,3059.85009765625,16.8799991607666,1386.65439453125,,,,
2012-05-03,102.54000091552734,79.22000122070312,1.3147515058517456,1.6193020343780518,,3.7335000038146973,80.12100219726562,1391.5699462890625,3024.300048828125,17.559999465942383,1387.2165942382812,,,,
2012-05-04,98.48999786376953,79.47000122070312,1.3156163692474365,1.619197130203247,,3.7239999771118164,80.20999908447266,1369.0999755859375,2956.340087890625,19.15999984741211,1387.2837939453125,,,,
2012-05-07,97.94000244140625,79.5999984741211,1.297033667564392,1.6123050451278687,,3.7774999141693115,79.81800079345703,1369.5799560546875,2957.760009765625,18.940000534057617,1387.32359375,,,,
2012-05-08,97.01000213623047,79.7300033569336,1.306165099143982,1.6194331645965576,,3.685499906539917,79.91999816894531,1363.719970703125,2946.27001953125,19.049999237060547,1387.1543920898437,,,,
2012-05-09,96.80999755859375,80.08000183105469,1.299545168876648,1.6147263050079346,,3.6695001125335693,79.86000061035156,1354.5799560546875,2934.7099609375,20.079999923706055,1386.9323901367188,,,,
2012-05-10,97.08000183105469,80.11000061035156,1.2936609983444214,1.6138142347335815,,3.691499948501587,79.70999908447266,1357.989990234375,2933.639892578125,18.829999923706055,1386.610390625,,,,
2012-05-11,96.12999725341797,80.27999877929688,1.2934937477111816,1.613684058189392,,3.6484999656677246,79.86900329589844,1353.3900146484375,2933.820068359375,19.889999389648438,1386.2855908203126,,,,
2012-05-14,94.77999877929688,80.5999984741211,1.289989709854126,1.6077170372009277,,3.556999921798706,80.02999877929688,1338.3499755859375,2902.580078125,21.8700008392334,1385.7659912109375,,,,
2012-05-15,93.9800033569336,81.22000122070312,1.283202886581421,1.6097874641418457,,3.5220000743865967,79.8499984741211,1330.6600341796875,2893.760009765625,21.969999313354492,1385.5119921875,,,,
2012-05-16,92.80999755859375,81.37000274658203,1.273560881614685,1.598720908164978,,3.484999895095825,80.32499694824219,1324.800048828125,2874.0400390625,22.270000457763672,1384.9553930664063,,,,
2012-05-17,92.55999755859375,81.37999725341797,1.2730745077133179,1.5921032428741455,,3.4795000553131104,80.3499984741211,1304.8599853515625,2813.68994140625,24.489999771118164,1383.7343920898438,,,,
2012-05-18,91.4800033569336,81.29000091552734,1.269841194152832,1.5785319805145264,,3.4695000648498535,79.40799713134766,1295.219970703125,2778.7900390625,25.100000381469727,1382.2213916015626,,,,
2012-05-21,92.56999969482422,81.08000183105469,1.2773023843765259,1.5812777280807495,,3.503999948501587,79.16999816894531,1315.989990234375,2847.2099609375,22.010000228881836,1381.1193920898438,,,,
2012-05-22,91.66000366210938,81.66999816894531,1.281065821647644,1.5827794075012207,,3.487499952316284,79.41000366210938,1316.6300048828125,2839.080078125,22.479999542236328,1379.5329931640624,,,,
2012-05-23,89.9000015258789,82.08999633789062,1.2664639949798584,1.5760937929153442,,3.3980000019073486,80.00399780273438,1318.8599853515625,2850.1201171875,22.329999923706055,1378.0245922851564,,,,
2012-05-24,90.66000366210938,82.29000091552734,1.2561235427856445,1.568381428718567,,3.428999900817871,79.41999816894531,1320.6800537109375,2839.3798828125,21.540000915527344,1376.3861938476562,,,,
2012-05-25,90.86000061035156,82.4000015258789,1.2536041736602783,1.5659254789352417,,3.447999954223633,79.66000366210938,1317.8199462890625,2837.530029296875,21.760000228881836,1374.6591918945312,,,,
2012-05-28,90.86000061035156,82.4000015258789,1.2569130659103394,1.568135380744934,,3.447999954223633,79.58999633789062,1317.8199462890625,2837.530029296875,21.760000228881836,1372.8205908203124,,,,
2012-05-29,90.76000213623047,82.44000244140625,1.2525050640106201,1.5669069290161133,,3.4635000228881836,79.56099700927734,1332.4200439453125,2870.989990234375,21.030000686645508,1371.3585913085938,,,,
2012-05-30,87.81999969482422,83.01000213623047,1.2478163242340088,1.5634772777557373,,3.3864998817443848,79.5,1313.3199462890625,2837.360107421875,24.139999389648438,1369.5671899414062,,,,
2012-05-31,86.52999877929688,83.04000091552734,1.2374706268310547,1.5482993125915527,,3.362499952316284,78.98200225830078,1310.3299560546875,2827.340087890625,24.059999465942383,1367.9181884765626,,,,
2012-06-01,83.2300033569336,82.88999938964844,1.2362467050552368,1.5396459102630615,,3.309999942779541,78.52799987792969,1278.0400390625,2747.47998046875,26.65999984741211,1365.5367895507814,,,,
2012-06-04,83.9800033569336,82.55000305175781,1.2402331829071045,1.535154938697815,,3.303999900817871,78.0999984741211,1278.1800537109375,2760.010009765625,26.1200008392334,1362.7701904296875,,,,
2012-06-05,84.29000091552734,82.80000305175781,1.2509382963180542,1.5384615659713745,,3.2885000705718994,78.36100006103516,1285.5,2778.110107421875,24.68000030517578,1360.2297900390624,,,,
2012-06-06,85.0199966430664,82.31999969482422,1.2462612390518188,1.5384615659713745,,3.378999948501587,78.7300033569336,1315.1300048828125,2844.719970703125,22.15999984741211,1358.4215893554688,,,,
2012-06-07,84.81999969482422,82.05000305175781,1.2573871612548828,1.548227310180664,,3.369499921798706,79.2699966430664,1314.989990234375,2831.02001953125,21.719999313354492,1356.6557885742188,1291.1049487304688,1.8499690150976615,,
2012-06-08,84.0999984741211,82.51000213623047,1.2570710182189941,1.5523128509521484,,3.2834999561309814,79.69000244140625,1325.6600341796875,2858.419921875,21.229999542236328,1354.99958984375,1291.8633990478515,2.6161152298877157,,
2012-06-11,82.69999694824219,82.51000213623047,1.2645422220230103,1.5537601709365845,,3.3450000286102295,79.55999755859375,1308.9300537109375,2809.72998046875,23.559999465942383,1352.7973901367188,1292.5381994628906,1.2681910874942408,,
2012-06-12,83.31999969482422,82.41000366210938,1.2478163242340088,1.5486109256744385,,3.3340001106262207,79.30699920654297,1324.1800537109375,2843.070068359375,22.09000015258789,1351.0133911132812,1293.3328997802735,2.3850900209764023,,
2012-06-13,82.62000274658203,82.05000305175781,1.2504688501358032,1.5569047927856445,,3.3399999141693115,79.5270004272461,1314.8800048828125,2818.610107421875,24.270000457763672,1349.3317919921874,1293.9141998291016,1.6203396683087699,,
2012-06-14,83.91000366210938,81.9000015258789,1.2573871612548828,1.5520720481872559,,3.3540000915527344,79.37200164794922,1329.0999755859375,2836.330078125,21.68000030517578,1347.9521923828124,1294.630199584961,2.6625190739430438,,
2012-06-15,84.02999877929688,81.58999633789062,1.262785792350769,1.5554518699645996,,3.384999990463257,79.4219970703125,1342.8399658203125,2872.800048828125,21.110000610351562,1346.847392578125,1295.5732495117188,3.648324502409089,,
2012-06-18,83.2699966430664,81.94000244140625,1.27048659324646,1.5715856552124023,,3.3959999084472656,79.052001953125,1344.780029296875,2895.330078125,18.31999969482422,1346.098994140625,1296.4857995605469,3.7250103127005176,,
2012-06-19,84.02999877929688,81.37000274658203,1.2597631216049194,1.5686274766921997,,3.432499885559082,79.0,1357.97998046875,2929.760009765625,18.3799991607666,1346.0867944335937,1297.4113494873047,4.668421546133387,,
2012-06-20,81.80000305175781,81.48999786376953,1.2680699825286865,1.5719810724258423,,3.3864998817443848,79.03399658203125,1355.68994140625,2930.449951171875,17.239999771118164,1345.8263940429688,1298.2463989257812,4.424702624093526,,
2012-06-21,78.19999694824219,82.31999969482422,1.2680699825286865,1.5705984830856323,,3.2950000762939453,79.4209976196289,1325.510009765625,2859.090087890625,20.079999923706055,1344.5851953125,1298.8283990478515,2.0542829782081573,,
2012-06-22,79.76000213623047,82.22000122070312,1.255177617073059,1.5600625276565552,,3.305000066757202,80.0199966430664,1335.02001953125,2892.419921875,18.110000610351562,1343.8803955078124,1299.4234490966796,2.7394126571531427,,
2012-06-25,79.20999908447266,82.45999908447266,1.2537612915039062,1.5583605766296387,,3.313999891281128,80.55999755859375,1313.719970703125,2836.159912109375,20.3799991607666,1342.7633959960938,1299.9715991210937,1.0575901497637712,,
2012-06-26,79.36000061035156,82.37000274658203,1.2504688501358032,1.5566624402999878,,3.315500020980835,79.6500015258789,1319.989990234375,2854.06005859375,19.719999313354492,1341.3475952148438,1300.561099243164,1.4938852932412905,,
2012-06-27,80.20999908447266,82.55999755859375,1.248751163482666,1.5637216567993164,,3.3464999198913574,79.45999908447266,1331.8499755859375,2875.320068359375,19.450000762939453,1340.2817944335939,1301.3865490722656,2.3408438127310265,,
2012-06-28,77.69000244140625,82.66999816894531,1.2473493814468384,1.5571472644805908,,3.3259999752044678,79.68499755859375,1329.0400390625,2849.489990234375,19.709999084472656,1339.3241943359376,1302.3839489746094,2.0467151878581875,,
2012-06-29,84.95999908447266,81.6500015258789,1.2440905570983887,1.5518311262130737,,3.490000009536743,79.31300354003906,1362.1600341796875,2935.050048828125,17.079999923706055,1338.9967944335938,1303.5125988769532,4.4991843848124065,,
2012-07-02,83.75,81.87000274658203,1.2655184268951416,1.5682092905044556,,3.4649999141693115,79.83899688720703,1365.510009765625,2951.22998046875,16.799999237060547,1338.9681958007814,1304.525399169922,4.674850381181385,,
2012-07-03,87.66000366210938,81.77999877929688,1.2581782341003418,1.5691196918487549,,3.5344998836517334,79.44000244140625,1374.02001953125,2976.080078125,16.65999984741211,1339.0091967773437,1305.518599243164,5.247065827158464,,
2012-07-04,87.66000366210938,81.77999877929688,1.2605571746826172,1.5691196918487549,,3.5344998836517334,79.83999633789062,1374.02001953125,2976.080078125,16.65999984741211,1338.6757983398438,1306.6333990478515,5.157270626367223,,
2012-07-05,87.22000122070312,82.80999755859375,1.2516272068023682,1.5584092140197754,,3.48799991607666,79.94000244140625,1367.5799560546875,2976.1201171875,17.5,1338.0277978515626,1307.6692987060546,4.581483820711763,,
2012-07-06,84.44999694824219,83.29000091552734,1.2391574382781982,1.5530362129211426,,3.4045000076293945,79.86000061035156,1354.6800537109375,2937.330078125,17.100000381469727,1337.05419921875,1308.7855987548828,3.5066442509542064,,
2012-07-09,85.98999786376953,83.16000366210938,1.227144479751587,1.5479875802993774,,3.4260001182556152,79.47799682617188,1352.4599609375,2931.77001953125,17.979999542236328,1336.1451977539064,1310.0517486572267,3.237140236921236,,
2012-07-10,83.91000366210938,83.36000061035156,1.2318304777145386,1.5530362129211426,,3.3929998874664307,79.55799865722656,1341.469970703125,2902.330078125,18.719999313354492,1334.8581982421874,1311.1393487548828,2.3133026994457553,,
2012-07-11,85.80999755859375,83.56999969482422,1.2256402969360352,1.5518311262130737,,3.443000078201294,79.3499984741211,1341.449951171875,2887.97998046875,17.950000762939453,1333.64099609375,1312.1264483642578,2.2348076928235727,,
2012-07-12,86.08000183105469,83.6500015258789,1.2247247695922852,1.5511090755462646,,3.4114999771118164,79.61000061035156,1334.760009765625,2866.18994140625,18.329999923706055,1332.5047973632813,1312.9753985595703,1.6591789328234186,,
2012-07-13,87.0999984741211,83.30000305175781,1.2192742824554443,1.5427337884902954,,3.500499963760376,79.30999755859375,1356.780029296875,2908.469970703125,16.739999771118164,1332.2583984375,1313.9819989013672,3.257124559643255,,
2012-07-16,88.43000030517578,83.08999633789062,1.2248897552490234,1.5583605766296387,,3.4809999465942383,79.16999816894531,1353.6400146484375,2896.93994140625,17.110000610351562,1331.939599609375,1314.7757489013673,2.9559615607106697,,
2012-07-17,89.22000122070312,83.02999877929688,1.2268433570861816,1.5625,,3.453000068664551,78.81999969482422,1363.6700439453125,2910.0400390625,16.479999542236328,1331.9386010742187,1315.6163989257811,3.652557467265369,,
2012-07-18,89.87000274658203,82.94999694824219,1.2295585870742798,1.5664160251617432,,3.4730000495910645,79.09600067138672,1372.780029296875,2942.60009765625,16.15999984741211,1332.3026025390625,1316.4440490722657,4.279405589953545,,
2012-07-19,92.66000366210938,82.9000015258789,1.2277470827102661,1.5647003650665283,,3.5339999198913574,78.79900360107422,1376.510009765625,2965.89990234375,15.449999809265137,1332.6730029296875,1317.3082989501954,4.494142401031656,,
2012-07-20,91.44000244140625,83.47000122070312,1.2276867628097534,1.5718327760696411,,3.448499917984009,78.73999786376953,1362.6600341796875,2925.300048828125,16.270000457763672,1332.8584033203124,1317.9986993408204,3.388571996406664,,
2012-07-23,88.13999938964844,83.70999908447266,1.2127091884613037,1.5607929229736328,,3.381500005722046,78.44999694824219,1350.52001953125,2890.14990234375,18.6200008392334,1333.1018041992188,1318.7469995117187,2.4093340141282282,,
2012-07-24,88.5,84.01000213623047,1.212415099143982,1.5518311262130737,,3.3529999256134033,78.31099700927734,1338.31005859375,2862.989990234375,20.469999313354492,1333.2548046875,1319.3116497802735,1.4400243351630118,,
2012-07-25,88.97000122070312,83.5199966430664,1.2061853408813477,1.550147294998169,,3.375,78.10700225830078,1337.8900146484375,2854.239990234375,19.34000015258789,1333.5166040039062,1319.9516998291015,1.3590129715851391,,
2012-07-26,89.38999938964844,82.80999755859375,1.2140341997146606,1.5487068891525269,,3.3940000534057617,78.10299682617188,1360.02001953125,2893.25,17.530000686645508,1334.6198046875,1320.6748498535155,2.9791715714203613,,
2012-07-27,90.12999725341797,82.70999908447266,1.2280486822128296,1.5686274766921997,,3.4260001182556152,78.3239974975586,1385.969970703125,2958.090087890625,16.700000762939453,1336.4348046875,1321.4134497070313,4.885414251717086,,
2012-07-30,89.77999877929688,82.79000091552734,1.230466365814209,1.5728216171264648,,3.4149999618530273,78.5,1385.300048828125,2945.840087890625,18.030000686645508,1337.821005859375,1322.0690002441406,4.782734378637406,,
2012-07-31,88.05999755859375,82.63999938964844,1.2259409427642822,1.5713387727737427,,3.4195001125335693,78.10099792480469,1379.3199462890625,2939.52001953125,18.93000030517578,1339.0748046875,1322.8203497314453,4.271146612545505,,
2012-08-01,88.91000366210938,83.05999755859375,1.2294074296951294,1.566784143447876,,3.376499891281128,78.12000274658203,1375.3199462890625,2920.2099609375,18.959999084472656,1340.20400390625,1323.4869494628906,3.9163965196035537,,
2012-08-02,87.12999725341797,83.33000183105469,1.2241400480270386,1.5544847249984741,,3.2925000190734863,78.37999725341797,1365.0,2909.77001953125,17.56999969482422,1341.0904028320313,1323.8889996337891,3.1053207918173573,,
2012-08-03,91.4000015258789,82.37999725341797,1.218026876449585,1.5515903234481812,,3.371000051498413,78.22000122070312,1390.989990234375,2967.89990234375,15.640000343322754,1342.5538037109375,1324.4184997558593,5.026469389455624,,
2012-08-06,92.19999694824219,82.2699966430664,1.2428536415100098,1.5654107332229614,,3.3929998874664307,78.61000061035156,1394.22998046875,2989.909912109375,15.949999809265137,1344.0820043945312,1325.1231494140625,5.215125181779889,,
2012-08-07,93.66999816894531,82.20999908447266,1.2390038967132568,1.558797836303711,,3.444999933242798,78.19999694824219,1401.3499755859375,3015.860107421875,15.989999771118164,1345.4606030273437,1326.0384991455078,5.679433627979884,,
2012-08-08,93.3499984741211,82.38999938964844,1.2386969327926636,1.5616215467453003,,3.427500009536743,78.61000061035156,1402.219970703125,3011.25,15.319999694824219,1347.238603515625,1326.860098876953,5.679564250214177,,
2012-08-09,93.36000061035156,82.63999938964844,1.237332820892334,1.5670297145843506,,3.437000036239624,78.4000015258789,1402.800048828125,3018.639892578125,15.279999732971191,1349.0880053710937,1327.5683489990233,5.6668795912335375,,
2012-08-10,92.87000274658203,82.55000305175781,1.2294074296951294,1.563110589981079,,3.4089999198913574,78.61000061035156,1405.8699951171875,3020.860107421875,14.739999771118164,1351.6446044921875,1328.3315490722657,5.837281068802156,,
2012-08-13,92.7300033569336,82.44000244140625,1.2277169227600098,1.5669069290161133,,3.3585000038146973,78.25,1404.1099853515625,3022.52001953125,13.699999809265137,1354.163203125,1329.0464990234375,5.647920248334462,,
2012-08-14,93.43000030517578,82.4800033569336,1.2327415943145752,1.56788969039917,,3.359499931335449,78.33000183105469,1403.9300537109375,3016.97998046875,14.850000381469727,1356.5318041992186,1329.6865490722657,5.583534306673413,,
2012-08-15,94.33000183105469,82.6500015258789,1.2325897216796875,1.5676438808441162,,3.3515000343322754,78.81500244140625,1405.530029296875,3030.929931640625,14.630000114440918,1358.3398046875,1330.5686993408203,5.633781254075149,,
2012-08-16,95.5999984741211,82.36000061035156,1.2289540767669678,1.568135380744934,,3.385999917984009,78.98999786376953,1415.510009765625,3062.389892578125,14.289999961853027,1360.350205078125,1331.447749633789,6.313598123167585,,
2012-08-17,96.01000213623047,82.5999984741211,1.2357884645462036,1.573564052581787,,3.421999931335449,79.25,1418.1600341796875,3076.590087890625,13.449999809265137,1362.200205078125,1332.219299926758,6.450944995141144,,
2012-08-20,95.97000122070312,82.45999908447266,1.233258605003357,1.568873643875122,,3.373500108718872,79.51000213623047,1418.1300048828125,3076.2099609375,14.020000457763672,1364.3842041015625,1333.0510498046874,6.382272838732655,,
2012-08-21,96.68000030517578,81.91000366210938,1.2353304624557495,1.571091890335083,,3.4565000534057617,79.33000183105469,1413.1700439453125,3067.260009765625,15.020000457763672,1366.16400390625,1333.8278497314452,5.9484583583887645,,
2012-08-22,97.26000213623047,81.48999786376953,1.2476606369018555,1.577909231185913,,3.4600000381469727,79.24199676513672,1413.489990234375,3073.669921875,15.109999656677246,1368.1362036132812,1334.7107495117189,5.902345564495992,,
2012-08-23,96.2699966430664,81.36000061035156,1.2534469366073608,1.5883604288101196,,3.496000051498413,78.53900146484375,1402.0799560546875,3053.39990234375,15.960000038146973,1369.5958032226563,1335.6404992675782,4.974351767825439,,
2012-08-24,96.1500015258789,81.58999633789062,1.2561235427856445,1.5857913494110107,,3.48799991607666,78.5999984741211,1411.1300048828125,3069.7900390625,15.180000305175781,1370.9616040039064,1336.6178991699219,5.574675137835935,,
2012-08-27,95.47000122070312,81.66000366210938,1.250437617301941,1.5803030729293823,,3.484499931335449,78.7300033569336,1410.43994140625,3073.18994140625,16.350000381469727,1372.2748022460937,1337.7051989746094,5.437277397695241,,
2012-08-28,96.33000183105469,81.37000274658203,1.250156283378601,1.579279899597168,,3.4700000286102295,78.75,1409.300048828125,3077.139892578125,16.489999771118164,1373.3012036132814,1338.8114990234376,5.265009290411945,,
2012-08-29,95.48999786376953,81.55000305175781,1.257228970527649,1.5826040506362915,,3.4625000953674316,78.56999969482422,1410.489990234375,3081.18994140625,17.059999465942383,1374.3972045898438,1340.054998779297,5.256126914137087,,
2012-08-30,94.62000274658203,81.68000030517578,1.2531328201293945,1.5827794075012207,,3.440500020980835,78.72000122070312,1399.47998046875,3048.7099609375,17.829999923706055,1375.8766040039063,1341.2434484863281,4.341980723048095,,
2012-08-31,96.47000122070312,81.25,1.2510946989059448,1.5790305137634277,,3.4539999961853027,78.52999877929688,1406.5799560546875,3066.9599609375,17.469999313354492,1377.307802734375,1342.482998046875,4.774507990124607,,
2012-09-03,96.47000122070312,81.25,1.257703423500061,1.5873016119003296,,3.4539999961853027,78.29000091552734,1406.5799560546875,3066.9599609375,17.469999313354492,1379.1650024414062,1343.5531475830078,4.691054357251303,,
2012-09-04,95.30000305175781,81.31999969482422,1.2586532831192017,1.5880577564239502,,3.4684998989105225,78.33899688720703,1404.93994140625,3075.06005859375,17.979999542236328,1380.8640014648438,1344.6018975830077,4.487428132572405,,
2012-09-05,95.36000061035156,81.23999786376953,1.2534469366073608,1.5865461826324463,,3.5320000648498535,78.47000122070312,1403.43994140625,3069.27001953125,17.739999771118164,1382.29580078125,1345.3842974853515,4.3151718084869835,,
2012-09-06,95.52999877929688,81.08000183105469,1.2602394819259644,1.5905836820602417,,3.5234999656677246,78.41999816894531,1432.1199951171875,3135.81005859375,15.600000381469727,1384.3573999023438,1346.321997680664,6.372769484887672,,
2012-09-07,96.41999816894531,80.25,1.2632642984390259,1.5933715105056763,,3.6559998989105225,78.88999938964844,1437.9200439453125,3136.419921875,14.380000114440918,1385.8726000976562,1347.2901977539063,6.726824431922457,,
2012-09-10,96.54000091552734,80.36000061035156,1.2795906066894531,1.600819706916809,,3.700000047683716,78.21900177001953,1429.0799560546875,3104.02001953125,16.280000686645508,1387.1439990234376,1348.1501977539062,6.003022395843933,,
2012-09-11,97.16999816894531,79.86000061035156,1.2761613130569458,1.599206805229187,,3.7144999504089355,78.22599792480469,1433.56005859375,3104.530029296875,16.40999984741211,1388.3347998046875,1349.0256481933593,6.266330852463835,,
2012-09-12,97.01000213623047,79.73999786376953,1.2851818799972534,1.607200264930725,,3.7100000381469727,77.75,1436.56005859375,3114.31005859375,15.800000190734863,1389.5856005859375,1349.9033984375,6.419471219685362,,
2012-09-13,98.30999755859375,79.26000213623047,1.2903226613998413,1.610824704170227,,3.7269999980926514,77.83000183105469,1459.989990234375,3155.830078125,14.050000190734863,1391.4338012695312,1351.0315985107422,8.064829264077824,,
2012-09-14,99.0,78.8499984741211,1.299376368522644,1.615508794784546,,3.8515000343322754,77.64800262451172,1465.77001953125,3183.949951171875,14.510000228881836,1393.6556005859375,1352.0844989013672,8.408166850685568,,
2012-09-17,96.62000274658203,79.01000213623047,1.3116475343704224,1.6225864887237549,,3.809999942779541,78.33300018310547,1461.18994140625,3178.669921875,14.59000015258789,1395.8302001953125,1353.2080987548827,7.979692314192016,,
2012-09-18,95.29000091552734,79.25,1.3110111951828003,1.6246954202651978,,3.802500009536743,78.6729965209961,1459.3199462890625,3177.800048828125,14.180000305175781,1398.1871997070311,1354.3760485839844,7.748505137461505,,
2012-09-19,91.9800033569336,79.05999755859375,1.3046314716339111,1.6244314908981323,,3.8289999961853027,78.7699966430664,1461.050048828125,3182.6201171875,13.880000114440918,1400.5792016601563,1355.6221990966797,7.77708197768503,,
2012-09-20,91.87000274658203,79.41000366210938,1.3058239221572876,1.6231131553649902,,3.7725000381469727,78.39700317382812,1460.260009765625,3175.9599609375,14.069999694824219,1403.0892016601563,1356.8447491455079,7.621746016649608,,
2012-09-21,92.88999938964844,79.33000183105469,1.2973533868789673,1.6221915483474731,,3.803499937057495,78.19999694824219,1460.1500244140625,3179.9599609375,13.979999542236328,1405.1566015625,1358.0471990966796,7.518356165035923,,
2012-09-24,91.93000030517578,79.5199966430664,1.2968486547470093,1.6231131553649902,,3.745500087738037,78.08000183105469,1456.8900146484375,3160.780029296875,14.149999618530273,1407.2216015625,1359.3048992919921,7.179045364088189,,
2012-09-25,91.37000274658203,79.55000305175781,1.2941633462905884,1.6225864887237549,,3.7734999656677246,77.86399841308594,1441.5899658203125,3117.72998046875,15.430000305175781,1408.78,1360.306348876953,5.9753905442304145,,
2012-09-26,89.9800033569336,79.88999938964844,1.2900062799453735,1.6194331645965576,,3.7139999866485596,77.72799682617188,1433.3199462890625,3093.699951171875,16.809999465942383,1409.9907983398436,1361.2543487548828,5.294058204485951,,
2012-09-27,91.8499984741211,79.55000305175781,1.2881617546081543,1.617861270904541,,3.747999906539917,77.697998046875,1447.1500244140625,3136.60009765625,14.84000015258789,1411.4035986328124,1362.2200988769532,6.2346698310447435,,
2012-09-28,92.19000244140625,79.94000244140625,1.2913223505020142,1.6232975721359253,,3.7730000019073486,77.61000061035156,1440.6700439453125,3116.22998046875,15.729999542236328,1412.963798828125,1363.0967993164063,5.69095640660364,,
2012-10-01,92.4800033569336,79.81999969482422,1.2809016704559326,1.6124871969223022,,3.7929999828338623,77.95899963378906,1444.489990234375,3113.530029296875,16.31999969482422,1414.8431982421876,1363.9925994873047,5.901600256286401,,
2012-10-02,91.88999938964844,79.73999786376953,1.2888258695602417,1.6129032373428345,,3.806999921798706,78.04100036621094,1445.75,3120.0400390625,15.710000038146973,1416.9919970703124,1364.89419921875,5.9239610533571785,,
2012-10-03,88.13999938964844,79.97000122070312,1.2916558980941772,1.6131634712219238,,3.7939999103546143,78.21499633789062,1450.989990234375,3135.22998046875,15.430000305175781,1419.2539965820313,1365.9009490966796,6.229517681642135,,
2012-10-04,91.70999908447266,79.3499984741211,1.2923235893249512,1.610046625137329,,3.7939999103546143,78.41500091552734,1461.4000244140625,3149.4599609375,14.550000190734863,1421.2815966796875,1366.8928491210938,6.914014902758206,,
2012-10-05,89.87999725341797,79.33999633789062,1.3017443418502808,1.6186468601226807,,3.7860000133514404,78.48400115966797,1460.9300537109375,3136.18994140625,14.329999923706055,1422.7807983398438,1367.9094995117186,6.800197983303935,,
2012-10-08,89.33000183105469,79.54000091552734,1.301574945449829,1.6138923168182373,,3.7269999980926514,78.7020034790039,1455.8800048828125,3112.35009765625,15.109999656677246,1424.1923974609374,1368.9008996582031,6.353937326385492,,
2012-10-09,92.38999938964844,79.94999694824219,1.2976900339126587,1.60341215133667,,3.7290000915527344,78.28600311279297,1441.47998046875,3065.02001953125,16.3700008392334,1425.4355981445312,1369.7229992675782,5.238795087732475,,
2012-10-10,91.25,79.91999816894531,1.2858428955078125,1.599692940711975,,3.7290000915527344,78.21900177001953,1432.56005859375,3051.780029296875,16.290000915527344,1426.580400390625,1370.4992993164062,4.528332069071409,,
2012-10-11,92.06999969482422,79.77999877929688,1.2858428955078125,1.6007683277130127,,3.759000062942505,78.07499694824219,1432.8399658203125,3049.409912109375,15.59000015258789,1427.9371997070311,1371.258198852539,4.490895078644184,,
2012-10-12,91.86000061035156,79.69000244140625,1.293326497077942,1.6045955419540405,,3.7144999504089355,78.4020004272461,1428.5899658203125,3044.110107421875,16.139999389648438,1428.68919921875,1372.0120983886718,4.123714907331158,,
2012-10-15,91.8499984741211,79.73999786376953,1.2943308353424072,1.605909824371338,,3.7114999294281006,78.46800231933594,1440.1300048828125,3064.179931640625,15.270000457763672,1429.6071997070312,1372.8092486572266,4.903868202478512,,
2012-10-16,92.08999633789062,79.37000274658203,1.2968486547470093,1.6081048250198364,,3.7079999446868896,78.78900146484375,1454.9200439453125,3101.169921875,15.220000267028809,1430.6786010742187,1373.6234490966797,5.91840470560509,,
2012-10-17,92.12000274658203,79.0199966430664,1.3107877969741821,1.6130073070526123,,3.752500057220459,78.82499694824219,1460.9100341796875,3104.1201171875,15.069999694824219,1431.85240234375,1374.4655993652343,6.289312359245337,,
2012-10-18,92.0999984741211,79.37000274658203,1.3116475343704224,1.6137100458145142,,3.746999979019165,79.05999755859375,1457.3399658203125,3072.8701171875,15.029999732971191,1432.9432006835937,1375.2747991943359,5.967183189428912,,
2012-10-19,90.05000305175781,79.63999938964844,1.3069161176681519,1.605703353881836,,3.6484999656677246,79.30799865722656,1433.18994140625,3005.6201171875,17.059999465942383,1433.489599609375,1375.9952990722657,4.156601579420116,,
2012-10-22,88.7300033569336,79.6500015258789,1.3022528886795044,1.5997952222824097,,3.625499963760376,79.25700378417969,1433.8199462890625,3016.9599609375,16.6200008392334,1434.083798828125,1376.7189489746095,4.147614686133453,,
2012-10-23,86.66999816894531,79.9800033569336,1.3070186376571655,1.6022816896438599,,3.5759999752044678,79.98999786376953,1413.1099853515625,2990.4599609375,18.829999923706055,1434.2673974609374,1377.3161486816407,2.5988104985324876,,
2012-10-24,85.7300033569336,79.97000122070312,1.2973533868789673,1.5948964357376099,,3.5759999752044678,79.81999969482422,1408.75,2981.699951171875,18.329999923706055,1434.331796875,1377.8196984863282,2.244872935671612,,
2012-10-25,86.05000305175781,80.04000091552734,1.2965123653411865,1.6031550168991089,,3.564500093460083,79.83799743652344,1412.969970703125,2986.1201171875,18.1200008392334,1434.28099609375,1378.3120483398438,2.5145192922768183,,
2012-10-26,86.27999877929688,80.06999969482422,1.2938284873962402,1.6118113994598389,,3.563499927520752,80.23500061035156,1411.93994140625,2987.949951171875,17.809999465942383,1434.1565942382813,1378.7948480224609,2.403917698947565,,
2012-10-29,86.27999877929688,80.06999969482422,1.2924071550369263,1.6095284223556519,,3.563499927520752,79.6500015258789,1411.93994140625,2987.949951171875,17.809999465942383,1434.03279296875,1379.2745477294923,2.3683025058738467,,
2012-10-30,86.27999877929688,80.06999969482422,1.2908222675323486,1.603078007698059,,3.563499927520752,79.76399993896484,1411.93994140625,2987.949951171875,17.809999465942383,1434.0081909179687,1379.760997314453,2.3322114594070658,,
2012-10-31,86.23999786376953,79.91999816894531,1.2962603569030762,1.6074585914611816,,3.5269999504089355,79.68399810791016,1412.1600341796875,2977.22998046875,18.600000381469727,1433.981591796875,1380.1914971923827,2.3162392358115467,,
2012-11-01,87.08999633789062,80.05000305175781,1.2965123653411865,1.6134237051010132,,3.555000066757202,79.86000061035156,1427.5899658203125,3020.06005859375,16.690000534057617,1434.4917919921875,1380.7372967529298,3.3933079940381012,,
2012-11-02,84.86000061035156,80.58999633789062,1.2948336601257324,1.6134237051010132,,3.4830000400543213,80.22000122070312,1414.199951171875,2982.1298828125,17.59000015258789,1434.5531909179688,1381.2266467285156,2.3872479235365085,,
2012-11-05,85.6500015258789,80.75,1.2827913761138916,1.6021019220352173,,3.4704999923706055,80.5,1417.260009765625,2999.659912109375,18.420000076293945,1434.6895922851563,1381.7478967285156,2.57008627414519,,
2012-11-06,88.70999908447266,80.61000061035156,1.2802459001541138,1.5984655618667603,,3.50600004196167,80.16000366210938,1428.3900146484375,3011.929931640625,17.579999923706055,1435.0713916015625,1382.3277966308594,3.332221064341271,,
2012-11-07,84.44000244140625,80.76000213623047,1.2808033227920532,1.5992324352264404,,3.443000078201294,80.29000091552734,1394.530029296875,2937.2900390625,19.079999923706055,1434.7521923828126,1382.6799969482422,0.8570336140529541,,
2012-11-08,85.08999633789062,80.79000091552734,1.2759984731674194,1.5982099771499634,,3.4704999923706055,79.97000122070312,1377.510009765625,2895.580078125,18.489999771118164,1434.31279296875,1382.9398468017578,-0.39263002282348186,,
2012-11-09,86.06999969482422,81.02999877929688,1.274534821510315,1.5977503061294556,,3.44950008392334,79.47899627685547,1379.8499755859375,2904.8701171875,18.610000610351562,1433.778193359375,1383.1145965576172,-0.236034019148155,,
2012-11-12,85.56999969482422,81.04000091552734,1.272394061088562,1.5894207954406738,,3.4730000495910645,79.45999908447266,1380.030029296875,2904.25,16.68000030517578,1433.2471948242187,1383.2930969238282,-0.23589126803348015,,
2012-11-13,85.37999725341797,81.08000183105469,1.2709709405899048,1.5878056287765503,,3.4730000495910645,79.5979995727539,1374.530029296875,2883.889892578125,16.649999618530273,1432.6389965820313,1383.430496826172,-0.6433621023763884,,
2012-11-14,86.31999969482422,81.05999755859375,1.2709709405899048,1.5878056287765503,,3.4554998874664307,79.45999908447266,1355.489990234375,2846.81005859375,17.920000076293945,1431.6799975585936,1383.4581469726563,-2.0216120595684424,,
2012-11-15,85.44999694824219,81.08000183105469,1.273236632347107,1.5841082334518433,,3.4644999504089355,80.19999694824219,1353.3299560546875,2836.93994140625,17.989999771118164,1430.1041967773438,1383.4650469970702,-2.1782329093021544,,
2012-11-16,86.66999816894531,81.26000213623047,1.2784454822540283,1.5865461826324463,,3.4535000324249268,81.12000274658203,1359.8800048828125,2853.1298828125,16.40999984741211,1428.5433959960938,1383.5512469482421,-1.710904609976847,,
2012-11-19,89.27999877929688,80.87000274658203,1.2759497165679932,1.5905585289001465,,3.5274999141693115,81.5260009765625,1386.8900146484375,2916.070068359375,15.239999771118164,1427.6995971679687,1383.7268469238281,0.22859769842880653,,
2012-11-20,86.75,80.95999908447266,1.276943564414978,1.5894207954406738,,3.515000104904175,81.3499984741211,1387.81005859375,2916.679931640625,15.079999923706055,1426.7845971679687,1383.913397216797,0.28156829645479636,,
2012-11-21,87.37999725341797,80.93000030517578,1.281443476676941,1.592610239982605,,3.496000051498413,81.75499725341797,1391.030029296875,2926.550048828125,15.3100004196167,1425.8739965820312,1384.1523974609374,0.4968840026975179,,
2012-11-22,87.37999725341797,80.93000030517578,1.2865046262741089,1.5969338417053223,,3.496000051498413,82.5739974975586,1391.030029296875,2926.550048828125,15.3100004196167,1424.4947973632814,1384.3173474121095,0.48490917904875164,,
2012-11-23,88.27999877929688,80.19000244140625,1.2875149250030518,1.5941334962844849,,3.5274999141693115,82.35900115966797,1409.1500244140625,2966.85009765625,15.140000343322754,1423.3623974609375,1384.556947631836,1.7762416218625607,,
2012-11-26,87.73999786376953,80.25,1.2965964078903198,1.6027952432632446,,3.5360000133514404,82.5459976196289,1406.2900390625,2976.780029296875,15.5,1422.2643994140626,1384.7822479248048,1.553153296839715,,
2012-11-27,87.18000030517578,80.4000015258789,1.298701286315918,1.603334903717041,,3.5364999771118164,81.87300109863281,1398.93994140625,2967.7900390625,15.920000076293945,1421.0567993164063,1384.9658978271484,1.0089810587412478,,
2012-11-28,86.48999786376953,80.33999633789062,1.2938284873962402,1.6023072004318237,,3.5220000743865967,82.08000183105469,1409.9300537109375,2991.780029296875,15.510000228881836,1420.0343994140626,1385.2272479248047,1.7833034849076075,,
2012-11-29,88.06999969482422,80.19999694824219,1.2953367233276367,1.6015374660491943,,3.5885000228881836,82.1500015258789,1415.949951171875,3012.030029296875,15.0600004196167,1419.1481982421874,1385.4896978759766,2.1985189310750877,,
2012-11-30,88.91000366210938,80.1500015258789,1.2973533868789673,1.6041065454483032,,3.629499912261963,82.1510009765625,1416.1800537109375,3010.239990234375,15.869999885559082,1418.268798828125,1385.7418981933595,2.196524154841628,,
2012-12-03,89.08999633789062,79.87999725341797,1.299680233001709,1.6023072004318237,,3.640000104904175,82.45600128173828,1409.4599609375,3002.199951171875,16.639999389648438,1417.3201977539063,1385.9512481689453,1.696214985888812,,
2012-12-04,88.5,79.63999938964844,1.299680233001709,1.6097874641418457,,3.633500099182129,82.13300323486328,1407.050048828125,2996.68994140625,17.1200008392334,1416.6293994140624,1386.1255981445313,1.509563831127799,,
2012-12-05,87.87999725341797,79.7699966430664,1.3099292516708374,1.6100986003875732,,3.6670000553131104,81.81600189208984,1409.280029296875,2973.699951171875,16.459999084472656,1416.1486010742187,1386.343598022461,1.6544550216217289,,
2012-12-06,86.26000213623047,80.26000213623047,1.3070186376571655,1.6093212366104126,,3.627000093460083,82.43599700927734,1413.93994140625,2989.27001953125,16.579999923706055,1415.4843994140624,1386.5428479003906,1.9759283708647144,,
2012-12-07,85.93000030517578,80.41999816894531,1.2963443994522095,1.6050076484680176,,3.6475000381469727,82.43000030517578,1418.0699462890625,2978.0400390625,15.899999618530273,1415.0323974609375,1386.7850476074218,2.2559299103790877,,
2012-12-10,85.55999755859375,80.33000183105469,1.2906056642532349,1.603566288948059,,3.690500020980835,82.55999755859375,1418.550048828125,2986.9599609375,16.049999237060547,1414.5135986328125,1387.056148071289,2.270557021114714,,
2012-12-11,85.79000091552734,80.05999755859375,1.2938284873962402,1.6074068546295166,,3.6710000038146973,82.3499984741211,1427.8399658203125,3022.300048828125,15.569999694824219,1414.1553979492187,1387.4785479736329,2.908975991421716,,
2012-12-12,86.7699966430664,79.88999938964844,1.3013207912445068,1.6118632555007935,,3.700000047683716,82.5199966430664,1428.47998046875,3013.81005859375,15.949999809265137,1413.7051977539063,1387.8577978515625,2.926970088727506,,
2012-12-13,85.88999938964844,79.93000030517578,1.3066771030426025,1.613684058189392,,3.6445000171661377,83.20999908447266,1419.449951171875,2992.159912109375,16.559999465942383,1412.8661962890626,1388.1254974365233,2.256600991279181,,
2012-12-14,86.7300033569336,79.5999984741211,1.3078734874725342,1.6116034984588623,,3.6649999618530273,83.66699981689453,1413.5799560546875,2971.330078125,17.0,1411.9191943359374,1388.339047241211,1.8180651810977437,,
2012-12-17,87.19999694824219,79.56999969482422,1.3165863752365112,1.6175994873046875,,3.6489999294281006,84.15799713134766,1430.3599853515625,3010.60009765625,16.34000015258789,1411.4087939453125,1388.6353973388673,3.0047187398978,,
2012-12-18,87.93000030517578,79.36000061035156,1.316482424736023,1.6204829216003418,,3.6364998817443848,83.90299987792969,1446.7900390625,3054.530029296875,15.569999694824219,1411.5149951171875,1388.8895977783204,4.16882964468865,,
2012-12-19,89.51000213623047,79.25,1.323101282119751,1.6249593496322632,,3.5950000286102295,84.36100006103516,1435.81005859375,3044.360107421875,17.360000610351562,1411.5799951171875,1389.0972479248046,3.362817883249746,,
2012-12-20,90.12999725341797,79.26000213623047,1.3215277194976807,1.6252235174179077,,3.5250000953674316,84.22599792480469,1443.68994140625,3050.389892578125,17.670000076293945,1411.7969946289063,1389.3026977539062,3.914715183398983,,
2012-12-21,88.66000366210938,79.62000274658203,1.323766827583313,1.6273393630981445,,3.555500030517578,84.41999816894531,1430.1500244140625,3021.010009765625,17.84000015258789,1411.8281958007813,1389.43259765625,2.930507519867915,,
2012-12-24,88.61000061035156,79.63999938964844,1.3182003498077393,1.6156916618347168,,3.5339999198913574,84.41000366210938,1426.6600341796875,3012.60009765625,17.84000015258789,1411.5587963867188,1389.5171478271484,2.6730786597791285,,
2012-12-25,88.61000061035156,79.63999938964844,1.3180439472198486,1.6131634712219238,,3.5339999198913574,84.83999633789062,1426.6600341796875,3012.60009765625,17.84000015258789,1410.9935961914061,1389.6228479003905,2.6652689494316544,,
2012-12-26,90.9800033569336,79.62000274658203,1.3180439472198486,1.613684058189392,,3.5829999446868896,85.0,1419.8299560546875,2990.159912109375,19.479999542236328,1410.1719946289063,1389.707547607422,2.1675357883121205,,
2012-12-27,90.87000274658203,79.62000274658203,1.3225764036178589,1.6126431226730347,,3.5899999141693115,85.66799926757812,1418.0999755859375,2985.909912109375,19.469999313354492,1409.3871948242188,1389.8341473388673,2.033755488105623,,
2012-12-28,90.80000305175781,79.68000030517578,1.3250298500061035,1.6116034984588623,,3.577500104904175,86.50700378417969,1402.4300537109375,2960.31005859375,22.719999313354492,1408.7719970703124,1389.860747680664,0.9043572207682402,,
2012-12-31,91.81999969482422,79.7699966430664,1.3227688074111938,1.616292119026184,,3.6410000324249268,85.95999908447266,1426.18994140625,3019.510009765625,18.020000457763672,1408.6193969726562,1389.9091473388671,2.610299683029386,,
2013-01-01,91.81999969482422,79.7699966430664,1.3201320171356201,1.6236402988433838,,3.6410000324249268,86.72000122070312,1426.18994140625,3019.510009765625,18.020000457763672,1408.88099609375,1389.977496948242,2.6052540086090556,,
2013-01-02,93.12000274658203,79.8499984741211,1.3197835683822632,1.6246954202651978,,3.7244999408721924,86.5999984741211,1462.4200439453125,3112.260009765625,14.680000305175781,1409.9543969726562,1390.2618969726564,5.190255672674553,,
2013-01-03,92.91999816894531,80.43000030517578,1.3182177543640137,1.6252498626708984,,3.7014999389648438,87.2750015258789,1459.3699951171875,3100.570068359375,14.5600004196167,1410.8823974609375,1390.5423468017577,4.949698114101531,,
2013-01-04,93.08999633789062,80.5,1.3032711744308472,1.608234167098999,,3.678499937057495,87.73999786376953,1466.469970703125,3101.659912109375,13.829999923706055,1411.972998046875,1390.832346801758,5.4382991649063275,,
2013-01-07,93.19000244140625,80.26000213623047,1.3067454099655151,1.606787085533142,,3.6630001068115234,88.197998046875,1461.8900146484375,3098.81005859375,13.789999961853027,1412.9719995117186,1391.0465966796876,5.092814154309947,,
2013-01-08,93.1500015258789,80.3499984741211,1.312508225440979,1.6122010946273804,,3.6570000648498535,87.25299835205078,1457.1500244140625,3091.81005859375,13.619999885559082,1413.876201171875,1391.2654467773436,4.7355864252454865,,
2013-01-09,93.0999984741211,80.55999755859375,1.3082326650619507,1.6061676740646362,,3.6565001010894775,86.86799621582031,1461.02001953125,3105.81005859375,13.8100004196167,1414.8534008789063,1391.5757470703124,4.990333627697863,,
2013-01-10,93.81999969482422,79.73999786376953,1.305483102798462,1.6015374660491943,,3.694499969482422,88.13300323486328,1472.1199951171875,3121.760009765625,13.489999771118164,1415.7440014648437,1391.945947265625,5.75985353519356,,
2013-01-11,93.55999755859375,79.55999755859375,1.327316164970398,1.616292119026184,,3.6394999027252197,89.24600219726562,1472.050048828125,3125.6298828125,13.359999656677246,1416.9010034179687,1392.3157977294923,5.726736077307945,,
2013-01-14,94.13999938964844,79.48999786376953,1.3362016677856445,1.6126950979232788,,3.619499921798706,89.52300262451172,1470.6800537109375,3117.5,13.520000457763672,1417.969404296875,1392.7581982421875,5.5947870611780175,,
2013-01-15,93.27999877929688,79.77999877929688,1.3377926349639893,1.6077170372009277,,3.622999906539917,89.45999908447266,1472.3399658203125,3110.780029296875,13.550000190734863,1418.8484033203124,1393.3269482421874,5.670816722364223,,
2013-01-16,94.23999786376953,79.80000305175781,1.330849051475525,1.6074585914611816,,3.5910000801086426,88.75,1472.6300048828125,3117.5400390625,13.420000076293945,1420.4104028320312,1393.8465484619142,5.652233131963812,,
2013-01-17,95.48999786376953,79.6500015258789,1.32908034324646,1.600256085395813,,3.6470000743865967,88.62999725341797,1480.93994140625,3136.0,13.569999694824219,1422.4790014648438,1394.3133984375,6.212845911530779,,
2013-01-18,95.55999755859375,80.05000305175781,1.3372559547424316,1.5976994037628174,,3.6635000705718994,89.82099914550781,1485.97998046875,3134.7099609375,12.460000038146973,1424.6016015625,1394.8919982910156,6.530110022090092,,
2013-01-21,95.55999755859375,80.05000305175781,1.3320013284683228,1.5855399370193481,,3.6635000705718994,90.18099975585938,1485.97998046875,3134.7099609375,12.460000038146973,1426.7206005859375,1395.474048461914,6.485676470056273,,
2013-01-22,96.23999786376953,79.87000274658203,1.3311502933502197,1.5837820768356323,,3.690999984741211,89.5999984741211,1492.56005859375,3143.179931640625,12.430000305175781,1429.081201171875,1395.9829486083984,6.918215590070469,,
2013-01-23,95.2300033569336,79.91999816894531,1.331398367881775,1.5839076042175293,,3.6710000038146973,88.52899932861328,1494.81005859375,3153.669921875,12.460000038146973,1431.8676025390625,1396.531298828125,7.037347451367102,,
2013-01-24,95.94999694824219,79.94999694824219,1.330849051475525,1.5832804441452026,,3.6644999980926514,88.58000183105469,1494.8199462890625,3130.3798828125,12.6899995803833,1434.69740234375,1397.1207983398438,6.99289195789739,,
2013-01-25,95.87999725341797,79.75,1.3369340896606445,1.5782828330993652,,3.6394999027252197,90.55799865722656,1502.9599609375,3149.7099609375,12.890000343322754,1437.5590014648437,1397.742947998047,7.527636829801418,,
2013-01-28,96.44000244140625,79.77999877929688,1.3466018438339233,1.577510952949524,,3.6489999294281006,91.17900085449219,1500.1800537109375,3154.300048828125,13.569999694824219,1439.8248022460937,1398.4091485595702,7.277620091101113,,
2013-01-29,97.56999969482422,79.55999755859375,1.3446282148361206,1.5698586702346802,,3.677500009536743,90.45999908447266,1507.8399658203125,3153.659912109375,13.3100004196167,1442.225400390625,1399.0884985351563,7.773022750098998,,
2013-01-30,97.94000244140625,79.27999877929688,1.34916353225708,1.574803113937378,,3.740000009536743,90.79000091552734,1501.9599609375,3142.31005859375,14.319999694824219,1444.4439990234375,1399.6448486328125,7.310076724436917,,
2013-01-31,97.48999786376953,79.20999908447266,1.3568336963653564,1.579778790473938,,3.7235000133514404,91.02100372314453,1498.1099853515625,3142.1298828125,14.279999732971191,1446.5855981445313,1400.1354986572267,6.997500369663966,,
2013-02-01,97.7699966430664,79.12999725341797,1.3610997200012207,1.587024450302124,,3.7755000591278076,91.70700073242188,1513.1700439453125,3179.10009765625,12.899999618530273,1448.6659985351562,1400.6845489501952,8.030751469302956,,
2013-02-04,96.16999816894531,79.55000305175781,1.3648709058761597,1.5704996585845947,,3.758500099182129,92.7699966430664,1495.7099609375,3131.169921875,14.670000076293945,1450.4543969726562,1401.1735485839845,6.746945262351926,,
2013-02-05,96.63999938964844,79.48999786376953,1.3511687517166138,1.575547456741333,,3.7614998817443848,92.15299987792969,1511.2900390625,3171.580078125,13.720000267028809,1452.7013989257812,1401.7008990478516,7.81829704818554,,
2013-02-06,96.62000274658203,79.72000122070312,1.3581420183181763,1.5666614770889282,,3.7335000038146973,93.56999969482422,1512.1199951171875,3168.47998046875,13.40999984741211,1454.7451977539063,1402.2499487304688,7.835268347571694,,
2013-02-07,95.83000183105469,80.19000244140625,1.3523930311203003,1.5664160251617432,,3.7200000286102295,93.43499755859375,1509.3900146484375,3165.1298828125,13.5,1456.6139990234376,1402.8390490722657,7.595380642322211,,
2013-02-08,95.72000122070312,80.25,1.3389389514923096,1.571017861366272,,3.753499984741211,93.63300323486328,1517.9300537109375,3193.8701171875,13.020000457763672,1458.6489990234375,1403.5831994628907,8.146781344476334,,
2013-02-11,97.02999877929688,80.30999755859375,1.3368269205093384,1.5802282094955444,,3.7179999351501465,92.53500366210938,1517.010009765625,3192.0,12.9399995803833,1460.8,1404.3203497314453,8.024498117949362,,
2013-02-12,97.51000213623047,80.11000061035156,1.340356707572937,1.5656802654266357,,3.7365000247955322,94.19100189208984,1519.4300537109375,3186.489990234375,12.640000343322754,1463.0476000976562,1405.0989001464843,8.136875884860057,,
2013-02-13,97.01000213623047,80.08999633789062,1.3452069759368896,1.5676438808441162,,3.7339999675750732,93.30500030517578,1520.3299560546875,3196.8798828125,12.979999542236328,1465.2685986328124,1405.9276501464844,8.13714033551324,,
2013-02-14,97.30999755859375,80.45999908447266,1.3444474935531616,1.5533015727996826,,3.7300000190734863,93.25599670410156,1521.3800048828125,3198.659912109375,12.65999984741211,1467.4173999023437,1406.7446002197266,8.148984872249047,,
2013-02-15,95.86000061035156,80.58000183105469,1.3352917432785034,1.548658847808838,,3.7309999465942383,92.95700073242188,1519.7900390625,3192.030029296875,12.460000038146973,1469.4518017578125,1407.5766003417968,7.972101745187777,,
2013-02-18,95.86000061035156,80.58000183105469,1.3344007730484009,1.5480115413665771,,3.7309999465942383,93.72200012207031,1519.7900390625,3192.030029296875,12.460000038146973,1471.4766015625,1408.4838006591797,7.902557228647448,,
2013-02-19,96.66000366210938,80.47000122070312,1.3347214460372925,1.54774808883667,,3.6445000171661377,93.6500015258789,1530.93994140625,3213.590087890625,12.3100004196167,1473.5386010742188,1409.4852001953125,8.616957538405337,,
2013-02-20,94.45999908447266,81.08999633789062,1.3395847082138062,1.5427337884902954,,3.6054999828338623,93.70800018310547,1511.949951171875,3164.409912109375,14.680000305175781,1475.2080004882812,1410.4209497070312,7.198489322349692,,
2013-02-21,92.83999633789062,81.45999908447266,1.327316164970398,1.522997260093689,,3.55049991607666,93.66000366210938,1502.4200439453125,3131.489990234375,15.220000267028809,1476.86740234375,1411.40875,6.448259155635279,,
2013-02-22,93.12999725341797,81.4800033569336,1.3194352388381958,1.5262515544891357,,3.5299999713897705,93.1500015258789,1515.5999755859375,3161.820068359375,14.170000076293945,1478.907802734375,1412.510650024414,7.298304303740416,,
2013-02-25,93.11000061035156,81.66999816894531,1.319591999053955,1.5097301006317139,,3.5409998893737793,94.22000122070312,1487.8499755859375,3116.25,18.989999771118164,1480.0576025390626,1413.369949951172,5.26967660783637,,
2013-02-26,92.62999725341797,81.87000274658203,1.3065063953399658,1.5164152383804321,,3.566499948501587,92.39700317382812,1496.93994140625,3129.64990234375,16.8700008392334,1481.0606005859374,1414.271499633789,5.845302107400671,,
2013-02-27,92.76000213623047,81.5999984741211,1.3065917491912842,1.5129966735839844,,3.5450000762939453,92.11000061035156,1515.989990234375,3162.260009765625,14.729999542236328,1482.66419921875,1415.2571496582032,7.117635166195748,,
2013-02-28,92.05000305175781,81.9800033569336,1.3150973320007324,1.5167601108551025,,3.5274999141693115,92.3030014038086,1514.6800537109375,3160.18994140625,15.510000228881836,1484.0840014648438,1416.2271496582032,6.951773525630775,,
2013-03-01,90.68000030517578,82.30999755859375,1.3059945106506348,1.516530156135559,,3.4814999103546143,92.58200073242188,1518.199951171875,3169.739990234375,15.359999656677246,1485.845,1417.2290496826172,7.1245294832102015,,
2013-03-04,90.12000274658203,82.22000122070312,1.3016934394836426,1.50360107421875,,3.4830000400543213,93.56400299072266,1525.199951171875,3182.030029296875,14.010000228881836,1487.8157983398437,1418.2659497070313,7.539770766331441,,
2013-03-05,90.81999969482422,82.08999633789062,1.3036110401153564,1.5128592252731323,,3.496500015258789,93.4010009765625,1539.7900390625,3224.1298828125,13.479999542236328,1490.0783984375,1419.3027996826172,8.489184929870214,,
2013-03-06,90.43000030517578,82.45999908447266,1.3048527240753174,1.51377534866333,,3.4739999771118164,93.28900146484375,1541.4599609375,3222.3701171875,13.529999732971191,1492.5109985351562,1420.4434997558594,8.519625117256718,,
2013-03-07,91.55999755859375,82.08000183105469,1.297858476638794,1.4996776580810547,,3.501499891281128,93.927001953125,1544.260009765625,3232.090087890625,13.0600004196167,1495.03419921875,1421.6131500244142,8.627302001188198,,
2013-03-08,91.94999694824219,82.69999694824219,1.311131477355957,1.5026296377182007,,3.491499900817871,94.9280014038086,1551.1800537109375,3244.3701171875,12.59000015258789,1498.00919921875,1422.9788500976563,9.009354116857255,,
2013-03-11,92.05999755859375,82.56999969482422,1.2988024950027466,1.491001844406128,,3.5,96.16999816894531,1556.219970703125,3252.8701171875,11.5600004196167,1500.6097998046876,1424.3690496826173,9.25679486295263,,
2013-03-12,92.54000091552734,82.58000183105469,1.3032711744308472,1.4905351400375366,,3.5380001068115234,96.61900329589844,1552.47998046875,3242.320068359375,12.270000457763672,1503.1356005859375,1425.703949584961,8.892170840986653,,
2013-03-13,92.5199966430664,82.88999938964844,1.3029316663742065,1.4905351400375366,,3.509500026702881,95.81999969482422,1554.52001953125,3245.1201171875,11.829999923706055,1504.9776000976562,1426.9008996582031,8.943797001152392,,
2013-03-14,93.02999877929688,82.61000061035156,1.2958402633666992,1.492537260055542,,3.5234999656677246,96.0199966430664,1563.22998046875,3258.929931640625,11.300000190734863,1507.0547998046875,1428.142099609375,9.458994374322009,,
2013-03-15,93.44999694824219,82.26000213623047,1.3012362718582153,1.5090012550354004,,3.507999897003174,95.96199798583984,1560.699951171875,3249.070068359375,11.300000190734863,1508.9393994140626,1429.3172991943359,9.191986415584255,,
2013-03-18,93.73999786376953,82.69000244140625,1.2892745733261108,1.5107566118240356,,3.4170000553131104,94.88899993896484,1552.0999755859375,3237.590087890625,13.359999656677246,1510.7435986328126,1430.533148803711,8.498008374282508,,
2013-03-19,92.16000366210938,82.98999786376953,1.2944984436035156,1.509889841079712,,3.3954999446868896,95.34300231933594,1548.3399658203125,3229.10009765625,14.390000343322754,1512.5673974609374,1431.6539483642578,8.15043450893806,,
2013-03-20,92.95999908447266,82.77999877929688,1.2863887548446655,1.5096617937088013,,3.435499906539917,95.05000305175781,1558.7099609375,3254.18994140625,12.670000076293945,1514.5211962890626,1432.8730981445312,8.78213590274802,,
2013-03-21,92.44999694824219,82.80000305175781,1.2941633462905884,1.5096617937088013,,3.4230000972747803,95.95500183105469,1545.800048828125,3222.60009765625,13.989999771118164,1515.9947973632814,1433.9565985107422,7.79963985196899,,
2013-03-22,93.70999908447266,82.52999877929688,1.2904890775680542,1.5182108879089355,,3.4539999961853027,94.91000366210938,1556.8900146484375,3245.0,13.569999694824219,1517.6915966796876,1435.0268487548828,8.492047796826283,,
2013-03-25,94.80999755859375,82.87000274658203,1.302405595779419,1.5245994329452515,,3.434999942779541,94.8280029296875,1551.68994140625,3235.300048828125,13.739999771118164,1519.3117944335938,1436.0613983154296,8.051782690242792,,
2013-03-26,96.33999633789062,82.87999725341797,1.2858428955078125,1.5179113149642944,,3.432499885559082,93.96299743652344,1563.77001953125,3252.47998046875,12.770000457763672,1521.1403955078124,1437.0903485107422,8.815010910885741,,
2013-03-27,96.58000183105469,83.20999908447266,1.2860082387924194,1.5163002014160156,,3.434999942779541,94.63500213623047,1562.8499755859375,3256.52001953125,13.149999618530273,1522.944794921875,1438.1261486816406,8.672662479479545,,
2013-03-28,97.2300033569336,82.98999786376953,1.277791976928711,1.5129051208496094,,3.3949999809265137,94.31600189208984,1569.18994140625,3267.52001953125,12.699999809265137,1524.709794921875,1439.3445483398436,9.021147383798516,,
2013-03-29,97.2300033569336,82.98999786376953,1.2815911769866943,1.5197569131851196,,3.3949999809265137,94.19000244140625,1569.18994140625,3267.52001953125,12.699999809265137,1526.373994140625,1440.5153979492188,8.932535094051609,,
2013-04-01,97.06999969482422,82.7300033569336,1.2805737257003784,1.5195951461791992,,3.367500066757202,94.28199768066406,1562.1700439453125,3239.169921875,13.579999923706055,1527.8977954101563,1441.7576483154296,8.351777829691036,,
2013-04-02,97.19000244140625,82.94000244140625,1.2850167751312256,1.5223017930984497,,3.371999979019165,93.18000030517578,1570.25,3254.860107421875,12.779999732971191,1529.4515942382814,1443.0089483642578,8.817759015283864,,
2013-04-03,94.44999694824219,82.72000122070312,1.2820513248443604,1.5108022689819336,,3.325500011444092,93.36199951171875,1553.68994140625,3218.60009765625,14.210000038146973,1530.6291918945312,1444.1181481933593,7.5874535161800125,,
2013-04-04,93.26000213623047,82.68000030517578,1.2850167751312256,1.5140045881271362,,3.3454999923706055,92.88899993896484,1559.97998046875,3224.97998046875,13.890000343322754,1531.932392578125,1445.2728479003906,7.93671124002636,,
2013-04-05,92.69999694824219,82.5,1.2928247451782227,1.522626280784607,,3.3399999141693115,96.43699645996094,1553.280029296875,3203.860107421875,13.920000076293945,1532.9387939453125,1446.2284478759766,7.402121122573766,,
2013-04-08,93.36000061035156,82.75,1.2992074489593506,1.5349195003509521,,3.368000030517578,98.7509994506836,1563.0699462890625,3222.25,13.1899995803833,1534.196591796875,1447.2162475585938,8.005279026262325,,
2013-04-09,94.19999694824219,82.30999755859375,1.3029316663742065,1.5262515544891357,,3.437999963760376,99.27999877929688,1568.6099853515625,3237.860107421875,12.84000015258789,1535.4119921875,1448.1891973876952,8.315266277437185,,
2013-04-10,94.63999938964844,82.52999877929688,1.3080273866653442,1.532332181930542,,3.4140000343322754,98.94999694824219,1587.72998046875,3297.25,12.359999656677246,1537.127392578125,1449.2577471923828,9.554700228073758,,
2013-04-11,93.51000213623047,82.25,1.3055341243743896,1.5325671434402466,,3.427999973297119,99.66600036621094,1593.3699951171875,3300.159912109375,12.239999771118164,1539.0325927734375,1450.3866973876952,9.858287999126082,,
2013-04-12,91.29000091552734,82.30999755859375,1.311475396156311,1.5391719341278076,,3.3489999771118164,99.62100219726562,1588.8499755859375,3294.949951171875,12.0600004196167,1540.54619140625,1451.5575469970704,9.458283543280299,,
2013-04-15,88.70999908447266,82.41999816894531,1.3099292516708374,1.5353907346725464,,3.2799999713897705,98.40599822998047,1552.3599853515625,3216.489990234375,17.270000457763672,1541.6791918945312,1452.5570471191406,6.870844654973189,,
2013-04-16,88.72000122070312,81.75,1.3054660558700562,1.5297303199768066,,3.30649995803833,96.80000305175781,1574.5699462890625,3264.6298828125,13.960000038146973,1542.9447900390626,1453.7225469970704,8.312961750619094,,
2013-04-17,86.68000030517578,82.66000366210938,1.3178702592849731,1.5360982418060303,,3.187999963760376,97.61000061035156,1552.010009765625,3204.669921875,16.510000228881836,1543.7425903320313,1454.775347290039,6.683826657958914,,
2013-04-18,87.7300033569336,82.55000305175781,1.3034920692443848,1.5243902206420898,,3.2044999599456787,98.02899932861328,1541.6099853515625,3166.360107421875,17.559999465942383,1544.3869897460938,1455.8095971679688,5.893654523950371,,
2013-04-19,88.01000213623047,82.70999908447266,1.3053126335144043,1.5283509492874146,,3.1514999866485596,98.2030029296875,1555.25,3206.06005859375,14.970000267028809,1545.133388671875,1456.8019470214845,6.7578199754467825,,
2013-04-22,88.76000213623047,82.68000030517578,1.3055682182312012,1.5225335359573364,,3.131999969482422,99.7969970703125,1562.5,3233.550048828125,14.390000343322754,1546.0431884765626,1457.8462469482422,7.178655037925499,,
2013-04-23,89.18000030517578,83.02999877929688,1.306165099143982,1.5299878120422363,,3.0940001010894775,99.16000366210938,1578.780029296875,3269.330078125,13.479999542236328,1547.2301879882812,1458.921796875,8.215535108092192,,
2013-04-24,91.43000030517578,82.93000030517578,1.2994438409805298,1.522997260093689,,3.1579999923706055,99.677001953125,1578.7900390625,3269.64990234375,13.609999656677246,1548.3993896484376,1459.951846923828,8.139870666903732,,
2013-04-25,93.63999938964844,82.73999786376953,1.3017443418502808,1.5279772281646729,,3.23799991607666,99.41999816894531,1585.1600341796875,3289.989990234375,13.619999885559082,1549.674990234375,1460.9950970458985,8.498655292194194,,
2013-04-26,93.0,82.4800033569336,1.3007283210754395,1.5436862707138062,,3.184999942779541,99.34200286865234,1582.239990234375,3279.260009765625,13.609999656677246,1550.9239892578125,1462.0929968261719,8.217465897792504,,
2013-04-29,94.5,82.1500015258789,1.3042571544647217,1.5491867065429688,,3.2255001068115234,97.84200286865234,1593.6099853515625,3307.02001953125,13.710000038146973,1552.4003881835938,1463.3084466552734,8.904584607170353,,
2013-04-30,93.45999908447266,81.7300033569336,1.3095861673355103,1.549426794052124,,3.1875,97.86399841308594,1597.5699462890625,3328.7900390625,13.520000457763672,1553.73298828125,1464.60474609375,9.078572259849917,,
2013-05-01,91.02999877929688,81.63999938964844,1.3168290853500366,1.5537601709365845,,3.0824999809265137,97.26899719238281,1582.699951171875,3299.1298828125,14.489999771118164,1555.14798828125,1465.828795776367,7.973042672668183,,
2013-05-02,93.98999786376953,82.20999908447266,1.3182177543640137,1.557195782661438,,3.1045000553131104,97.13200378417969,1597.5899658203125,3340.6201171875,13.59000015258789,1557.05138671875,1467.0166455078124,8.900602505931465,,
2013-05-03,95.61000061035156,82.0999984741211,1.3065063953399658,1.5537117719650269,,3.313499927520752,97.94599914550781,1614.4200439453125,3378.6298828125,12.850000381469727,1559.0277880859376,1468.1588958740235,9.962215158204444,,
2013-05-06,96.16000366210938,82.31999969482422,1.3123359680175781,1.5578750371932983,,3.309999942779541,99.0999984741211,1617.5,3392.969970703125,12.65999984741211,1561.6207885742188,1469.319895629883,10.084945069541424,,
2013-05-07,95.62000274658203,82.30000305175781,1.3070186376571655,1.5537601709365845,,3.30049991607666,99.34400177001953,1625.9599609375,3396.6298828125,12.829999923706055,1564.2011889648438,1470.553095703125,10.567919355544873,,
2013-05-08,96.62000274658203,81.9000015258789,1.3077024221420288,1.5479875802993774,,3.371000051498413,98.7760009765625,1632.68994140625,3413.27001953125,12.65999984741211,1566.5351879882812,1471.839945678711,10.928497775847905,,
2013-05-09,96.38999938964844,82.79000091552734,1.3161357641220093,1.5542914867401123,,3.3415000438690186,98.87799835205078,1626.6700439453125,3409.169921875,13.130000114440918,1568.7749877929687,1473.1482958984375,10.421336974309558,,
2013-05-10,96.04000091552734,83.13999938964844,1.303441047668457,1.5445923805236816,,3.3559999465942383,100.76499938964844,1633.699951171875,3436.580078125,12.59000015258789,1571.0849877929688,1474.361845703125,10.807259149653417,,
2013-05-13,95.16999816894531,83.26000213623047,1.2965291738510132,1.5341894626617432,,3.361999988555908,101.9229965209961,1633.77001953125,3438.7900390625,12.550000190734863,1573.2563891601562,1475.5595458984376,10.72206635595186,,
2013-05-14,94.20999908447266,83.56999969482422,1.2988024950027466,1.530901312828064,,3.2904999256134033,101.66699981689453,1650.3399658203125,3462.610107421875,12.770000457763672,1575.4673876953125,1476.8044958496093,11.750740904324493,,
2013-05-15,94.30000305175781,83.83000183105469,1.2937111854553223,1.5227190256118774,,3.2669999599456787,102.20999908447266,1658.780029296875,3471.6201171875,12.8100004196167,1577.8137890625,1478.0872961425782,12.224767348035371,,
2013-05-16,95.16000366210938,83.7699966430664,1.2882447242736816,1.523995280265808,,3.2920000553131104,102.25800323486328,1650.469970703125,3465.239990234375,13.069999694824219,1579.93798828125,1479.325645751953,11.569077129341451,,
2013-05-17,96.0199966430664,84.27999877929688,1.2883278131484985,1.527697205543518,,3.321000099182129,102.13500213623047,1667.469970703125,3498.969970703125,12.449999809265137,1582.2637866210937,1480.6336456298827,12.618673472988615,,
2013-05-20,96.70999908447266,83.80999755859375,1.2835652828216553,1.5181187391281128,,3.3570001125335693,102.70099639892578,1666.2900390625,3496.429931640625,13.020000457763672,1584.4651879882813,1481.9445458984376,12.43943261401201,,
2013-05-21,96.16000366210938,83.86000061035156,1.2891082763671875,1.5262281894683838,,3.3389999866485596,102.16600036621094,1669.1600341796875,3502.1201171875,13.369999885559082,1586.7987890625,1483.2706958007811,12.532394721015457,,
2013-05-22,94.27999877929688,84.25,1.2919062376022339,1.5160013437271118,,3.377500057220459,102.44200134277344,1655.3499755859375,3463.300048828125,13.819999694824219,1588.8153881835938,1484.5197955322265,11.507436988569452,,
2013-05-23,94.25,83.80000305175781,1.2842081785202026,1.5035107135772705,,3.299499988555908,103.1760025024414,1650.510009765625,3459.419921875,14.069999694824219,1590.5609887695311,1485.6947955322266,11.093477255828706,,
2013-05-24,94.1500015258789,83.69999694824219,1.2925074100494385,1.5095024108886719,,3.2915000915527344,102.41000366210938,1649.5999755859375,3459.139892578125,13.989999771118164,1592.3389892578125,1486.8519952392578,10.945809056165741,,
2013-05-27,94.1500015258789,83.69999694824219,1.2937781810760498,1.5131111145019531,,3.2915000915527344,101.06099700927734,1649.5999755859375,3459.139892578125,13.989999771118164,1594.2889892578125,1488.0093450927734,10.859517181532846,,
2013-05-28,95.01000213623047,84.13999938964844,1.2933933734893799,1.5108935832977295,,3.311500072479248,101.1050033569336,1660.06005859375,3488.889892578125,14.479999542236328,1596.5233911132811,1489.2437951660156,11.470000008204996,,
2013-05-29,93.12999725341797,83.63999938964844,1.2846370935440063,1.502606987953186,,3.2909998893737793,102.44599914550781,1648.3599853515625,3467.52001953125,14.829999923706055,1598.3163916015626,1490.4181451416016,10.597149580123716,,
2013-05-30,93.61000061035156,83.01000213623047,1.294783353805542,1.5131338834762573,,3.310499906539917,100.91600036621094,1654.4100341796875,3491.300048828125,14.529999732971191,1600.4885913085936,1491.6797955322265,10.909193724743007,,
2013-05-31,91.97000122070312,83.37999725341797,1.3043931722640991,1.5229045152664185,,3.2890000343322754,101.0999984741211,1630.739990234375,3455.909912109375,16.299999237060547,1601.9655908203124,1492.7778454589843,9.241974296113128,,
2013-06-03,93.44999694824219,82.68000030517578,1.2996464967727661,1.520912528038025,,3.3269999027252197,100.47599792480469,1640.4200439453125,3465.3701171875,16.280000686645508,1603.7401928710938,1493.9277459716798,9.8058489353748,,
2013-06-04,93.30999755859375,82.7699966430664,1.3072919845581055,1.5321444272994995,,3.365000009536743,99.73799896240234,1631.3800048828125,3445.260009765625,16.270000457763672,1605.092392578125,1495.0381457519532,9.11962410579725,,
2013-06-05,93.73999786376953,82.56999969482422,1.3073433637619019,1.5303858518600464,,3.367000102996826,100.25,1608.9000244140625,3401.47998046875,17.5,1606.0133935546876,1496.0301959228516,7.544622347785249,,
2013-06-06,94.76000213623047,81.5199966430664,1.3093289136886597,1.5403337478637695,,3.315999984741211,98.9520034790039,1622.56005859375,3424.050048828125,16.6299991607666,1607.0807958984376,1497.1455963134765,8.376904864102066,,
2013-06-07,96.02999877929688,81.69000244140625,1.3245558738708496,1.5602571964263916,,3.2660000324249268,97.3270034790039,1643.3800048828125,3469.219970703125,15.140000343322754,1608.5645971679687,1498.3295965576172,9.68080779145295,,
2013-06-10,95.7699966430664,81.6500015258789,1.3224014043807983,1.5531085729599,,3.239000082015991,98.23799896240234,1642.81005859375,3473.77001953125,15.4399995803833,1610.1773974609375,1499.5107470703124,9.556404434140296,,
2013-06-11,95.37999725341797,81.05999755859375,1.3224014043807983,1.5531085729599,,3.193000078201294,98.8489990234375,1626.1300048828125,3436.949951171875,17.06999969482422,1611.2949975585936,1500.6166973876952,8.36411508106057,,
2013-06-12,95.87999725341797,80.95999908447266,1.3224014043807983,1.5531085729599,,3.2249999046325684,96.10199737548828,1612.52001953125,3400.429931640625,18.59000015258789,1612.4715991210937,1501.6620977783202,7.382347994062173,,
2013-06-13,96.69000244140625,80.62000274658203,1.3339558839797974,1.568135380744934,,3.184999942779541,95.92900085449219,1636.3599853515625,3445.360107421875,16.40999984741211,1613.99919921875,1502.683297729492,8.895865670700655,,
2013-06-14,97.8499984741211,80.66999816894531,1.3367911577224731,1.5713881254196167,,3.2044999599456787,95.49400329589844,1626.72998046875,3423.56005859375,17.149999618530273,1615.4681982421876,1503.6273474121094,8.187044035113642,,
2013-06-17,97.7699966430664,80.56999969482422,1.3348639011383057,1.5723023414611816,,3.2019999027252197,94.24199676513672,1639.0400390625,3452.1298828125,16.799999237060547,1616.9876000976562,1504.6771478271485,8.929682452437074,,
2013-06-18,98.44000244140625,80.62000274658203,1.3363088369369507,1.571783423423767,,3.1570000648498535,94.68000030517578,1651.81005859375,3482.179931640625,16.610000610351562,1618.6516015625,1505.7683978271484,9.69881297663986,,
2013-06-19,98.23999786376953,81.43000030517578,1.3389928340911865,1.5636972188949585,,3.1435000896453857,95.51699829101562,1628.9300537109375,3443.199951171875,16.639999389648438,1619.4756030273438,1506.7302478027343,8.110264334734584,,
2013-06-20,95.4000015258789,81.83999633789062,1.329186201095581,1.5482512712478638,,3.061500072479248,96.58999633789062,1588.18994140625,3364.639892578125,20.489999771118164,1619.372001953125,1507.3712475585937,5.3615653063937545,,
2013-06-21,93.69000244140625,82.31999969482422,1.323556661605835,1.5517107248306274,,3.0964999198913574,97.14099884033203,1592.4300537109375,3357.25,18.899999618530273,1619.443603515625,1508.0045477294923,5.5984914706364375,,
2013-06-24,95.18000030517578,82.43000030517578,1.3105300664901733,1.5389113426208496,,3.0260000228881836,98.4229965209961,1573.0899658203125,3320.760009765625,20.110000610351562,1619.858203125,1508.5640478515625,4.2773071558112035,,
2013-06-25,95.31999969482422,82.58000183105469,1.313232183456421,1.5447354316711426,,3.071000099182129,97.53099822998047,1588.030029296875,3347.889892578125,18.469999313354492,1620.1274047851562,1509.2075982666015,5.2227692943505515,,
2013-06-26,95.5,82.94999694824219,1.3079760074615479,1.541687250137329,,3.0409998893737793,98.14700317382812,1603.260009765625,3376.219970703125,17.209999084472656,1621.1524047851562,1509.918648071289,6.181880183648742,,
2013-06-27,97.05000305175781,82.91000366210938,1.301337718963623,1.5325905084609985,,3.052500009536743,97.7699966430664,1613.199951171875,3401.860107421875,16.860000610351562,1622.5842041015626,1510.6833477783202,6.786107991745613,,
2013-06-28,96.55999755859375,83.16999816894531,1.3035939931869507,1.5258322954177856,,3.05049991607666,98.47599792480469,1606.280029296875,3403.25,16.860000610351562,1623.6048046875,1511.4139978027345,6.276641054803979,,
2013-07-01,97.98999786376953,82.9800033569336,1.3014055490493774,1.5204732418060303,,3.1549999713897705,99.37999725341797,1614.9599609375,3434.489990234375,16.3700008392334,1624.65400390625,1512.2043475341798,6.795087818050178,,
2013-07-02,99.5999984741211,83.54000091552734,1.306762456893921,1.5216530561447144,,3.1419999599456787,99.65699768066406,1614.0799560546875,3433.39990234375,16.440000534057617,1625.3600024414063,1513.0667974853516,6.6760541396596125,,
2013-07-03,101.23999786376953,83.2300033569336,1.2978922128677368,1.515289306640625,,3.1740000247955322,100.73300170898438,1615.4100341796875,3443.669921875,16.200000762939453,1626.09240234375,1513.9772479248047,6.699756313637857,,
2013-07-04,101.23999786376953,83.2300033569336,1.3010838031768799,1.5274404287338257,,3.1740000247955322,99.95600128173828,1615.4100341796875,3443.669921875,16.200000762939453,1626.69740234375,1514.8185479736328,6.640497394266498,,
2013-07-05,103.22000122070312,84.41999816894531,1.2907721996307373,1.5038950443267822,,3.0799999237060547,100.22000122070312,1631.8900146484375,3479.3798828125,14.890000343322754,1627.6904028320312,1515.7746478271483,7.660463709941295,,
2013-07-08,103.13999938964844,84.19999694824219,1.2829065322875977,1.4879401922225952,,3.1115000247955322,101.38600158691406,1640.4599609375,3484.830078125,14.779999732971191,1628.62740234375,1516.7544976806641,8.15593185621004,,
2013-07-09,103.52999877929688,84.58000183105469,1.2871006727218628,1.4953718185424805,,3.0759999752044678,100.8499984741211,1652.3199462890625,3504.260009765625,14.350000381469727,1629.72240234375,1517.7873474121093,8.863731741230872,,
2013-07-10,106.5199966430664,84.04000091552734,1.278183937072754,1.4861490726470947,,3.1010000705718994,101.15299987792969,1652.6199951171875,3520.760009765625,14.210000038146973,1631.1208032226561,1518.7954974365234,8.811225599926901,,
2013-07-11,104.91000366210938,82.75,1.3187741041183472,1.5180034637451172,,3.183500051498413,98.5510025024414,1675.02001953125,3578.300048828125,14.010000228881836,1632.669404296875,1519.8635974121094,10.208575452647686,,
2013-07-12,105.94999694824219,82.98999786376953,1.3097747564315796,1.5178653001785278,,3.1705000400543213,99.04000091552734,1680.18994140625,3600.080078125,13.84000015258789,1633.9848022460938,1520.959896850586,10.469049505209036,,
2013-07-15,106.31999969482422,83.04000091552734,1.3059945106506348,1.5103687047958374,,3.1610000133514404,99.1969985961914,1682.5,3607.489990234375,13.789999961853027,1635.2848022460937,1522.0929968261719,10.538580987384119,,
2013-07-16,106.0,82.43000030517578,1.3058750629425049,1.5100038051605225,,3.19950008392334,99.94599914550781,1676.260009765625,3598.5,14.420000076293945,1636.2908032226562,1523.2668969726562,10.04374959483644,,
2013-07-17,106.4800033569336,82.70999908447266,1.3151146173477173,1.5138440132141113,,3.140500068664551,99.16000366210938,1680.9100341796875,3610.0,13.779999732971191,1637.255205078125,1524.508646850586,10.259134157894351,,
2013-07-18,108.04000091552734,82.81999969482422,1.3116990327835083,1.520982027053833,,3.1424999237060547,99.66000366210938,1689.3699951171875,3611.280029296875,13.770000457763672,1638.5092041015625,1525.7912969970703,10.720909107428952,,
2013-07-19,108.05000305175781,82.58000183105469,1.3110626935958862,1.5222090482711792,,3.1500000953674316,100.52200317382812,1692.0899658203125,3587.610107421875,12.539999961853027,1639.6770043945312,1527.1087969970704,10.803498031552405,,
2013-07-22,106.91000366210938,82.22000122070312,1.3159972429275513,1.5284910202026367,,3.189500093460083,100.38899993896484,1695.530029296875,3600.389892578125,12.289999961853027,1640.9122045898437,1528.3857971191405,10.935997474772744,,
2013-07-23,107.2300033569336,82.01000213623047,1.3190349340438843,1.5365231037139893,,3.197999954223633,99.3239974975586,1692.3900146484375,3579.27001953125,12.65999984741211,1641.7532055664062,1529.5731469726563,10.64459506222567,,
2013-07-24,105.38999938964844,82.30000305175781,1.3223315477371216,1.537491798400879,,3.18149995803833,99.49700164794922,1685.93994140625,3579.60009765625,13.180000305175781,1642.2964038085938,1530.698296508789,10.141883952672808,,
2013-07-25,105.48999786376953,81.97000122070312,1.319087266921997,1.530854344367981,,3.188499927520752,100.4520034790039,1690.25,3605.18994140625,12.970000267028809,1643.0920043945312,1531.8628466796874,10.339512683111069,,
2013-07-26,104.69999694824219,81.62000274658203,1.3274219036102295,1.538177490234375,,3.1089999675750732,99.2750015258789,1691.6500244140625,3613.159912109375,12.720000267028809,1643.57560546875,1533.1551470947265,10.337823776000622,,
2013-07-29,104.55000305175781,81.66000366210938,1.3287447690963745,1.5392429828643799,,3.116499900817871,97.95999908447266,1685.3299560546875,3599.139892578125,13.390000343322754,1643.9564038085937,1534.4126971435546,9.835506392255404,,
2013-07-30,103.08000183105469,81.83000183105469,1.3263654708862305,1.534165859222412,,3.0409998893737793,98.04299926757812,1685.9599609375,3616.469970703125,13.390000343322754,1644.29240234375,1535.7769470214844,9.77896003760725,,
2013-07-31,105.02999877929688,81.44999694824219,1.3264886140823364,1.5242043733596802,,3.118499994277954,98.01599884033203,1685.72998046875,3626.3701171875,13.449999809265137,1644.9000024414063,1537.161846923828,9.665093746779938,,
2013-08-01,107.88999938964844,82.33999633789062,1.3301409482955933,1.5174967050552368,,3.1640000343322754,97.83300018310547,1706.8699951171875,3675.739990234375,12.9399995803833,1646.0272021484375,1538.6313470458983,10.934305244352368,,
2013-08-02,106.94000244140625,81.91000366210938,1.3211959600448608,1.5120357275009155,,3.1695001125335693,99.41999816894531,1709.6700439453125,3689.590087890625,11.979999542236328,1647.228603515625,1540.1199975585937,11.008885454087372,,
2013-08-05,106.55999755859375,81.87999725341797,1.3278977870941162,1.5287247896194458,,3.1670000553131104,98.93499755859375,1707.1400146484375,3692.949951171875,11.84000015258789,1648.379404296875,1541.5959979248046,10.738482517240406,,
2013-08-06,105.30000305175781,81.5999984741211,1.3257501125335693,1.5353907346725464,,3.171999931335449,98.23200225830078,1697.3699951171875,3665.77001953125,12.720000267028809,1649.1256030273437,1543.0231481933595,10.00288602958058,,
2013-08-07,104.37000274658203,81.29000091552734,1.3308136463165283,1.53449547290802,,3.177500009536743,97.30799865722656,1690.9100341796875,3654.010009765625,12.979999542236328,1649.9766040039062,1544.4168981933594,9.485336255883627,,
2013-08-08,103.4000015258789,81.01000213623047,1.334098219871521,1.549690842628479,,3.2704999446868896,96.56999969482422,1697.47998046875,3669.1201171875,12.729999542236328,1650.8380029296875,1545.7663482666017,9.814784257160058,,
2013-08-09,105.97000122070312,81.12999725341797,1.3380074501037598,1.553591012954712,,3.308500051498413,96.73999786376953,1691.4200439453125,3660.110107421875,13.40999984741211,1652.0516040039063,1547.1524487304687,9.3247175049378,,
2013-08-12,106.11000061035156,81.33000183105469,1.3339380025863647,1.5513978004455566,,3.30649995803833,96.04399871826172,1689.469970703125,3669.949951171875,12.8100004196167,1653.0326025390625,1548.5134985351563,9.102695733767192,,
2013-08-13,106.83000183105469,81.7300033569336,1.3292922973632812,1.5458101034164429,,3.31850004196167,97.19999694824219,1694.1600341796875,3684.43994140625,12.3100004196167,1654.288203125,1549.8423486328124,9.31176552726052,,
2013-08-14,106.8499984741211,81.69999694824219,1.326559066772461,1.545069694519043,,3.3405001163482666,98.15299987792969,1685.3900146484375,3669.27001953125,13.039999961853027,1655.8180029296875,1551.2966485595703,8.643953831356326,,
2013-08-15,107.33000183105469,81.12999725341797,1.3264182806015015,1.5516144037246704,,3.3380000591278076,97.85299682617188,1661.3199462890625,3606.1201171875,14.729999542236328,1656.5932006835938,1552.7156982421875,6.994470924060643,,
2013-08-16,107.45999908447266,81.26000213623047,1.33539879322052,1.5642108917236328,,3.364500045776367,97.05500030517578,1655.8299560546875,3602.780029296875,14.369999885559082,1656.8421997070313,1554.0955981445313,6.5462097718839845,,
2013-08-19,107.0999984741211,81.2300033569336,1.332906723022461,1.5625,,3.3364999294281006,97.66699981689453,1646.06005859375,3589.090087890625,15.100000381469727,1656.9071997070312,1555.4257482910157,5.826977623478102,,
2013-08-20,104.97000122070312,80.91000366210938,1.3333866596221924,1.5648962259292603,,3.3394999504089355,97.5790023803711,1652.3499755859375,3613.590087890625,14.90999984741211,1657.4315991210938,1556.8148480224609,6.136576079347511,,
2013-08-21,103.8499984741211,81.31999969482422,1.3421016931533813,1.5663915872573853,,3.311500072479248,97.30999755859375,1642.800048828125,3599.7900390625,15.9399995803833,1658.0371997070313,1558.2513983154297,5.425867135694397,,
2013-08-22,105.02999877929688,81.48999786376953,1.334294080734253,1.5616704225540161,,3.3329999446868896,97.80999755859375,1656.9599609375,3638.7099609375,14.760000228881836,1658.44919921875,1559.7695483398438,6.231075141908095,,
2013-08-23,106.41999816894531,81.33999633789062,1.335505723953247,1.559721827507019,,3.3519999980926514,98.87899780273438,1663.5,3657.7900390625,13.979999542236328,1659.184599609375,1561.2876483154296,6.54667010238976,,
2013-08-26,105.91999816894531,81.37000274658203,1.33865225315094,1.558093547821045,,3.322000026702881,98.70500183105469,1656.780029296875,3657.570068359375,14.989999771118164,1659.5393994140625,1562.6370983886718,6.0246189601718525,,
2013-08-27,109.01000213623047,81.16999816894531,1.3379179239273071,1.5584819316864014,,3.3324999809265137,98.25800323486328,1630.47998046875,3578.52001953125,16.770000457763672,1659.1127978515624,1563.8504479980468,4.260607691483454,,
2013-08-28,110.0999984741211,81.41999816894531,1.3392080068588257,1.5547988414764404,,3.306999921798706,96.89199829101562,1634.9599609375,3593.35009765625,16.489999771118164,1659.2333959960938,1565.07009765625,4.465605942245821,,
2013-08-29,108.80000305175781,81.94999694824219,1.3334933519363403,1.5527467727661133,,3.24399995803833,97.72799682617188,1638.1700439453125,3620.300048828125,16.809999465942383,1660.232998046875,1566.3057977294923,4.588136385627521,,
2013-08-30,107.6500015258789,82.08999633789062,1.3236267566680908,1.550652027130127,,3.2249999046325684,98.29199981689453,1632.969970703125,3589.8701171875,17.010000228881836,1661.0437963867187,1567.4248974609375,4.18170423019078,,
2013-09-02,107.6500015258789,82.08999633789062,1.3208295106887817,1.5519033670425415,,3.2249999046325684,98.38500213623047,1632.969970703125,3589.8701171875,17.010000228881836,1662.241396484375,1568.5582971191407,4.106425225143666,,
2013-09-03,108.54000091552734,82.36000061035156,1.319000244140625,1.5547021627426147,,3.2964999675750732,99.56999969482422,1639.77001953125,3612.610107421875,16.610000610351562,1663.2761962890625,1569.7624475097657,4.459755814170651,,
2013-09-04,107.2300033569336,82.16999816894531,1.317401647567749,1.556371808052063,,3.2365000247955322,99.55400085449219,1653.0799560546875,3649.0400390625,15.880000114440918,1664.2725952148437,1570.9781970214844,5.226155219013536,,
2013-09-05,108.37000274658203,82.62999725341797,1.320062279701233,1.5622069835662842,,3.240999937057495,99.72799682617188,1655.0799560546875,3658.780029296875,15.770000457763672,1665.1101953125,1572.1738470458984,5.273342331992676,,
2013-09-06,110.52999877929688,82.1500015258789,1.3118367195129395,1.5589923858642578,,3.257999897003174,100.11599731445312,1655.1700439453125,3660.010009765625,15.850000381469727,1666.0879956054687,1573.3687969970704,5.199114607100883,,
2013-09-09,109.5199966430664,81.79000091552734,1.3174188137054443,1.5635994672775269,,3.2755000591278076,99.97699737548828,1671.7099609375,3706.179931640625,15.630000114440918,1667.2229956054687,1574.6800469970703,6.161881210438057,,
2013-09-10,107.38999938964844,81.81999969482422,1.3258028030395508,1.5697600841522217,,3.2614998817443848,99.71900177001953,1683.989990234375,3729.02001953125,14.529999732971191,1668.6211962890625,1576.0647467041015,6.847767120987191,,
2013-09-11,107.55999755859375,81.5199966430664,1.326629400253296,1.5732917785644531,,3.256500005722046,100.28500366210938,1689.1300048828125,3725.010009765625,13.819999694824219,1670.095595703125,1577.4639965820313,7.078830866677997,,
2013-09-12,108.5999984741211,81.48999786376953,1.3315579891204834,1.5826040506362915,,3.2125000953674316,99.83000183105469,1683.4200439453125,3715.969970703125,14.289999961853027,1671.4557958984376,1578.8113970947265,6.625784881150663,,
2013-09-13,108.20999908447266,81.44999694824219,1.3298933506011963,1.5804529190063477,,3.2070000171661377,99.5780029296875,1687.989990234375,3722.179931640625,14.15999984741211,1672.5777954101563,1580.1609973144532,6.823924467391708,,
2013-09-16,106.58999633789062,81.25,1.3359339237213135,1.593625545501709,,3.2269999980926514,99.01499938964844,1697.5999755859375,3717.85009765625,14.380000114440918,1673.720595703125,1581.5562469482422,7.337312780472542,,
2013-09-17,105.41999816894531,81.16999816894531,1.3337956666946411,1.5903055667877197,,3.2279999256134033,99.06999969482422,1704.760009765625,3745.699951171875,14.529999732971191,1674.7693969726563,1582.9408471679687,7.695749516831428,,
2013-09-18,108.06999969482422,80.23999786376953,1.3357912302017212,1.5905078649520874,,3.2834999561309814,99.12799835205078,1725.52001953125,3783.639892578125,13.59000015258789,1676.2273974609375,1584.4260473632812,8.905052552169915,,
2013-09-19,106.38999938964844,80.36000061035156,1.3523015975952148,1.6133195161819458,,3.3499999046325684,98.20999908447266,1722.3399658203125,3789.3798828125,13.15999984741211,1677.1737963867188,1585.9404974365234,8.600541357274246,,
2013-09-20,104.68000030517578,80.44000244140625,1.353417992591858,1.6037977933883667,,3.327500104904175,99.38999938964844,1709.9100341796875,3774.72998046875,13.119999885559082,1677.7681982421875,1587.4221478271484,7.716150774398583,,
2013-09-23,103.58999633789062,80.44999694824219,1.3534547090530396,1.6016913652420044,,3.308000087738037,99.2770004272461,1701.8399658203125,3765.2900390625,14.3100004196167,1678.1549975585938,1588.7795477294922,7.116180356953474,,
2013-09-24,103.12999725341797,80.55999755859375,1.349892020225525,1.6041579246520996,,3.265500068664551,98.73999786376953,1697.4200439453125,3768.25,14.079999923706055,1678.5781982421875,1590.0326977539062,6.753782255113534,,
2013-09-25,102.66000366210938,80.33000183105469,1.347182273864746,1.599590539932251,,3.2804999351501465,98.74500274658203,1692.77001953125,3761.10009765625,14.010000228881836,1678.8153979492188,1591.3174975585937,6.3753790257635705,,
2013-09-26,103.02999877929688,80.5199966430664,1.351698398590088,1.6073811054229736,,3.303999900817871,98.43499755859375,1698.6700439453125,3787.429931640625,14.0600004196167,1679.0013989257814,1592.5923980712892,6.660690205635089,,
2013-09-27,102.87000274658203,80.2699966430664,1.348617672920227,1.6037464141845703,,3.325500011444092,98.90499877929688,1691.75,3781.590087890625,15.460000038146973,1678.994599609375,1593.9003979492188,6.139003552334808,,
2013-09-30,102.33000183105469,80.22000122070312,1.349545955657959,1.6168932914733887,,3.321000099182129,97.8270034790039,1681.550048828125,3771.47998046875,16.600000381469727,1678.715,1595.174848022461,5.414779509139288,,
2013-10-01,102.04000091552734,80.0999984741211,1.3525211811065674,1.6186991930007935,,3.2720000743865967,98.4000015258789,1695.0,3817.97998046875,15.539999961853027,1678.7671997070313,1596.5165478515626,6.168645873477913,,
2013-10-02,104.0999984741211,79.87999725341797,1.352338194847107,1.6192234754562378,,3.311500072479248,97.9260025024414,1693.8699951171875,3815.02001953125,16.600000381469727,1678.92580078125,1597.886748046875,6.006886732594439,,
2013-10-03,103.30999755859375,79.7699966430664,1.3591018915176392,1.6235610246658325,,3.26200008392334,97.30000305175781,1678.6600341796875,3774.340087890625,17.670000076293945,1678.6940014648437,1599.1895483398437,4.969422537956429,,
2013-10-04,103.83999633789062,80.12000274658203,1.362416386604309,1.6156916618347168,,3.2934999465942383,97.25900268554688,1690.5,3807.75,16.739999771118164,1678.6710009765625,1600.629898071289,5.614670951542371,,
2013-10-07,103.02999877929688,79.94000244140625,1.356999397277832,1.603592038154602,,3.2894999980926514,97.29000091552734,1676.1199951171875,3770.3798828125,19.40999984741211,1678.4868017578126,1601.8795483398437,4.634583596143987,,
2013-10-08,103.48999786376953,80.05999755859375,1.356999397277832,1.603592038154602,,3.2820000648498535,97.29000091552734,1655.449951171875,3694.830078125,20.34000015258789,1677.8766015625,1603.0258483886719,3.2703217378496263,,
2013-10-09,101.61000061035156,80.37000274658203,1.3598041534423828,1.612097144126892,,3.2214999198913574,96.9010009765625,1656.4000244140625,3677.780029296875,19.600000381469727,1677.2900024414062,1603.9957482910156,3.267108169013618,,
2013-10-10,103.01000213623047,80.41999816894531,1.352027416229248,1.595507025718689,,3.240999937057495,97.47899627685547,1692.56005859375,3760.75,16.479999542236328,1677.0038037109375,1605.1616986083984,5.444832135050441,,
2013-10-11,102.0199966430664,80.36000061035156,1.3526674509048462,1.598005771636963,,3.265000104904175,98.18499755859375,1703.199951171875,3791.8701171875,15.720000267028809,1676.8744018554687,1606.3453485107423,6.0295006146049195,,
2013-10-14,102.41000366210938,80.26000213623047,1.3556748628616333,1.5971124172210693,,3.299999952316284,98.31400299072266,1710.1400146484375,3815.280029296875,16.06999969482422,1676.9344018554686,1607.586598510742,6.379340076155167,,
2013-10-15,101.20999908447266,80.4800033569336,1.3558586835861206,1.597188949584961,,3.303999900817871,98.6500015258789,1698.06005859375,3794.010009765625,18.65999984741211,1676.948203125,1608.7911486816406,5.54881906114804,,
2013-10-16,102.29000091552734,80.5,1.3521736860275269,1.5984655618667603,,3.30049991607666,98.54399871826172,1721.5400390625,3839.429931640625,14.710000038146973,1677.5608032226562,1610.093748779297,6.921726785641943,,
2013-10-17,100.66999816894531,79.6500015258789,1.3522467613220215,1.5943877696990967,,3.2890000343322754,98.94000244140625,1733.1500244140625,3863.14990234375,13.479999542236328,1678.2742041015624,1611.3988989257812,7.55561677306874,,
2013-10-18,100.80999755859375,79.63999938964844,1.366698980331421,1.6149349212646484,,3.2929999828338623,97.98999786376953,1744.5,3914.280029296875,13.039999961853027,1679.3358032226563,1612.7611486816406,8.168528329570062,,
2013-10-21,99.22000122070312,79.68000030517578,1.3681949377059937,1.6172070503234863,,3.2960000038146973,97.927001953125,1744.6600341796875,3920.050048828125,13.15999984741211,1680.4396044921875,1614.1310485839845,8.08664115037073,,
2013-10-22,97.80000305175781,79.23999786376953,1.36759614944458,1.6135278940200806,,3.3285000324249268,98.19400024414062,1754.6700439453125,3929.570068359375,13.329999923706055,1681.6498046875,1615.5426989746093,8.61180240293295,,
2013-10-23,96.86000061035156,79.26000213623047,1.3778469562530518,1.6232712268829346,,3.2664999961853027,98.13300323486328,1746.3800048828125,3907.070068359375,13.420000076293945,1682.8696044921876,1616.9114489746094,8.007151906204122,,
2013-10-24,97.11000061035156,79.19000244140625,1.3780938386917114,1.616370677947998,,3.260999917984009,97.41999816894531,1752.0699462890625,3928.9599609375,13.199999809265137,1684.6846044921874,1618.2670989990233,8.26827953017167,,
2013-10-25,97.8499984741211,79.18000030517578,1.380395531654358,1.620089054107666,,3.265500068664551,97.38500213623047,1759.77001953125,3943.360107421875,13.09000015258789,1686.7634057617188,1619.636049194336,8.652188891857621,,
2013-10-28,98.68000030517578,79.25,1.3805290460586548,1.6173901557922363,,3.260999917984009,97.56999969482422,1762.1099853515625,3940.1298828125,13.3100004196167,1689.084404296875,1621.01669921875,8.70399954552056,,
2013-10-29,98.19999694824219,79.62999725341797,1.3789299726486206,1.614179015159607,,3.2755000591278076,97.62000274658203,1771.949951171875,3952.340087890625,13.40999984741211,1691.4764038085937,1622.4136486816406,9.216903630695313,,
2013-10-30,96.7699966430664,79.75,1.374306082725525,1.6048272848129272,,3.320499897003174,98.19400024414062,1763.31005859375,3930.6201171875,13.649999618530273,1693.8866040039063,1623.7561486816405,8.594511560459127,,
2013-10-31,96.37999725341797,80.19999694824219,1.3724011182785034,1.602615475654602,,3.2945001125335693,98.50700378417969,1756.5400390625,3919.7099609375,13.75,1695.8782055664062,1625.064749145508,8.090464702167989,,
2013-11-01,94.61000061035156,80.7300033569336,1.3579760789871216,1.6044667959213257,,3.2934999465942383,98.32099914550781,1761.6400146484375,3922.0400390625,13.279999732971191,1697.841005859375,1626.3581494140626,8.318085735489053,,
2013-11-04,94.62000274658203,80.55000305175781,1.349400281906128,1.5923820734024048,,3.247499942779541,98.69200134277344,1767.9300537109375,3936.590087890625,12.930000305175781,1700.0640063476562,1627.6968994140625,8.615434135640122,,
2013-11-05,93.37000274658203,80.70999908447266,1.351698398590088,1.5972399711608887,,3.252500057220459,98.62699890136719,1762.969970703125,3939.860107421875,13.270000457763672,1702.7138061523438,1628.9725494384766,8.22588577756198,,
2013-11-06,94.80000305175781,80.4800033569336,1.3473094701766968,1.6048015356063843,,3.234999895095825,98.45600128173828,1770.489990234375,3931.949951171875,12.670000076293945,1705.4244067382813,1630.315199584961,8.598017775035109,,
2013-11-07,94.19999694824219,80.81999969482422,1.351807951927185,1.6085445880889893,,3.249000072479248,98.6500015258789,1747.1500244140625,3857.330078125,13.90999984741211,1707.6040063476562,1631.5603997802734,7.084605917706499,,
2013-11-08,94.5999984741211,81.20999908447266,1.3409138917922974,1.6088809967041016,,3.253000020980835,98.1709976196289,1770.6099853515625,3919.22998046875,12.899999618530273,1710.356806640625,1632.8475994873047,8.436940833150233,,
2013-11-11,95.13999938964844,81.08999633789062,1.3347926139831543,1.6004866361618042,,3.26200008392334,99.1989974975586,1771.8900146484375,3919.7900390625,12.529999732971191,1713.1352075195311,1634.2284997558593,8.423639344996355,,
2013-11-12,93.04000091552734,81.19000244140625,1.3409318923950195,1.5986955165863037,,3.2365000247955322,99.13800048828125,1767.68994140625,3919.919921875,12.819999694824219,1715.6936059570312,1635.510499267578,8.081846139041303,,
2013-11-13,93.87999725341797,80.93000030517578,1.3439956903457642,1.589092493057251,,3.1640000343322754,99.61699676513672,1782.0,3965.580078125,12.520000457763672,1718.2720068359374,1636.8598992919922,8.866983715025748,,
2013-11-14,93.76000213623047,80.9800033569336,1.3489633798599243,1.6049045324325562,,3.1610000133514404,99.21800231933594,1790.6199951171875,3972.739990234375,12.369999885559082,1720.9828076171875,1638.266049194336,9.299707211644654,,
2013-11-15,93.83999633789062,80.83999633789062,1.3448994159698486,1.6058067083358765,,3.1730000972747803,100.23999786376953,1798.1800537109375,3985.969970703125,12.1899995803833,1723.8430078125,1639.667299194336,9.667373045403055,,
2013-11-18,93.02999877929688,80.83000183105469,1.3483994007110596,1.6113957166671753,,3.1535000801086426,100.35399627685547,1791.530029296875,3949.070068359375,13.100000381469727,1726.2394091796875,1641.0398992919922,9.17041261884065,,
2013-11-19,93.33999633789062,80.69999694824219,1.3504389524459839,1.6115256547927856,,3.1619999408721924,99.86299896240234,1787.8699951171875,3931.550048828125,13.390000343322754,1728.3170092773437,1642.3820989990234,8.858346435146494,,
2013-11-20,93.33000183105469,81.11000061035156,1.3567416667938232,1.6138923168182373,,3.1614999771118164,100.18099975585938,1781.3699951171875,3921.27001953125,13.399999618530273,1730.1618090820311,1643.687299194336,8.376453111874598,,
2013-11-21,95.44000244140625,81.05000305175781,1.3433817625045776,1.6100207567214966,,3.197499990463257,100.20700073242188,1795.8499755859375,3969.159912109375,12.65999984741211,1732.4104077148438,1645.0596490478515,9.166252824045761,,
2013-11-22,94.83999633789062,80.70999908447266,1.347182273864746,1.6186991930007935,,3.2265000343322754,101.31900024414062,1804.760009765625,3991.64990234375,12.260000228881836,1734.7458081054688,1646.4844989013673,9.61293659125662,,
2013-11-25,94.08999633789062,80.91999816894531,1.355233907699585,1.6231131553649902,,3.239000082015991,101.29000091552734,1802.47998046875,3994.570068359375,12.789999961853027,1736.843408203125,1647.8979486083983,9.380558546777225,,
2013-11-26,93.68000030517578,80.61000061035156,1.3527590036392212,1.6167103052139282,,3.2290000915527344,101.3499984741211,1802.75,4017.75,12.8100004196167,1738.8032080078126,1649.2569989013673,9.306797012283727,,
2013-11-27,92.30000305175781,80.73999786376953,1.3567785024642944,1.620982050895691,,3.200500011444092,101.23400115966797,1807.22998046875,4044.75,12.979999542236328,1740.4374072265625,1650.7333990478517,9.480427397371741,,
2013-11-28,92.30000305175781,80.73999786376953,1.357367753982544,1.6282932758331299,,3.200500011444092,102.20999908447266,1807.22998046875,4044.75,12.979999542236328,1742.1352075195311,1652.2574487304687,9.379442160019085,,
2013-11-29,92.72000122070312,80.68000030517578,1.360396146774292,1.6340937614440918,,3.2304999828338623,102.29199981689453,1805.81005859375,4059.889892578125,13.699999809265137,1744.0532080078126,1653.7084991455079,9.197604023129527,,
2013-12-02,93.81999969482422,80.91000366210938,1.3585110902786255,1.6377869844436646,,3.2174999713897705,102.47100067138672,1800.9000244140625,4045.260009765625,14.229999542236328,1746.0344091796876,1655.2737493896484,8.79771548833606,,
2013-12-03,96.04000091552734,80.62000274658203,1.3542062044143677,1.6359918117523193,,3.2009999752044678,102.93299865722656,1795.1500244140625,4037.199951171875,14.550000190734863,1747.9890087890626,1656.7647998046875,8.352738096903611,,
2013-12-04,97.19999694824219,80.62999725341797,1.3590649366378784,1.6388875246047974,,3.2715001106262207,102.35099792480469,1792.81005859375,4038.0,14.699999809265137,1749.9898095703124,1658.1489001464843,8.121174065572125,,
2013-12-05,97.37999725341797,80.2699966430664,1.3586403131484985,1.6378138065338135,,3.2614998817443848,102.40399932861328,1785.030029296875,4033.169921875,15.079999923706055,1751.7170092773438,1659.500650024414,7.564286236984256,,
2013-12-06,97.6500015258789,80.2699966430664,1.3669979572296143,1.6333998441696167,,3.2695000171661377,101.74199676513672,1805.0899658203125,4062.52001953125,13.789999961853027,1753.98380859375,1660.9351000976562,8.679138981058355,,
2013-12-09,97.33999633789062,80.12999725341797,1.3706516027450562,1.6328929662704468,,3.2955000400543213,103.13099670410156,1808.3699951171875,4068.75,13.489999771118164,1756.5202075195311,1662.3509503173827,8.783887949288099,,
2013-12-10,98.51000213623047,79.97000122070312,1.3740227222442627,1.6425215005874634,,3.301500082015991,103.26599884033203,1802.6199951171875,4060.489990234375,13.90999984741211,1758.672607421875,1663.6651000976562,8.352335756239322,,
2013-12-11,97.44000244140625,79.88999938964844,1.37644362449646,1.6455758810043335,,3.3315000534057617,102.7979965209961,1782.219970703125,4003.81005859375,15.420000076293945,1760.4396069335937,1664.8689001464843,7.0486673483008495,,
2013-12-12,97.5,80.19999694824219,1.3786067962646484,1.6376261711120605,,3.3320000171661377,102.50800323486328,1775.5,3998.39990234375,15.539999961853027,1762.37640625,1666.0251000976561,6.571023443519959,,
2013-12-13,96.5999984741211,80.20999908447266,1.3750807046890259,1.6339869499206543,,3.3519999980926514,103.54000091552734,1775.3199462890625,4000.97998046875,15.760000228881836,1764.0728051757812,1667.145799560547,6.488583467446568,,
2013-12-16,97.4800033569336,80.06999969482422,1.3739283084869385,1.630496859550476,,3.375999927520752,103.2699966430664,1786.5400390625,4029.52001953125,16.030000686645508,1766.2812060546876,1668.2973999023438,7.087623535652436,,
2013-12-17,97.22000122070312,80.05999755859375,1.3762919902801514,1.6299653053283691,,3.367000102996826,103.0270004272461,1781.0,4023.679931640625,16.209999084472656,1768.79220703125,1669.44,6.682480352693116,,
2013-12-18,97.80000305175781,80.11000061035156,1.3771259784698486,1.6277896165847778,,3.3610000610351562,102.6240005493164,1810.6500244140625,4070.06005859375,13.800000190734863,1771.87720703125,1670.720650024414,8.375390247771447,,
2013-12-19,98.7699966430664,80.62999725341797,1.3684945106506348,1.6386995315551758,,3.3405001163482666,104.21299743652344,1809.5999755859375,4058.139892578125,14.149999618530273,1774.2180053710938,1671.9525,8.232738405303824,,
2013-12-20,99.31999969482422,80.58000183105469,1.3655791282653809,1.6364737749099731,,3.3480000495910645,104.2760009765625,1818.3199462890625,4104.740234375,13.789999961853027,1776.5204052734375,1673.2405999755858,8.670560965087358,,
2013-12-23,98.91000366210938,80.44999694824219,1.3678393363952637,1.6331596374511719,,3.3505001068115234,104.02999877929688,1827.989990234375,4148.89990234375,13.039999961853027,1778.8774047851562,1674.620050048828,9.158491813177266,,
2013-12-24,99.22000122070312,80.52999877929688,1.3699944019317627,1.6350288391113281,,3.4175000190734863,104.1760025024414,1833.3199462890625,4155.419921875,12.479999542236328,1781.5826025390625,1676.044949951172,9.383697993450141,,
2013-12-25,99.22000122070312,80.52999877929688,1.3681949377059937,1.6370898485183716,,3.4175000190734863,104.30000305175781,1833.3199462890625,4155.419921875,12.479999542236328,1783.8182006835937,1677.4179998779298,9.294162005086276,,
2013-12-26,99.55000305175781,80.4800033569336,1.3668484687805176,1.6354032754898071,,3.44950008392334,104.52400207519531,1842.02001953125,4167.18017578125,12.329999923706055,1785.9956005859376,1678.8990997314454,9.715945396950728,,
2013-12-27,100.31999969482422,80.38999938964844,1.3696191310882568,1.641631841659546,,3.4700000286102295,104.87899780273438,1841.4000244140625,4156.58984375,12.460000038146973,1787.9336010742188,1680.3216497802734,9.586163140542313,,
2013-12-30,99.29000091552734,80.0,1.3750240802764893,1.6482338905334473,,3.4205000400543213,105.31999969482422,1841.0699462890625,4154.2001953125,13.5600004196167,1789.8617993164062,1681.7685498046876,9.47225446110735,,
2013-12-31,98.41999816894531,80.04000091552734,1.3810056447982788,1.6495118141174316,,3.441499948501587,104.93399810791016,1848.3599853515625,4176.58984375,13.720000267028809,1791.7355981445312,1683.1914996337891,9.81281605531569,,
2014-01-01,98.41999816894531,80.04000091552734,1.3744947910308838,1.6563969850540161,,3.441499948501587,105.30000305175781,1848.3599853515625,4176.58984375,13.720000267028809,1793.7751977539062,1684.6190496826173,9.7197604229748,,
2014-01-02,95.44000244140625,80.62999725341797,1.3766709566116333,1.6580722332000732,,3.43149995803833,105.3239974975586,1831.97998046875,4143.06982421875,14.229999542236328,1795.3733984375,1685.9329998779297,8.662679987958887,,
2014-01-03,93.95999908447266,80.79000091552734,1.3666616678237915,1.6447908878326416,,3.4059998989105225,104.83300018310547,1831.3699951171875,4131.91015625,13.760000228881836,1796.8053979492188,1687.2439001464843,8.542102001861757,,
2014-01-06,93.43000030517578,80.6500015258789,1.3596007823944092,1.6413085460662842,,3.4119999408721924,104.91200256347656,1826.77001953125,4113.68017578125,13.550000190734863,1798.0985986328126,1688.566900024414,8.18463985672334,,
2014-01-07,93.66999816894531,80.83000183105469,1.3631964921951294,1.6417936086654663,,3.4110000133514404,104.20999908447266,1837.8800048828125,4153.18017578125,12.920000076293945,1799.4171997070312,1689.9050500488281,8.75640645193106,,
2014-01-08,92.33000183105469,81.04000091552734,1.3616372346878052,1.6400164365768433,,3.3935000896453857,104.71199798583984,1837.489990234375,4165.60986328125,12.869999885559082,1800.9007983398437,1691.3240502929686,8.642101430301762,,
2014-01-09,91.66000366210938,81.01000213623047,1.3572019338607788,1.644709825515747,,3.3540000915527344,104.84400177001953,1838.1300048828125,4156.18994140625,12.890000343322754,1802.53259765625,1692.714800415039,8.590650027524953,,
2014-01-10,92.72000122070312,80.66000366210938,1.360710859298706,1.6479079723358154,,3.38700008392334,104.83000183105469,1842.3699951171875,4174.669921875,12.140000343322754,1804.147197265625,1694.1602502441406,8.748271885831866,,
2014-01-13,91.80000305175781,80.51000213623047,1.3671848773956299,1.6494300365447998,,3.4000000953674316,103.9489974975586,1819.199951171875,4113.2998046875,13.279999732971191,1805.1725952148438,1695.4409002685547,7.299520194641822,,
2014-01-14,92.58999633789062,80.61000061035156,1.3669979572296143,1.6389949321746826,,3.388000011444092,103.11599731445312,1838.8800048828125,4183.02001953125,12.279999732971191,1806.6907958984375,1696.792250366211,8.373904023072676,,
2014-01-15,94.16999816894531,81.0,1.3668484687805176,1.6434123516082764,,3.4065001010894775,104.17900085449219,1848.3800048828125,4214.8798828125,12.279999732971191,1808.2485961914062,1698.0955004882812,8.850179766174369,,
2014-01-16,93.95999908447266,80.9000015258789,1.359933614730835,1.6361792087554932,,3.3910000324249268,104.57099914550781,1845.8900146484375,4218.68994140625,12.529999732971191,1810.2233959960938,1699.3581005859376,8.622780214009975,,
2014-01-17,94.37000274658203,81.26000213623047,1.3618041276931763,1.63529634475708,,3.378499984741211,104.29499816894531,1838.699951171875,4197.580078125,12.4399995803833,1811.5851953125,1700.607350463867,8.120193098679776,,
2014-01-20,94.37000274658203,81.26000213623047,1.3527590036392212,1.6417936086654663,,3.378499984741211,104.23799896240234,1838.699951171875,4197.580078125,12.4399995803833,1812.9213940429688,1702.0390502929688,8.029245912741134,,
2014-01-21,94.98999786376953,81.0999984741211,1.3549033403396606,1.64241361618042,,3.3914999961853027,104.2249984741211,1843.800048828125,4225.759765625,12.869999885559082,1814.4435961914062,1703.385200805664,8.243282139356843,,
2014-01-22,96.7300033569336,81.16999816894531,1.355913758277893,1.647527813911438,,3.375,104.2229995727539,1844.8599853515625,4243.0,12.84000015258789,1815.7007958984375,1704.8494506835937,8.212486716163049,,
2014-01-23,97.31999969482422,80.44000244140625,1.354224443435669,1.6562050580978394,,3.322499990463257,104.63500213623047,1828.4599609375,4218.8798828125,13.770000457763672,1816.4575952148436,1706.2837005615233,7.16037200236804,,
2014-01-24,96.63999938964844,80.45999908447266,1.3689066171646118,1.6634783744812012,,3.303999900817871,103.37000274658203,1790.2900390625,4128.169921875,18.139999389648438,1816.299794921875,1707.4589007568359,4.851135114815882,,
2014-01-27,95.72000122070312,80.5,1.3687942028045654,1.6490492820739746,,3.2939999103546143,102.05000305175781,1781.56005859375,4083.610107421875,17.420000076293945,1816.1003955078124,1708.5542010498048,4.272961167932951,,
2014-01-28,97.41000366210938,80.56999969482422,1.3674652576446533,1.657495141029358,,3.2855000495910645,102.66100311279297,1792.5,4097.9599609375,15.800000190734863,1816.1929956054687,1709.6228009033202,4.847689154174219,,
2014-01-29,97.36000061035156,80.51000213623047,1.3655046224594116,1.6570007801055908,,3.2679998874664307,103.23100280761719,1774.199951171875,4051.429931640625,17.350000381469727,1816.0495947265624,1710.5998504638671,3.7179998987350125,,
2014-01-30,98.2300033569336,81.08999633789062,1.365859031677246,1.6559032201766968,,3.23799991607666,102.30000305175781,1794.18994140625,4123.1298828125,17.290000915527344,1816.0163940429688,1711.645,4.822550318918352,,
2014-01-31,97.48999786376953,81.2699966430664,1.3558770418167114,1.6498383283615112,,3.2204999923706055,102.75800323486328,1782.5899658203125,4103.8798828125,18.40999984741211,1815.5729931640626,1712.6467498779298,4.083925418208278,,
2014-02-03,96.43000030517578,81.01000213623047,1.3488178253173828,1.643790602684021,,3.19950008392334,102.19200134277344,1741.8900146484375,3996.9599609375,21.440000534057617,1814.3611938476563,1713.388150024414,1.6634797330434066,,
2014-02-04,97.19000244140625,81.12000274658203,1.3525028228759766,1.6308956146240234,,3.2170000076293945,101.14199829101562,1755.199951171875,4031.52001953125,19.110000610351562,1813.4101928710938,1714.1763000488281,2.3931990613729943,,
2014-02-05,97.37999725341797,81.02999877929688,1.3515887260437012,1.6330530643463135,,3.2144999504089355,101.68900299072266,1751.6400146484375,4011.550048828125,19.950000762939453,1812.2983935546874,1715.021000366211,2.135193345994436,,
2014-02-06,97.83999633789062,80.88999938964844,1.3535096645355225,1.6327064037322998,,3.259000062942505,101.46600341796875,1773.4300537109375,4057.1201171875,17.229999542236328,1811.6223950195313,1715.900200805664,3.352750520004689,,
2014-02-07,99.87999725341797,80.69000244140625,1.3592127561569214,1.632200002670288,,3.2709999084472656,102.03900146484375,1797.02001953125,4125.85986328125,15.289999961853027,1811.4465942382812,1716.8132006835938,4.671843087863013,,
2014-02-10,100.05999755859375,80.66999816894531,1.361933946609497,1.6410391330718994,,3.2720000743865967,102.52400207519531,1799.8399658203125,4148.169921875,15.260000228881836,1811.4253930664063,1717.7249005126953,4.7804549659324405,,
2014-02-11,99.94000244140625,80.62999725341797,1.364610195159912,1.6408774852752686,,3.2699999809265137,102.13300323486328,1819.75,4191.0498046875,14.510000228881836,1811.917392578125,1718.6938507080079,5.879822590298007,,
2014-02-12,100.37000274658203,80.68000030517578,1.3639029264450073,1.6448721885681152,,3.315500020980835,102.5199966430664,1819.260009765625,4201.2900390625,14.300000190734863,1812.4463916015625,1719.6267010498048,5.793891700739218,,
2014-02-13,100.3499984741211,80.29000091552734,1.3590095043182373,1.6609915494918823,,3.306999921798706,102.46900177001953,1829.8299560546875,4240.669921875,14.140000343322754,1813.3423901367187,1720.6425006103516,6.345737444332836,,
2014-02-14,100.30000305175781,80.12999725341797,1.3678767681121826,1.6657227277755737,,3.320499897003174,102.18800354003906,1838.6300048828125,4244.02001953125,13.569999694824219,1814.0131909179688,1721.6671508789063,6.793581090525944,,
2014-02-17,100.30000305175781,80.12999725341797,1.3699944019317627,1.67613685131073,,3.320499897003174,101.56400299072266,1838.6300048828125,4244.02001953125,13.569999694824219,1814.6183911132812,1722.691450805664,6.730082396527049,,
2014-02-18,102.43000030517578,80.01000213623047,1.3704450130462646,1.6719892024993896,,3.3405001163482666,102.06199645996094,1840.760009765625,4272.77978515625,13.869999885559082,1815.38119140625,1723.6435510253907,6.794702922803387,,
2014-02-19,103.30999755859375,80.16999816894531,1.376197338104248,1.668613314628601,,3.3355000019073486,102.33200073242188,1828.75,4237.9501953125,15.5,1816.3117919921874,1724.4934008789062,6.045636305013306,,
2014-02-20,102.91999816894531,80.29000091552734,1.3730417490005493,1.6675838232040405,,3.3239998817443848,102.31099700927734,1839.780029296875,4267.5498046875,14.789999961853027,1817.597392578125,1725.439951171875,6.626720219810786,,
2014-02-21,102.19999694824219,80.23999786376953,1.372118592262268,1.66616690158844,,3.3359999656677246,102.31199645996094,1836.25,4263.41015625,14.680000305175781,1818.8159936523436,1726.2838513183594,6.370108171820042,,
2014-02-24,102.81999969482422,80.20999908447266,1.3737962245941162,1.6633399724960327,,3.3589999675750732,102.51300048828125,1847.6099853515625,4292.97021484375,14.229999542236328,1820.037392578125,1727.1904510498048,6.971989350020169,,
2014-02-25,101.83000183105469,80.1500015258789,1.3736075162887573,1.6656949520111084,,3.3380000591278076,102.48200225830078,1845.1199951171875,4287.58984375,13.670000076293945,1821.3197924804688,1728.070250854492,6.773436682034016,,
2014-02-26,102.58999633789062,80.41000366210938,1.3746082782745361,1.6677229404449463,,3.2695000171661377,102.1500015258789,1845.1600341796875,4292.06005859375,14.350000381469727,1822.0099926757812,1729.019301147461,6.7171449708600655,,
2014-02-27,102.4000015258789,80.29000091552734,1.3681949377059937,1.6668334007263184,,3.2365000247955322,102.29900360107422,1854.2900390625,4318.93017578125,14.039999961853027,1822.9037939453126,1730.0382012939453,7.182028563046938,,
2014-02-28,102.58999633789062,79.77999877929688,1.3707455396652222,1.6691983938217163,,3.2385001182556152,102.11000061035156,1859.449951171875,4308.1201171875,14.0,1823.7263940429686,1731.087451171875,7.415136647955238,,
2014-03-03,104.91999816894531,80.06999969482422,1.377695083618164,1.6729121208190918,,3.2204999923706055,101.30500030517578,1845.72998046875,4277.2998046875,16.0,1824.0811938476563,1732.068101196289,6.562206139236558,,
2014-03-04,103.33000183105469,80.16000366210938,1.373701810836792,1.6668334007263184,,3.2614998817443848,101.41200256347656,1873.9100341796875,4351.97021484375,14.100000381469727,1824.8929956054687,1733.1373510742187,8.122419323443479,,
2014-03-05,101.44999694824219,80.11000061035156,1.374117136001587,1.6666944026947021,,3.253000020980835,102.1780014038086,1873.81005859375,4357.97021484375,13.890000343322754,1825.7027978515625,1734.2646014404297,8.046376374021467,,
2014-03-06,101.55999755859375,79.68000030517578,1.3734188079833984,1.6719053983688354,,3.2755000591278076,102.36699676513672,1877.030029296875,4352.1298828125,14.210000038146973,1826.402998046875,1735.3777014160157,8.162622336640332,,
2014-03-07,102.58000183105469,79.72000122070312,1.3863087892532349,1.6741725206375122,,3.1565001010894775,103.03199768066406,1878.0400390625,4336.22021484375,14.109999656677246,1827.1357983398439,1736.6142016601561,8.14376833191532,,
2014-03-10,101.12000274658203,79.75,1.3878673315048218,1.6731082201004028,,3.1105000972747803,103.19000244140625,1877.1700439453125,4334.4501953125,14.199999809265137,1827.8578002929687,1737.7979516601563,8.020040083026396,,
2014-03-11,100.02999877929688,79.7699966430664,1.3878865242004395,1.6640042066574097,,3.0309998989105225,103.23600006103516,1867.6300048828125,4307.18994140625,14.800000190734863,1828.2432006835938,1738.9792016601561,7.398064513930755,,
2014-03-12,97.98999786376953,79.61000061035156,1.385809302330017,1.662068247795105,,3.0260000228881836,102.83999633789062,1868.199951171875,4323.330078125,14.470000267028809,1828.64,1740.2757012939453,7.350803656157143,,
2014-03-13,98.19999694824219,79.62000274658203,1.3904531002044678,1.6621235609054565,,2.990499973297119,102.78299713134766,1846.3399658203125,4260.419921875,16.219999313354492,1828.9271997070311,1741.3946008300782,6.026512597444001,,
2014-03-14,98.88999938964844,79.44000244140625,1.3865394592285156,1.6625105142593384,,3.013000011444092,101.77999877929688,1841.1300048828125,4245.39990234375,17.81999969482422,1829.1223999023437,1742.3833508300781,5.667332278266494,,
2014-03-17,98.08000183105469,79.38999938964844,1.39130437374115,1.6642534732818604,,3.002000093460083,101.33000183105469,1858.8299560546875,4279.9501953125,15.640000343322754,1829.7635986328125,1743.463450317383,6.617087712180204,,
2014-03-18,99.69999694824219,79.41000366210938,1.3926606178283691,1.6639212369918823,,2.994499921798706,101.85900115966797,1872.25,4333.31005859375,14.520000457763672,1830.4509985351563,1744.6940502929688,7.311078391401178,,
2014-03-19,100.37000274658203,79.98999786376953,1.3930875062942505,1.6598061323165894,,3.0280001163482666,101.44000244140625,1860.77001953125,4307.60009765625,15.119999885559082,1830.9165991210937,1745.9353002929688,6.5772608652228906,,
2014-03-20,99.43000030517578,80.20999908447266,1.381921648979187,1.6539040803909302,,2.9760000705718994,102.46800231933594,1872.010009765625,4319.2900390625,14.520000457763672,1831.59419921875,1747.113550415039,7.14873165060828,,
2014-03-21,99.45999908447266,80.11000061035156,1.378207802772522,1.6508733034133911,,2.99399995803833,102.40699768066406,1866.52001953125,4276.7900390625,15.0,1832.0771997070312,1748.3125006103517,6.761235126994232,,
2014-03-24,99.5999984741211,79.93000030517578,1.3795576095581055,1.6490222215652466,,2.989500045776367,102.24099731445312,1857.43994140625,4226.39013671875,15.09000015258789,1832.8419995117188,1749.4045001220702,6.1755552404627565,,
2014-03-25,99.19000244140625,79.94000244140625,1.3838915824890137,1.6498383283615112,,3.0455000400543213,102.20700073242188,1865.6199951171875,4234.27001953125,14.020000457763672,1833.3767993164063,1750.4735498046875,6.578016864370653,,
2014-03-26,100.26000213623047,79.9800033569336,1.3819025754928589,1.6533024311065674,,3.010499954223633,102.28500366210938,1852.56005859375,4173.580078125,14.930000305175781,1833.460400390625,1751.5916998291016,5.764377552970801,,
2014-03-27,101.27999877929688,80.11000061035156,1.378207802772522,1.6576874256134033,,3.0364999771118164,101.90299987792969,1849.0400390625,4151.22998046875,14.619999885559082,1833.5234008789062,1752.8959503173828,5.484871405385422,,
2014-03-28,101.66999816894531,80.18000030517578,1.3741360902786255,1.6607985496520996,,3.059000015258789,102.14700317382812,1857.6199951171875,4155.759765625,14.40999984741211,1833.9018017578126,1754.221900024414,5.89424263209429,,
2014-03-31,101.58000183105469,80.0999984741211,1.3752131462097168,1.6643919944763184,,3.0464999675750732,102.88899993896484,1872.3399658203125,4198.990234375,13.880000114440918,1834.5746020507813,1755.7181500244142,6.642399624010074,,
2014-04-01,99.73999786376953,80.08000183105469,1.3775053024291992,1.666638970375061,,3.055000066757202,103.21399688720703,1885.52001953125,4268.0400390625,13.100000381469727,1835.4090014648436,1757.205599975586,7.302185900013451,,
2014-04-02,99.62000274658203,80.22000122070312,1.379481554031372,1.663312315940857,,3.065000057220459,103.63300323486328,1890.9000244140625,4276.4599609375,13.09000015258789,1836.3298022460938,1758.643800048828,7.520353147212775,,
2014-04-03,100.29000091552734,80.47000122070312,1.376822590827942,1.6627315282821655,,3.046999931335449,103.86699676513672,1888.77001953125,4237.740234375,13.369999885559082,1837.5360034179687,1760.021650390625,7.315158260243574,,
2014-04-04,101.13999938964844,80.41999816894531,1.3723821640014648,1.659888744354248,,3.0429999828338623,103.89600372314453,1865.0899658203125,4127.72998046875,13.960000038146973,1839.032001953125,1761.3157000732422,5.891860598458017,,
2014-04-07,100.44000244140625,80.22000122070312,1.3704074621200562,1.657907485961914,,3.063499927520752,103.31999969482422,1845.0400390625,4079.75,15.569999694824219,1840.3016015625,1762.4661004638672,4.685136274501962,,
2014-04-08,102.55999755859375,79.75,1.374306082725525,1.6610468626022339,,3.0764999389648438,103.06900024414062,1851.9599609375,4112.990234375,14.890000343322754,1841.49080078125,1763.6555004882812,5.006899614169042,,
2014-04-09,103.5999984741211,79.4800033569336,1.3793293237686157,1.675013780593872,,3.065999984741211,101.95500183105469,1872.1800537109375,4183.89990234375,13.819999694824219,1843.4504028320312,1764.9393505859375,6.076169307993355,,
2014-04-10,103.4000015258789,79.37999725341797,1.3855020999908447,1.6799945831298828,,3.068000078201294,102.10700225830078,1833.0799560546875,4054.110107421875,15.890000343322754,1844.228203125,1766.0277001953125,3.796783926546533,,
2014-04-11,103.73999786376953,79.44999694824219,1.3886381387710571,1.6777397394180298,,3.065999984741211,101.37999725341797,1815.68994140625,3999.72998046875,17.030000686645508,1844.8902026367186,1766.9466998291016,2.7586141439276486,,
2014-04-14,104.05000305175781,79.7300033569336,1.3846195936203003,1.6729681491851807,,3.066999912261963,101.44200134277344,1830.6099853515625,4022.68994140625,16.110000610351562,1846.6646020507812,1767.897449951172,3.5472948615952062,,
2014-04-15,103.75,79.80000305175781,1.381711721420288,1.6729121208190918,,3.0164999961853027,101.90399932861328,1842.97998046875,4034.159912109375,15.609999656677246,1848.4202026367188,1768.8507501220704,4.190813178645167,,
2014-04-16,103.76000213623047,79.81999969482422,1.38119637966156,1.6725484132766724,,3.05049991607666,101.87699890136719,1862.31005859375,4086.22998046875,14.180000305175781,1850.633603515625,1769.8992004394531,5.221249782549872,,
2014-04-17,104.30000305175781,79.83000183105469,1.3827050924301147,1.6805875301361084,,3.069499969482422,102.20099639892578,1864.8499755859375,4095.52001953125,13.359999656677246,1852.462001953125,1770.8483502197266,5.308282064613108,,
2014-04-18,104.30000305175781,79.83000183105469,1.3812155723571777,1.6786692142486572,,3.069499969482422,102.44300079345703,1864.8499755859375,4095.52001953125,13.359999656677246,1853.8186010742188,1771.771650390625,5.253404137874735,,
2014-04-21,104.37000274658203,79.94999694824219,1.3815207481384277,1.6791765689849854,,3.068000078201294,102.55999755859375,1871.8900146484375,4121.5498046875,13.25,1855.2596020507813,1772.7186004638672,5.594312270352445,,
2014-04-22,102.12999725341797,79.91000366210938,1.3795006275177002,1.6792893409729004,,3.0785000324249268,102.66999816894531,1879.550048828125,4161.4599609375,13.1899995803833,1856.4556030273438,1773.7350506591797,5.965659760155321,,
2014-04-23,101.44000244140625,79.86000061035156,1.3810056447982788,1.6826801300048828,,3.0820000171661377,102.62100219726562,1875.3900146484375,4126.97021484375,13.270000457763672,1857.578203125,1774.7074505615235,5.673192167816599,,
2014-04-24,101.94000244140625,79.80000305175781,1.381921648979187,1.6785000562667847,,3.1364998817443848,102.4800033569336,1878.6099853515625,4148.33984375,13.319999694824219,1858.5538037109375,1775.6536505126953,5.798221675107642,,
2014-04-25,100.5999984741211,79.7699966430664,1.3832024335861206,1.6809546947479248,,3.127000093460083,102.302001953125,1863.4000244140625,4075.56005859375,14.0600004196167,1859.0492041015625,1776.510200805664,4.891039948377057,,
2014-04-28,100.83999633789062,79.68000030517578,1.384063959121704,1.6805592775344849,,3.1085000038146973,102.1050033569336,1869.4300537109375,4074.39990234375,13.970000267028809,1859.665205078125,1777.3797009277343,5.178992014770724,,
2014-04-29,101.27999877929688,79.80999755859375,1.3852909803390503,1.6810113191604614,,3.072499990463257,102.51599884033203,1878.3299560546875,4103.5400390625,13.710000038146973,1860.4166040039063,1778.3094006347656,5.624474311625397,,
2014-04-30,99.73999786376953,79.48999786376953,1.3813681602478027,1.6824253797531128,,3.0295000076293945,102.56400299072266,1883.949951171875,4114.56005859375,13.40999984741211,1861.5206030273437,1779.2994506835937,5.8815563871542444,,
2014-05-01,99.41999816894531,79.52999877929688,1.386924147605896,1.6876497268676758,,3.0290000438690186,102.22000122070312,1883.6800537109375,4127.4501953125,13.25,1862.398603515625,1780.2666009521483,5.808874508092218,,
2014-05-02,99.76000213623047,79.5199966430664,1.3870972394943237,1.6895315647125244,,3.0815000534057617,102.26599884033203,1881.1400146484375,4123.89990234375,12.90999984741211,1863.2964038085938,1781.2140509033204,5.6099918869627645,,
2014-05-05,99.4800033569336,79.48999786376953,1.387270450592041,1.6879061460494995,,3.071000099182129,102.19999694824219,1884.6600341796875,4138.06005859375,13.289999961853027,1864.0374047851562,1782.2107012939452,5.748441124910796,,
2014-05-06,99.5,79.13999938964844,1.387597680091858,1.686995029449463,,3.075000047683716,102.13999938964844,1867.719970703125,4080.760009765625,13.800000190734863,1864.489404296875,1783.1195013427734,4.7445204483851695,,
2014-05-07,100.7699966430664,79.22000122070312,1.3930680751800537,1.6976776123046875,,3.05049991607666,101.69300079345703,1878.2099609375,4067.669921875,13.399999618530273,1865.1504028320312,1784.0819012451173,5.275994315434198,,
2014-05-08,100.26000213623047,79.43000030517578,1.3911689519882202,1.6955475807189941,,3.0824999809265137,101.87200164794922,1875.6300048828125,4051.5,13.430000305175781,1865.5772021484374,1784.9257012939454,5.081685110092419,,
2014-05-09,99.98999786376953,79.9000015258789,1.3844279050827026,1.6935373544692993,,3.1005001068115234,101.59300231933594,1878.47998046875,4071.8701171875,12.920000076293945,1865.957802734375,1785.7697509765626,5.191611597267121,,
2014-05-12,100.58999633789062,79.9000015258789,1.376064658164978,1.6860277652740479,,3.1665000915527344,101.9000015258789,1896.6500244140625,4143.85986328125,12.229999542236328,1866.9762036132813,1786.7173010253907,6.1527765654690745,,
2014-05-13,101.69999694824219,80.13999938964844,1.3756672143936157,1.6873650550842285,,3.1494998931884766,102.18499755859375,1897.449951171875,4130.169921875,12.130000114440918,1867.447001953125,1787.717700805664,6.138119587715577,,
2014-05-14,102.37000274658203,80.06999969482422,1.3709522485733032,1.6834166049957275,,3.1740000247955322,102.23200225830078,1888.530029296875,4100.6298828125,12.170000076293945,1867.7414013671876,1788.70580078125,5.580807557733919,,
2014-05-15,101.5,80.0,1.372005581855774,1.6770081520080566,,3.1619999408721924,101.81500244140625,1870.8499755859375,4069.2900390625,13.170000076293945,1867.6178002929687,1789.5726507568359,4.54171697330803,,
2014-05-16,102.0199966430664,80.04000091552734,1.3716480731964111,1.6795432567596436,,3.1610000133514404,101.4990005493164,1877.8599853515625,4090.590087890625,12.4399995803833,1867.61419921875,1790.5048504638671,4.878799119983632,,
2014-05-19,102.61000061035156,79.98999786376953,1.3703323602676392,1.6824253797531128,,3.179500102996826,101.54199981689453,1885.0799560546875,4125.81005859375,12.420000076293945,1867.7723974609376,1791.482900390625,5.224557579849302,,
2014-05-20,102.44000244140625,80.04000091552734,1.3713847398757935,1.681689739227295,,3.1559998989105225,101.5,1872.8299560546875,4096.89013671875,12.960000038146973,1867.876396484375,1792.37625,4.48866168889972,,
2014-05-21,104.06999969482422,80.0999984741211,1.3704074621200562,1.6837284564971924,,3.130500078201294,101.26200103759766,1888.030029296875,4131.5400390625,11.90999984741211,1868.272998046875,1793.3894500732422,5.277190585668254,,
2014-05-22,103.73999786376953,80.25,1.3681762218475342,1.6897029876708984,,3.1519999504089355,101.41999816894531,1892.489990234375,4154.33984375,12.029999732971191,1869.1959985351561,1794.5453002929687,5.457911256150308,,
2014-05-23,104.3499984741211,80.38999938964844,1.3654487133026123,1.6867388486862183,,3.180000066757202,101.76499938964844,1900.530029296875,4185.81005859375,11.359999656677246,1870.3839990234376,1795.7688006591798,5.833781531299582,,
2014-05-26,104.3499984741211,80.38999938964844,1.3628805875778198,1.6834166049957275,,3.180000066757202,101.96199798583984,1900.530029296875,4185.81005859375,11.359999656677246,1871.2180004882812,1797.0411505126954,5.758848580326292,,
2014-05-27,104.11000061035156,80.3499984741211,1.3651318550109863,1.6843807697296143,,3.19350004196167,101.89399719238281,1911.9100341796875,4237.06982421875,11.510000228881836,1872.011201171875,1798.3389508056641,6.315332452936249,,
2014-05-28,102.72000122070312,80.56999969482422,1.3636983633041382,1.6812090873718262,,3.188499927520752,101.97699737548828,1909.780029296875,4225.080078125,11.680000305175781,1872.9914013671876,1799.6738507080079,6.118118488277771,,
2014-05-29,103.58000183105469,80.48999786376953,1.359342098236084,1.6715978384017944,,3.1535000801086426,101.7300033569336,1920.030029296875,4247.9501953125,11.569999694824219,1873.9518017578125,1800.9892010498047,6.609746920063755,,
2014-05-30,102.70999908447266,80.37000274658203,1.360451579093933,1.6724364757537842,,3.135999917984009,101.72000122070312,1923.5699462890625,4242.6201171875,11.399999618530273,1875.0928002929688,1802.28955078125,6.729240340723293,,
2014-06-02,102.47000122070312,80.63999938964844,1.3628062009811401,1.675659418106079,,3.178999900817871,101.8759994506836,1924.969970703125,4237.2001953125,11.579999923706055,1876.4434008789062,1803.6305004882813,6.727512657498001,,
2014-06-03,102.66000366210938,80.55000305175781,1.3598966598510742,1.6745930910110474,,3.1454999446868896,102.41999816894531,1924.239990234375,4234.080078125,11.869999885559082,1877.61580078125,1805.0993005371095,6.600229121013736,,
2014-06-04,102.63999938964844,80.66999816894531,1.3621008396148682,1.674116611480713,,3.0934998989105225,102.54000091552734,1927.8800048828125,4251.64013671875,12.079999923706055,1879.1221997070313,1806.563900756836,6.7152954885876355,,
2014-06-05,102.4800033569336,80.37000274658203,1.3604146242141724,1.674004316329956,,3.0910000801086426,102.68099975585938,1940.4599609375,4296.22998046875,11.680000305175781,1880.9505981445313,1808.0753503417968,7.321852519624103,,
2014-06-06,102.66000366210938,80.41000366210938,1.3661948442459106,1.6810113191604614,,3.052999973297119,102.4229965209961,1949.43994140625,4321.39990234375,10.729999542236328,1882.7869970703125,1809.6577001953126,7.7242365335638326,,
2014-06-09,104.41000366210938,80.6500015258789,1.3642936944961548,1.6801921129226685,,3.0455000400543213,102.4800033569336,1951.27001953125,4336.240234375,11.149999618530273,1884.3655981445313,1811.249200439453,7.730621443908686,,
2014-06-10,104.3499984741211,80.81999969482422,1.3592681884765625,1.6803898811340332,,3.055000066757202,102.4800033569336,1950.7900390625,4338.0,10.989999771118164,1885.6709985351563,1812.8043005371094,7.611728330769478,,
2014-06-11,104.4000015258789,80.79000091552734,1.3540961742401123,1.6753225326538086,,3.0420000553131104,102.31400299072266,1943.8900146484375,4331.93017578125,11.600000381469727,1886.7307983398437,1814.2583508300781,7.1451601013190285,,
2014-06-12,106.52999877929688,80.58000183105469,1.3537112474441528,1.6789791584014893,,3.0169999599456787,102.0,1930.1099853515625,4297.6298828125,12.5600004196167,1887.55759765625,1815.6335009765626,6.30504362876248,,
2014-06-13,106.91000366210938,80.58000183105469,1.3554543256759644,1.695892572402954,,3.0304999351501465,101.69999694824219,1936.1600341796875,4310.64990234375,12.180000305175781,1888.9789990234376,1817.0384509277344,6.555809712839736,,
2014-06-16,106.9000015258789,80.47000122070312,1.3538029193878174,1.697792887687683,,3.046999931335449,101.96700286865234,1937.780029296875,4321.10009765625,12.649999618530273,1890.833798828125,1818.3688012695313,6.566942192583499,,
2014-06-17,106.36000061035156,80.62999725341797,1.3577179908752441,1.6978504657745361,,3.057499885559082,101.87000274658203,1941.989990234375,4337.22998046875,12.0600004196167,1892.6343994140625,1819.6588012695313,6.722754226204178,,
2014-06-18,105.97000122070312,80.58000183105469,1.3547931909561157,1.6959787607192993,,3.055500030517578,102.17400360107422,1956.97998046875,4362.83984375,10.609999656677246,1894.3303979492186,1820.998051147461,7.46743958542971,,
2014-06-19,106.43000030517578,80.31999969482422,1.3590649366378784,1.6998707056045532,,3.075000047683716,101.88999938964844,1959.47998046875,4359.330078125,10.619999885559082,1896.8583984375,1822.378350830078,7.523225326739825,,
2014-06-20,107.26000213623047,80.37000274658203,1.361136794090271,1.7040129899978638,,3.117500066757202,101.93000030517578,1962.8699951171875,4368.0400390625,10.850000381469727,1899.8019995117188,1823.7527508544922,7.6280759109212575,,
2014-06-23,106.16999816894531,80.26000213623047,1.3593051433563232,1.7022724151611328,,3.1454999446868896,102.06600189208984,1962.6099853515625,4368.68017578125,10.979999542236328,1902.4419995117187,1825.0778009033204,7.535688855574853,,
2014-06-24,106.02999877929688,80.33000183105469,1.3601926565170288,1.70253324508667,,3.1465001106262207,101.87000274658203,1949.97998046875,4350.35009765625,12.130000114440918,1904.5819995117188,1826.303900756836,6.771933173918189,,
2014-06-25,106.5,80.22000122070312,1.3605812788009644,1.6980524063110352,,3.1605000495910645,101.91000366210938,1959.530029296875,4379.759765625,11.59000015258789,1906.5263989257812,1827.4739508056641,7.226153808265905,,
2014-06-26,105.83999633789062,80.2300033569336,1.3628991842269897,1.6986002922058105,,3.1610000133514404,101.80000305175781,1957.219970703125,4379.0498046875,11.630000114440918,1908.373798828125,1828.648350830078,7.030964691198529,,
2014-06-27,105.73999786376953,80.04000091552734,1.3613035678863525,1.70253324508667,,3.1489999294281006,101.63700103759766,1960.9599609375,4397.93017578125,11.260000228881836,1910.2959985351563,1829.9036004638672,7.161927023937818,,
2014-06-30,105.37000274658203,79.77999877929688,1.3644425868988037,1.7034034729003906,,3.187999963760376,101.44300079345703,1960.22998046875,4408.18017578125,11.569999694824219,1912.0627978515624,1831.1955505371093,7.046458249300221,,
2014-07-01,105.33999633789062,79.81999969482422,1.3693565130233765,1.710981011390686,,3.190999984741211,101.29000091552734,1973.3199462890625,4458.64990234375,11.149999618530273,1913.9381958007812,1832.5750500488282,7.680170928687708,,
2014-07-02,104.4800033569336,79.95999908447266,1.3680826425552368,1.7148540019989014,,3.252500057220459,101.54000091552734,1974.6199951171875,4457.72998046875,10.819999694824219,1915.9227954101561,1833.9842999267578,7.668315110224562,,
2014-07-03,104.05999755859375,80.20999908447266,1.3652995824813843,1.7160900831222534,,3.265000104904175,101.83000183105469,1985.43994140625,4485.93017578125,10.319999694824219,1918.05939453125,1835.4181494140626,8.173711916278057,,
2014-07-04,104.05999755859375,80.20999908447266,1.3610072135925293,1.7152658700942993,,3.265000104904175,102.18000030517578,1985.43994140625,4485.93017578125,10.319999694824219,1920.5001928710938,1836.8865991210937,8.08723534464433,,
2014-07-07,103.52999877929688,80.22000122070312,1.3588433265686035,1.7151482105255127,,3.248500108718872,102.11000061035156,1977.6500244140625,4451.52978515625,11.329999923706055,1922.6645922851562,1838.3670989990235,7.57644789720603,,
2014-07-08,103.4000015258789,80.18000030517578,1.360618233680725,1.713443636894226,,3.243000030517578,101.80000305175781,1963.7099609375,4391.4599609375,11.979999542236328,1924.3721923828125,1839.710648803711,6.740152980819065,,
2014-07-09,102.29000091552734,79.98999786376953,1.3617113828659058,1.7140311002731323,,3.2365000247955322,101.45999908447266,1972.8299560546875,4419.02978515625,11.649999618530273,1926.1497924804687,1841.1054486083985,7.154642204000486,,
2014-07-10,102.93000030517578,80.12999725341797,1.3642936944961548,1.715854525566101,,3.25600004196167,101.53500366210938,1964.6800537109375,4396.2001953125,12.59000015258789,1927.7697924804688,1842.5355487060547,6.629153238897369,,
2014-07-11,100.83000183105469,80.19000244140625,1.3605072498321533,1.713091492652893,,3.258500099182129,101.28299713134766,1967.5699462890625,4415.490234375,12.079999923706055,1929.4983911132813,1843.9208984375,6.705767473883512,,
2014-07-14,100.91000366210938,80.19000244140625,1.360377550125122,1.7122994661331177,,3.2385001182556152,101.37000274658203,1977.0999755859375,4440.419921875,11.819999694824219,1931.3471899414062,1845.4257983398438,7.135165085724311,,
2014-07-15,99.95999908447266,80.38999938964844,1.3621751070022583,1.708788275718689,,3.2385001182556152,101.5199966430664,1973.280029296875,4416.39013671875,11.960000038146973,1933.4583911132813,1847.0149487304689,6.8361699320946725,,
2014-07-16,101.19999694824219,80.55999755859375,1.3572019338607788,1.7143837213516235,,3.2049999237060547,101.66000366210938,1981.5699462890625,4425.97021484375,11.0,1935.5255908203126,1848.6407983398437,7.190642339420111,,
2014-07-17,103.19000244140625,80.5199966430664,1.3529969453811646,1.7139723300933838,,3.2090001106262207,101.62999725341797,1958.1199951171875,4363.4501953125,14.539999961853027,1937.175390625,1849.968598022461,5.846120696877546,,
2014-07-18,103.12999725341797,80.5199966430664,1.3518811464309692,1.7095186710357666,,3.1740000247955322,101.2300033569336,1978.219970703125,4432.14990234375,12.0600004196167,1939.1701904296874,1851.343698120117,6.853199258022161,,
2014-07-21,104.58999633789062,80.55999755859375,1.3532166481018066,1.7091095447540283,,3.186500072479248,101.33999633789062,1973.6300048828125,4424.7001953125,12.8100004196167,1940.7097900390625,1852.661148071289,6.529464761403235,,
2014-07-22,104.41999816894531,80.77999877929688,1.3527040481567383,1.7073588371276855,,3.195499897003174,101.4000015258789,1983.530029296875,4456.02001953125,12.239999771118164,1942.4313916015626,1854.0884979248046,6.9814106239776725,,
2014-07-23,103.12000274658203,80.80999755859375,1.3468012809753418,1.7065428495407104,,3.194999933242798,101.47000122070312,1987.010009765625,4473.7001953125,11.520000457763672,1944.4009912109375,1855.4158477783203,7.092434946315452,,
2014-07-24,102.06999969482422,80.87000274658203,1.346293568611145,1.7041000127792358,,3.253999948501587,101.5199966430664,1987.97998046875,4472.10986328125,11.84000015258789,1946.7435913085938,1856.6899975585939,7.071184908778121,,
2014-07-25,102.08999633789062,81.02999877929688,1.3464748859405518,1.699177622795105,,3.2269999980926514,101.76000213623047,1978.3399658203125,4449.56005859375,12.6899995803833,1948.7531909179688,1857.8591973876953,6.484924616570685,,
2014-07-28,101.66999816894531,81.02999877929688,1.3428946733474731,1.698196530342102,,3.2309999465942383,101.7490005493164,1978.9100341796875,4444.91015625,12.5600004196167,1950.6297924804687,1859.0304473876954,6.448500451428678,,
2014-07-29,100.97000122070312,81.20999908447266,1.3439054489135742,1.6984561681747437,,3.2095000743865967,101.80999755859375,1969.949951171875,4442.7001953125,13.279999732971191,1952.5721923828125,1860.106846923828,5.9052040171617675,,
2014-07-30,100.2699966430664,81.41999816894531,1.3411117792129517,1.6947429180145264,,3.2325000762939453,102.07599639892578,1970.0699462890625,4462.89990234375,13.329999923706055,1954.2129907226563,1861.2252966308595,5.848010439962895,,
2014-07-31,98.16999816894531,81.45999908447266,1.3396027088165283,1.6910173892974854,,3.2230000495910645,102.83999633789062,1930.6700439453125,4369.77001953125,16.950000762939453,1954.976591796875,1862.1182971191406,3.6813851693647726,,
2014-08-01,97.87999725341797,81.30000305175781,1.3389928340911865,1.6891605854034424,,3.2065000534057617,102.77300262451172,1925.1500244140625,4352.64013671875,17.030000686645508,1955.4689916992188,1862.9451971435547,3.3390583558703835,,
2014-08-04,98.29000091552734,81.33000183105469,1.3428946733474731,1.6829917430877686,,3.2365000247955322,102.56300354003906,1938.989990234375,4383.89013671875,15.119999885559082,1956.2381909179687,1863.8295971679688,4.032578578031494,,
2014-08-05,97.37999725341797,81.5199966430664,1.342209815979004,1.6867672204971313,,3.1989998817443848,102.54199981689453,1920.2099609375,4352.83984375,16.8700008392334,1956.404189453125,1864.5708972167968,2.984014381204513,,
2014-08-06,96.91999816894531,81.44000244140625,1.337238073348999,1.6878206729888916,,3.1624999046325684,102.58899688720703,1920.239990234375,4355.0498046875,16.3700008392334,1956.613388671875,1865.355546875,2.9423046695479553,,
2014-08-07,97.33999633789062,81.5199966430664,1.3382940292358398,1.685487985610962,,3.1705000400543213,102.11299896240234,1909.5699462890625,4334.97021484375,16.65999984741211,1956.4041870117187,1866.1206964111327,2.328319382636401,,
2014-08-08,97.6500015258789,81.38999938964844,1.3358268737792969,1.6829917430877686,,3.1659998893737793,102.12899780273438,1931.5899658203125,4370.89990234375,15.770000457763672,1956.5645874023437,1866.9704461669921,3.4611967096741303,,
2014-08-11,98.08000183105469,81.47000122070312,1.3405184745788574,1.6777114868164062,,3.1670000553131104,102.15499877929688,1936.9200439453125,4401.330078125,14.229999542236328,1956.8035888671875,1867.815396118164,3.6997579081298406,,
2014-08-12,97.37000274658203,81.5,1.3384909629821777,1.6787537336349487,,3.1489999294281006,102.20500183105469,1933.75,4389.25,14.130000114440918,1956.9937890625,1868.6692962646484,3.4827298690808353,,
2014-08-13,97.58999633789062,81.5999984741211,1.3366124629974365,1.680700421333313,,3.1059999465942383,102.28199768066406,1946.719970703125,4434.1298828125,12.899999618530273,1957.3705883789062,1869.5504461669923,4.1277048551617295,,
2014-08-14,95.58000183105469,81.58999633789062,1.3367911577224731,1.6689753532409668,,3.0855000019073486,102.40799713134766,1955.1800537109375,4453.0,12.420000076293945,1957.664990234375,1870.5905963134765,4.522072203515205,,
2014-08-15,97.3499984741211,81.41999816894531,1.3363981246948242,1.6686691045761108,,3.0969998836517334,102.49600219726562,1955.06005859375,4464.93017578125,13.149999618530273,1957.777392578125,1871.5128466796875,4.464153802753015,,
2014-08-18,96.41000366210938,81.58000183105469,1.339046597480774,1.672017216682434,,3.1029999256134033,102.41000366210938,1971.739990234375,4508.31005859375,12.319999694824219,1958.1867919921874,1872.5120965576173,5.299185722707799,,
2014-08-19,94.4800033569336,81.87999725341797,1.336112380027771,1.67235267162323,,3.0855000019073486,102.61000061035156,1981.5999755859375,4527.509765625,12.210000038146973,1958.8029907226562,1873.5816467285156,5.7653387588437415,,
2014-08-20,96.06999969482422,82.25,1.332196593284607,1.6621512174606323,,3.1740000247955322,102.91000366210938,1986.510009765625,4526.47998046875,11.779999732971191,1959.655390625,1874.6041967773438,5.969570172768202,,
2014-08-21,93.95999908447266,82.1500015258789,1.3260489702224731,1.6600265502929688,,3.171999931335449,103.70099639892578,1992.3699951171875,4532.10009765625,11.760000228881836,1960.9005908203126,1875.6129467773437,6.225007592342246,,
2014-08-22,93.6500015258789,82.33999633789062,1.3279330730438232,1.6579898595809937,,3.1989998817443848,103.8489990234375,1988.4000244140625,4538.5498046875,11.470000267028809,1961.945390625,1876.5640466308594,5.959614220681192,,
2014-08-25,93.3499984741211,82.55000305175781,1.3198705911636353,1.6551907062530518,,3.2135000228881836,104.20099639892578,1997.9200439453125,4557.35009765625,11.699999809265137,1963.1481909179688,1877.5959967041015,6.408409873712221,,
2014-08-26,93.86000061035156,82.6500015258789,1.3188958168029785,1.657028317451477,,3.181999921798706,104.06999969482422,2000.02001953125,4570.64013671875,11.630000114440918,1964.3087915039061,1878.656746826172,6.460108953384425,,
2014-08-27,93.87999725341797,82.43000030517578,1.3170199394226074,1.6547799110412598,,3.174499988555908,104.08999633789062,2000.1199951171875,4569.6201171875,11.779999732971191,1965.171591796875,1879.750496826172,6.403482722534247,,
2014-08-28,94.55000305175781,82.4800033569336,1.319087266921997,1.65763258934021,,3.126499891281128,103.87799835205078,1996.739990234375,4557.7001953125,12.050000190734863,1965.9167919921874,1880.754946899414,6.166940755688144,,
2014-08-29,95.95999908447266,82.75,1.3184958696365356,1.6589525938034058,,3.134999990463257,103.69599914550781,2003.3699951171875,4580.27001953125,12.09000015258789,1966.7267919921876,1881.7479968261719,6.463245795725461,,
2014-09-01,95.95999908447266,82.75,1.3127838373184204,1.6592552661895752,,3.134999990463257,104.16799926757812,2003.3699951171875,4580.27001953125,12.09000015258789,1967.5419921875,1882.752446899414,6.406447561197483,,
2014-09-02,92.87999725341797,82.98999786376953,1.3131976127624512,1.661598801612854,,3.134500026702881,104.33999633789062,2002.280029296875,4598.18994140625,12.25,1968.5879931640625,1883.7500970458984,6.292232310265332,,
2014-09-03,95.54000091552734,82.87000274658203,1.3131976127624512,1.6468766927719116,,3.1115000247955322,105.23699951171875,2000.719970703125,4572.56005859375,12.359999656677246,1969.4117919921875,1884.7175469970703,6.154896997212234,,
2014-09-04,94.44999694824219,83.81999969482422,1.3150973320007324,1.6461988687515259,,3.1384999752044678,104.87100219726562,1997.6500244140625,4562.2900390625,12.640000343322754,1970.2203930664064,1885.6696472167969,5.9384939118337075,,
2014-09-05,93.29000091552734,83.76000213623047,1.2932761907577515,1.629407525062561,,3.1579999923706055,105.58200073242188,2007.7099609375,4582.89990234375,12.09000015258789,1971.1553930664063,1886.6791467285157,6.41501838926087,,
2014-09-08,92.66000366210938,84.2300033569336,1.2953367233276367,1.6212447881698608,,3.1575000286102295,105.18000030517578,2001.5400390625,4592.2900390625,12.65999984741211,1971.9815942382813,1887.6823468017578,6.031612916953309,,
2014-09-09,92.75,84.27999877929688,1.2891082763671875,1.6095025539398193,,3.0945000648498535,106.16000366210938,1988.43994140625,4552.2900390625,13.5,1972.283994140625,1888.6487963867187,5.283732222234617,,
2014-09-10,91.66999816894531,84.25,1.2941968441009521,1.6124610900878906,,3.1045000553131104,106.12300109863281,1995.68994140625,4586.52001953125,12.880000114440918,1972.7053930664063,1889.6631958007813,5.610880597192232,,
2014-09-11,92.83000183105469,84.30000305175781,1.2917059659957886,1.620089054107666,,3.0869998931884766,106.82599639892578,1997.449951171875,4591.81005859375,12.800000190734863,1972.9455932617188,1890.7252954101561,5.644641028540691,,
2014-09-12,92.2699966430664,84.23999786376953,1.2923569679260254,1.6251970529556274,,3.1019999980926514,107.1050033569336,1985.5400390625,4567.60009765625,13.3100004196167,1972.9475952148437,1891.6275457763672,4.964639761977505,,
2014-09-15,92.91999816894531,84.26000213623047,1.2960082292556763,1.6258047819137573,,3.0810000896453857,107.33000183105469,1984.1300048828125,4518.89990234375,14.119999885559082,1973.0771948242189,1892.5063458251952,4.841392434944059,,
2014-09-16,94.87999725341797,84.06999969482422,1.2939791679382324,1.6229023933410645,,3.1600000858306885,107.13800048828125,1998.97998046875,4552.759765625,12.729999542236328,1973.7825952148437,1893.4881457519532,5.571296284767775,,
2014-09-17,94.41999816894531,84.69999694824219,1.2959076166152954,1.6265981197357178,,3.1414999961853027,107.1500015258789,2001.5699462890625,4562.18994140625,12.649999618530273,1974.3573950195312,1894.5848956298828,5.646886075464617,,
2014-09-18,93.06999969482422,84.31999969482422,1.285000205039978,1.6268097162246704,,3.0924999713897705,108.51599884033203,2011.3599853515625,4593.43017578125,12.029999732971191,1975.2909936523438,1895.7641955566405,6.097582709171294,,
2014-09-19,92.41000366210938,84.80000305175781,1.2920063734054565,1.643709421157837,,3.0885000228881836,108.80000305175781,2010.4000244140625,4579.7900390625,12.109999656677246,1976.1475952148437,1896.9395959472656,5.981235707726302,,
2014-09-22,91.5199966430664,84.66999816894531,1.2841421365737915,1.6319869756698608,,3.0380001068115234,108.94000244140625,1994.2900390625,4527.68994140625,13.6899995803833,1976.491396484375,1897.9783459472656,5.074435823827382,,
2014-09-23,91.55999755859375,84.66000366210938,1.2851488590240479,1.6371970176696777,,3.0344998836517334,108.75,1982.77001953125,4508.68994140625,14.930000305175781,1976.6811962890624,1898.9871960449218,4.411974112349216,,
2014-09-24,92.80000305175781,85.05000305175781,1.2853965759277344,1.6393711566925049,,3.059499979019165,108.54199981689453,1998.300048828125,4555.22021484375,13.270000457763672,1977.0157983398437,1899.9254461669923,5.177813837884992,,
2014-09-25,92.52999877929688,85.19999694824219,1.2778083086013794,1.6324131488800049,,3.059999942779541,109.31600189208984,1965.989990234375,4466.75,15.640000343322754,1977.1731982421875,1900.7073962402344,3.4346472330920204,,
2014-09-26,93.54000091552734,85.63999938964844,1.2757054567337036,1.6331329345703125,,3.0290000438690186,108.61000061035156,1982.8499755859375,4512.18994140625,14.850000381469727,1977.2657983398437,1901.5300463867188,4.27655241912914,,
2014-09-29,94.56999969482422,85.58999633789062,1.2673146724700928,1.6238247156143188,,3.052999973297119,109.41100311279297,1977.800048828125,4505.85009765625,15.979999542236328,1977.34919921875,1902.2790966796874,3.970024812881286,,
2014-09-30,91.16000366210938,85.94000244140625,1.269083857536316,1.624220371246338,,3.005500078201294,109.38999938964844,1972.2900390625,4493.39013671875,16.309999465942383,1977.1243994140625,1902.9739471435546,3.642513972563409,,
2014-10-01,90.7300033569336,85.97000122070312,1.262833595275879,1.6213761568069458,,3.0334999561309814,109.66000366210938,1946.1600341796875,4422.08984375,16.709999084472656,1976.3073999023438,1903.538147583008,2.239087598575219,,
2014-10-02,91.01000213623047,85.5999984741211,1.2624191045761108,1.6192234754562378,,2.996500015258789,109.0199966430664,1946.1700439453125,4430.2001953125,16.15999984741211,1975.471201171875,1904.0588977050782,2.2116514510654066,,
2014-10-03,89.73999786376953,86.69000244140625,1.2670577764511108,1.6160049438476562,,2.994499921798706,108.52300262451172,1967.9000244140625,4475.6201171875,14.550000190734863,1975.26240234375,1904.691397705078,3.3185757433011527,,
2014-10-06,90.33999633789062,85.70999908447266,1.2513607740402222,1.5963984727859497,,3.0304999351501465,109.802001953125,1964.8199462890625,4454.7998046875,15.460000038146973,1974.9806005859375,1905.3101477050782,3.123365435053349,,
2014-10-07,88.8499984741211,85.66999816894531,1.264606237411499,1.6075102090835571,,3.0344998836517334,108.86799621582031,1935.0999755859375,4385.2001953125,17.200000762939453,1974.2836010742187,1905.74384765625,1.540402607926072,,
2014-10-08,87.30999755859375,85.30000305175781,1.266800880432129,1.608906865119934,,3.0,108.0719985961914,1968.8900146484375,4468.58984375,15.109999656677246,1974.2600024414062,1906.3464978027343,3.2808052952488524,,
2014-10-09,85.7699966430664,85.5199966430664,1.2743074893951416,1.616292119026184,,3.0280001163482666,108.12699890136719,1928.2099609375,4378.33984375,18.760000228881836,1974.21080078125,1906.827647705078,1.1213553179888136,,
2014-10-10,85.81999969482422,85.91000366210938,1.2689067125320435,1.6122791767120361,,3.0320000648498535,107.83000183105469,1906.1300048828125,4276.240234375,21.239999771118164,1973.830400390625,1907.2014477539062,-0.05617879916961846,,
2014-10-13,85.73999786376953,85.43000030517578,1.263982892036438,1.60929536819458,,3.0364999771118164,107.33799743652344,1874.739990234375,4213.66015625,24.639999389648438,1972.545400390625,1907.4412976074218,-1.7144070128955124,,
2014-10-14,81.83999633789062,85.81999969482422,1.272394061088562,1.6066838502883911,,3.0850000381469727,107.06300354003906,1877.699951171875,4227.169921875,22.790000915527344,1971.6952001953125,1907.6403973388672,-1.569501579477908,,
2014-10-15,81.77999877929688,85.1500015258789,1.2639029026031494,1.589142918586731,,3.004499912261963,107.31400299072266,1862.489990234375,4215.31982421875,25.270000457763672,1970.5402001953125,1907.7653973388672,-2.3732167051382005,,
2014-10-16,82.69999694824219,85.0,1.2821663618087769,1.599206805229187,,2.9784998893737793,105.9800033569336,1862.760009765625,4217.39013671875,25.200000762939453,1969.6040014648438,1907.8885473632813,-2.365365506283076,,
2014-10-17,82.75,85.19000244140625,1.280442476272583,1.609606146812439,,3.000999927520752,106.40499877929688,1886.760009765625,4258.43994140625,21.989999771118164,1968.70740234375,1908.1104974365235,-1.118933505139355,,
2014-10-20,82.70999908447266,84.94999694824219,1.274957299232483,1.6092175245285034,,2.990499973297119,107.14399719238281,1904.010009765625,4316.06982421875,18.56999969482422,1968.0492016601563,1908.5345477294923,-0.23706869594003016,,
2014-10-21,82.80999755859375,85.30999755859375,1.2795250415802002,1.6159005165100098,,3.0309998989105225,106.91000366210938,1941.280029296875,4419.47998046875,16.079999923706055,1968.1998022460937,1909.0465478515625,1.6884596911263354,,
2014-10-22,80.5199966430664,85.73999786376953,1.2714719772338867,1.611499547958374,,3.0225000381469727,107.02100372314453,1927.1099853515625,4382.85009765625,17.8700008392334,1967.8076025390626,1909.4401977539062,0.9253909925244816,,
2014-10-23,82.08999633789062,85.83999633789062,1.2641425132751465,1.6044925451278687,,3.049999952316284,107.14800262451172,1950.8199462890625,4452.7900390625,16.530000686645508,1967.720400390625,1909.9648474121093,2.139049780539651,,
2014-10-24,81.01000213623047,85.7300033569336,1.2654062509536743,1.6029495000839233,,3.0510001182556152,108.16100311279297,1964.5799560546875,4483.72021484375,16.110000610351562,1967.9107983398437,1910.5942474365233,2.825597778837537,,
2014-10-27,81.0,85.5,1.2676681280136108,1.60929536819458,,3.078000068664551,108.2020034790039,1961.6300048828125,4485.93017578125,16.040000915527344,1967.7085986328125,1911.208897705078,2.638178758914247,,
2014-10-28,81.41999816894531,85.41000366210938,1.270147681236267,1.6124871969223022,,3.1085000038146973,107.84300231933594,1985.050048828125,4564.2900390625,14.390000343322754,1967.7776000976562,1911.9151477050782,3.825216888460376,,
2014-10-29,82.19999694824219,85.94999694824219,1.273836612701416,1.6142832040786743,,3.111999988555908,108.11199951171875,1982.300048828125,4549.22998046875,15.149999618530273,1967.6934008789062,1912.602348022461,3.644129208443568,,
2014-10-30,81.12000274658203,86.1500015258789,1.2632802724838257,1.600563406944275,,3.072000026702881,108.84600067138672,1994.6500244140625,4566.14013671875,14.520000457763672,1967.7390014648438,1913.4332983398438,4.244554860871554,,
2014-10-31,80.54000091552734,86.87999725341797,1.2613362073898315,1.600102424621582,,3.061000108718872,109.21299743652344,2018.050048828125,4630.740234375,14.029999732971191,1968.332001953125,1914.572098388672,5.404756004046093,,
2014-11-03,78.77999877929688,87.30999755859375,1.2503125667572021,1.597367525100708,,3.0794999599456787,112.84100341796875,2017.81005859375,4638.91015625,14.729999542236328,1968.7298022460936,1915.7533483886718,5.327236425864395,,
2014-11-04,77.19000244140625,86.9800033569336,1.2495938539505005,1.5978779792785645,,3.0334999561309814,113.64800262451172,2012.0999755859375,4623.64013671875,14.890000343322754,1968.9714013671876,1916.8513482666015,4.969014806780341,,
2014-11-05,78.68000030517578,87.44000244140625,1.2552564144134521,1.6006401777267456,,3.0225000381469727,113.4800033569336,2023.5699462890625,4620.72021484375,14.170000076293945,1969.440400390625,1918.0981982421874,5.498766858940438,,
2014-11-06,77.91000366210938,88.01000213623047,1.2480031251907349,1.5964748859405518,,3.0304999351501465,114.65499877929688,2031.2099609375,4638.47021484375,13.670000076293945,1970.1297998046875,1919.2832983398437,5.831690542739131,,
2014-11-07,78.6500015258789,87.63999938964844,1.238006830215454,1.5841333866119385,,3.052500009536743,115.1760025024414,2031.9200439453125,4632.52978515625,13.119999885559082,1970.70080078125,1920.5299487304687,5.799966581540483,,
2014-11-10,77.4000015258789,87.80999755859375,1.246137022972107,1.5885119438171387,,3.0274999141693115,114.53299713134766,2038.260009765625,4651.6201171875,12.670000076293945,1971.3986010742187,1922.0117987060546,6.0482568909218735,,
2014-11-11,77.94000244140625,87.52999877929688,1.242992639541626,1.585338830947876,,3.0415000915527344,114.75299835205078,2039.6800537109375,4660.56005859375,12.920000076293945,1972.1466015625,1923.43419921875,6.043661620418494,,
2014-11-12,77.18000030517578,87.81999969482422,1.2475829124450684,1.592610239982605,,3.0344998836517334,115.72100067138672,2038.25,4675.14013671875,13.020000457763672,1972.8972021484376,1924.867249145508,5.89041924344784,,
2014-11-13,74.20999908447266,87.66999816894531,1.242992639541626,1.576889157295227,,2.999500036239624,115.56999969482422,2039.3299560546875,4680.14013671875,13.789999961853027,1973.73080078125,1926.1967486572266,5.8733983159470755,,
2014-11-14,75.81999969482422,87.52999877929688,1.2475982904434204,1.5702284574508667,,3.058000087738037,115.8239974975586,2039.8199462890625,4688.5400390625,13.3100004196167,1974.3730004882811,1927.4107482910156,5.832135059831808,,
2014-11-17,75.63999938964844,87.93000030517578,1.251846432685852,1.5666369199752808,,3.049499988555908,116.89600372314453,2041.3199462890625,4671.0,13.989999771118164,1975.1685986328125,1928.6181481933593,5.843655375807652,,
2014-11-18,74.61000061035156,87.58000183105469,1.2448959350585938,1.5640885829925537,,3.010999917984009,116.64600372314453,2051.800048828125,4702.43994140625,13.859999656677246,1976.43580078125,1929.7783984375,6.3230913191599205,,
2014-11-19,74.58000183105469,87.6500015258789,1.253337025642395,1.5628662109375,,3.046999931335449,116.86900329589844,2048.719970703125,4675.7099609375,13.960000038146973,1977.4964013671874,1930.9256982421875,6.1004042034435155,,
2014-11-20,75.58000183105469,87.58999633789062,1.2540757656097412,1.5673490762710571,,3.0274999141693115,118.14800262451172,2052.75,4701.8701171875,13.579999923706055,1978.60240234375,1932.040298461914,6.2477838394045,,
2014-11-21,76.51000213623047,88.30999755859375,1.2545005083084106,1.5694891214370728,,3.0350000858306885,118.23600006103516,2063.5,4712.97021484375,12.899999618530273,1980.1616015625,1933.1646484375,6.742071952735365,,
2014-11-24,75.77999877929688,88.1500015258789,1.2375012636184692,1.5648717880249023,,3.003999948501587,117.74400329589844,2069.409912109375,4754.89013671875,12.619999885559082,1981.8671997070312,1934.3185479736328,6.983925386915313,,
2014-11-25,74.08999633789062,87.91999816894531,1.2433171272277832,1.5697108507156372,,2.9609999656677246,118.4540023803711,2067.030029296875,4758.25,12.25,1983.2282006835937,1935.449898071289,6.798426110472196,,
2014-11-26,73.69000244140625,87.61000061035156,1.24806547164917,1.572104573249817,,2.9600000381469727,117.8010025024414,2072.830078125,4787.31982421875,12.069999694824219,1984.6534033203125,1936.6702984619142,7.030612271547857,,
2014-11-27,73.69000244140625,87.61000061035156,1.2505940198898315,1.5789058208465576,,2.9600000381469727,117.62999725341797,2072.830078125,4787.31982421875,12.069999694824219,1985.8828051757812,1937.8355487060546,6.966253122412007,,
2014-11-28,66.1500015258789,88.36000061035156,1.246199131011963,1.5724753141403198,,2.859999895095825,117.83999633789062,2067.56005859375,4791.6298828125,13.329999923706055,1987.026005859375,1938.9920989990235,6.6306592822682395,,
2014-12-01,69.0,87.94999694824219,1.2438275814056396,1.5612071752548218,,2.930500030517578,118.86399841308594,2053.43994140625,4727.35009765625,14.15999984741211,1988.20900390625,1940.021248779297,5.846260328247362,,
2014-12-02,66.87999725341797,88.6500015258789,1.247007131576538,1.5734403133392334,,2.9135000705718994,118.30799865722656,2066.550048828125,4755.81005859375,12.850000381469727,1989.8846044921875,1941.1283990478516,6.461275299552274,,
2014-12-03,67.37999725341797,88.95999908447266,1.2388503551483154,1.5646514892578125,,2.8929998874664307,119.19400024414062,2074.330078125,4774.47021484375,12.5,1991.405205078125,1942.2742492675782,6.799031028044541,,
2014-12-04,66.80999755859375,88.69999694824219,1.231663703918457,1.5694153308868408,,2.932499885559082,119.86100006103516,2071.919921875,4769.43994140625,12.380000114440918,1993.5238037109375,1943.3623986816406,6.6152110013331376,,
2014-12-05,65.83999633789062,89.33000183105469,1.2386661767959595,1.567865014076233,,2.92549991607666,119.81199645996094,2075.3701171875,4780.759765625,11.890000343322754,1995.3742065429688,1944.4419995117187,6.733454518502456,,
2014-12-08,63.04999923706055,89.04000091552734,1.2294074296951294,1.556565523147583,,2.9105000495910645,121.56099700927734,2060.31005859375,4740.68994140625,14.210000038146973,1997.0244067382812,1945.5148999023438,5.900502673979438,,
2014-12-09,63.81999969482422,88.69000244140625,1.2315119504928589,1.565165638923645,,2.946500062942505,120.6500015258789,2059.820068359375,4766.47021484375,15.350000381469727,1998.7750073242187,1946.4444500732423,5.824754889967014,,
2014-12-10,60.939998626708984,88.2699966430664,1.2394952774047852,1.5687997341156006,,2.9140000343322754,119.34200286865234,2026.1400146484375,4684.02001953125,18.530000686645508,2000.3746069335937,1947.2060998535155,4.053701084895945,,
2014-12-11,59.95000076293945,88.66000366210938,1.2473959922790527,1.5747040510177612,,2.940999984741211,117.70899963378906,2035.3299560546875,4708.16015625,20.079999923706055,2002.1578051757813,1947.9975994873048,4.483186046551997,,
2014-12-12,57.810001373291016,88.36000061035156,1.2394952774047852,1.572252869606018,,2.946500062942505,119.00700378417969,2002.3299560546875,4653.60009765625,21.079999923706055,2002.8464038085938,1948.6190490722656,2.7563574834185034,,
2014-12-15,55.90999984741211,88.45999908447266,1.2463544607162476,1.5727968215942383,,2.8980000019073486,118.16500091552734,1989.6300048828125,4605.16015625,20.420000076293945,2003.3426049804686,1949.181348876953,2.075161248037002,,
2014-12-16,55.93000030517578,88.12999725341797,1.2443537712097168,1.5645290613174438,,2.877500057220459,117.74099731445312,1972.739990234375,4547.830078125,23.56999969482422,2004.0954052734376,1949.7068988037108,1.1813617444138231,,
2014-12-17,56.470001220703125,89.12999725341797,1.2512043714523315,1.5745303630828857,,2.887500047683716,116.61299896240234,2012.8900146484375,4644.31005859375,19.440000534057617,2004.9754052734374,1950.4303491210937,3.2023530373945133,,
2014-12-18,54.11000061035156,89.23999786376953,1.2338976860046387,1.5573413372039795,,2.872499942779541,118.7959976196289,2061.22998046875,4748.39990234375,16.809999465942383,2007.6358056640624,1951.5047991943359,5.622593463245048,,
2014-12-19,56.52000045776367,89.5999984741211,1.229044795036316,1.5670051574707031,,2.9079999923706055,118.93800354003906,2070.64990234375,4765.3798828125,16.489999771118164,2010.9262036132814,1952.6523986816405,6.042934407669131,,
2014-12-22,55.2599983215332,89.7699966430664,1.2225985527038574,1.5629639625549316,,2.9035000801086426,119.49700164794922,2078.5400390625,4781.419921875,15.25,2015.0022045898438,1953.7509490966797,6.387154413079964,,
2014-12-23,57.119998931884766,90.05999755859375,1.2223743200302124,1.557778000831604,,2.9019999504089355,120.1500015258789,2082.169921875,4765.419921875,14.800000190734863,2019.0916040039062,1954.8005487060548,6.515722192387101,,
2014-12-24,55.84000015258789,89.97000122070312,1.217492938041687,1.5522165298461914,,2.874500036239624,120.69000244140625,2081.8798828125,4773.47021484375,14.369999885559082,2023.4794018554687,1955.906098022461,6.440686744491776,,
2014-12-25,55.84000015258789,89.97000122070312,1.2198543548583984,1.5562022924423218,,2.874500036239624,120.45899963378906,2081.8798828125,4773.47021484375,14.369999885559082,2027.8617993164062,1956.9554473876954,6.383611624452873,,
2014-12-26,54.72999954223633,90.02999877929688,1.2210012674331665,1.5562022924423218,,2.8355000019073486,120.37000274658203,2088.77001953125,4806.85986328125,14.5,2031.9019995117187,1958.0666973876953,6.67512104250224,,
2014-12-29,53.61000061035156,90.19000244140625,1.216944694519043,1.5553550720214844,,2.8380000591278076,120.42400360107422,2090.570068359375,4806.91015625,15.0600004196167,2035.6332006835937,1959.2323480224609,6.703529597675286,,
2014-12-30,54.119998931884766,89.98999786376953,1.215347409248352,1.5515903234481812,,2.86899995803833,120.63200378417969,2080.35009765625,4777.43994140625,15.920000076293945,2038.4146020507812,1960.3059985351563,6.123742885590157,,
2014-12-31,53.27000045776367,90.2699966430664,1.2162047624588013,1.5569047927856445,,2.8385000228881836,119.45800018310547,2058.89990234375,4736.0498046875,19.200000762939453,2041.050400390625,1961.3376977539062,4.974268566885269,,
2015-01-01,53.27000045776367,90.2699966430664,1.2098628282546997,1.558093547821045,,2.8385000228881836,119.6729965209961,2058.89990234375,4736.0498046875,19.200000762939453,2043.2119995117187,1962.3869970703124,4.918138237642405,,
2015-01-02,52.689998626708984,91.08000183105469,1.2089413404464722,1.5579720735549927,,2.8385000228881836,119.87000274658203,2058.199951171875,4726.81005859375,17.790000915527344,2045.0843994140625,1963.389896850586,4.828895904647924,,
2015-01-05,50.040000915527344,91.37999725341797,1.194643259048462,1.5284910202026367,,2.7929999828338623,120.43399810791016,2020.5799560546875,4652.56982421875,19.920000076293945,2046.2633984375,1964.1310968017578,2.8739863314035756,,
2015-01-06,47.93000030517578,91.5,1.193901538848877,1.5258322954177856,,2.803999900817871,119.42500305175781,2002.6099853515625,4592.740234375,21.1200008392334,2046.6145971679687,1964.7165466308593,1.9286974900111546,,
2015-01-07,48.650001525878906,91.88999938964844,1.1875356435775757,1.5137982368469238,,2.7960000038146973,118.6729965209961,2025.9000244140625,4650.47021484375,19.309999465942383,2047.4865966796874,1965.3915466308595,3.0786983838883764,,
2015-01-08,48.790000915527344,92.37000274658203,1.1836000680923462,1.5107566118240356,,2.806999921798706,119.28900146484375,2062.139892578125,4736.18994140625,17.010000228881836,2048.8363940429685,1966.2583959960937,4.876342640279402,,
2015-01-09,48.36000061035156,91.94000244140625,1.1796069145202637,1.5087963342666626,,2.7904999256134033,119.79199981689453,2044.81005859375,4704.06982421875,17.549999237060547,2049.3715942382814,1967.156996459961,3.947476600674539,,
2015-01-12,46.06999969482422,91.9800033569336,1.187070369720459,1.5189489126205444,,2.763000011444092,118.21199798583984,2028.260009765625,4664.7099609375,19.600000381469727,2049.5805932617186,1968.0730963134765,3.0581645348888937,,
2015-01-13,45.88999938964844,92.30999755859375,1.1831519603729248,1.5170363187789917,,2.678999900817871,118.3280029296875,2023.030029296875,4661.5,20.559999465942383,2049.7991943359375,1968.9284466552735,2.747767839583341,,
2015-01-14,48.47999954223633,92.16000366210938,1.1778285503387451,1.5170363187789917,,2.552999973297119,117.79499816894531,2011.27001953125,4639.31982421875,21.479999542236328,2049.5531958007814,1969.623896484375,2.1144200738633385,,
2015-01-15,46.25,92.3499984741211,1.1785920858383179,1.5234380960464478,,2.6110000610351562,117.38999938964844,1992.6700439453125,4570.81982421875,22.389999389648438,2048.7823974609373,1970.421846923828,1.1291083204450734,,
2015-01-16,48.689998626708984,92.5199966430664,1.1637378931045532,1.5181187391281128,,2.6540000438690186,116.12999725341797,2019.4200439453125,4634.3798828125,20.950000762939453,2048.5323974609373,1971.4404974365234,2.4337303900968457,,
2015-01-19,48.689998626708984,92.5199966430664,1.1566041707992554,1.5142109394073486,,2.6540000438690186,117.55999755859375,2019.4200439453125,4634.3798828125,20.950000762939453,2048.1555981445313,1972.3845477294922,2.3847021246422346,,
2015-01-20,46.38999938964844,93.05000305175781,1.1597968339920044,1.5090012550354004,,2.615499973297119,117.71199798583984,2022.550048828125,4654.85009765625,19.889999389648438,2047.812998046875,1973.282398071289,2.496735936275053,,
2015-01-21,47.779998779296875,92.9000015258789,1.1546944379806519,1.5147384405136108,,2.615000009536743,118.64900207519531,2032.1199951171875,4667.419921875,18.850000381469727,2047.6903979492188,1974.1314477539063,2.937420779617205,,
2015-01-22,46.310001373291016,94.23999786376953,1.1615345478057861,1.5144860744476318,,2.6005001068115234,117.86000061035156,2063.14990234375,4750.39990234375,16.399999618530273,2048.166796875,1975.1229473876954,4.456783567447252,,
2015-01-23,45.59000015258789,95.0,1.1346745491027832,1.5013211965560913,,2.5374999046325684,118.7509994506836,2051.820068359375,4757.8798828125,16.65999984741211,2048.4067993164062,1976.0577978515626,3.8340108568779603,,
2015-01-26,45.150001525878906,94.80000305175781,1.1125450134277344,1.4995876550674438,,2.573499917984009,117.36100006103516,2057.090087890625,4771.759765625,15.520000457763672,2048.7222021484376,1976.9837982177735,4.051944671730054,,
2015-01-27,46.22999954223633,94.0199966430664,1.1247708797454834,1.5085458755493164,,2.5134999752044678,118.5199966430664,2029.550048828125,4681.5,17.219999313354492,2048.2772021484375,1977.7337982177735,2.6199810438111295,,
2015-01-28,44.45000076293945,94.47000122070312,1.1367381811141968,1.5188103914260864,,2.5215001106262207,117.7750015258789,2002.1600341796875,4637.990234375,20.440000534057617,2047.3460034179689,1978.3676483154297,1.2026271196113052,,
2015-01-29,44.529998779296875,94.77999877929688,1.1281461715698242,1.5142338275909424,,2.4704999923706055,117.59200286865234,2021.25,4683.41015625,18.760000228881836,2046.7160034179688,1979.080848388672,2.1307442616940757,,
2015-01-30,48.2400016784668,94.80000305175781,1.13355553150177,1.5079090595245361,,2.5280001163482666,118.24800109863281,1994.989990234375,4635.240234375,20.969999313354492,2045.3458032226563,1979.7387982177734,0.7703638495306181,,
2015-02-02,49.56999969482422,94.5,1.1309019327163696,1.5087052583694458,,2.510999917984009,117.18399810791016,2020.8499755859375,4676.68994140625,19.43000030517578,2044.3746044921875,1980.4958978271484,2.037574417753785,,
2015-02-03,53.04999923706055,93.5999984741211,1.1341726779937744,1.5028102397918701,,2.5999999046325684,117.57499694824219,2050.030029296875,4727.740234375,17.329999923706055,2044.0346044921876,1981.3543981933594,3.466095271302068,,
2015-02-04,48.45000076293945,93.98999786376953,1.145737886428833,1.5142109394073486,,2.611999988555908,117.64600372314453,2041.510009765625,4716.7001953125,18.329999923706055,2043.408203125,1982.1421984863282,2.9951338165664048,,
2015-02-05,50.47999954223633,94.69999694824219,1.131874680519104,1.5180034637451172,,2.611999988555908,117.28800201416016,2062.52001953125,4765.10009765625,16.850000381469727,2043.202001953125,1983.0363983154298,4.0081776251480195,,
2015-02-06,51.689998626708984,94.69999694824219,1.147196888923645,1.5325905084609985,,2.6029999256134033,117.53500366210938,2055.469970703125,4744.39990234375,17.290000915527344,2042.9602001953126,1983.9080480957032,3.6071189224778872,,
2015-02-09,52.86000061035156,94.44999694824219,1.1314393281936646,1.523902416229248,,2.5989999771118164,118.97000122070312,2046.739990234375,4726.009765625,18.549999237060547,2042.826201171875,1984.7184478759766,3.1249541931135445,,
2015-02-10,50.02000045776367,94.76000213623047,1.1326953172683716,1.5216069221496582,,2.5625,118.56300354003906,2068.590087890625,4787.64013671875,17.229999542236328,2042.867001953125,1985.722798461914,4.1731549586325825,,
2015-02-11,48.84000015258789,94.98999786376953,1.1321951150894165,1.526205062866211,,2.552500009536743,119.35800170898438,2068.530029296875,4801.18017578125,16.959999084472656,2042.7510009765624,1986.674398803711,4.120233821025423,,
2015-02-12,51.209999084472656,94.08999633789062,1.131196141242981,1.5242739915847778,,2.6089999675750732,120.16999816894531,2088.47998046875,4857.60986328125,15.34000015258789,2043.0822021484375,1987.7386486816406,5.0681376977766,,
2015-02-13,52.779998779296875,94.19999694824219,1.140393853187561,1.5391956567764282,,2.6135001182556152,118.91600036621094,2096.989990234375,4893.83984375,14.6899995803833,2043.514599609375,1988.8311987304687,5.438309272951235,,
2015-02-16,52.779998779296875,94.19999694824219,1.1400039196014404,1.5400489568710327,,2.6135001182556152,118.56999969482422,2096.989990234375,4893.83984375,14.6899995803833,2044.2481982421875,1989.8328985595704,5.385230677026955,,
2015-02-17,53.529998779296875,94.05999755859375,1.1334012746810913,1.5356265306472778,,2.5945000648498535,118.49199676513672,2100.340087890625,4899.27001953125,15.800000190734863,2045.0585986328124,1990.847349243164,5.49980583338474,,
2015-02-18,52.13999938964844,94.19999694824219,1.1404719352722168,1.5353436470031738,,2.6394999027252197,119.20800018310547,2099.679931640625,4906.35986328125,15.449999809265137,2046.5293969726563,1991.9030987548829,5.410746785479287,,
2015-02-19,51.15999984741211,94.4000015258789,1.1400039196014404,1.543900728225708,,2.6414999961853027,118.68900299072266,2097.449951171875,4924.7001953125,15.289999961853027,2047.771796875,1993.0360986328126,5.238934337952457,,
2015-02-20,50.34000015258789,94.25,1.1366735696792603,1.5419963598251343,,2.6105000972747803,118.98799896240234,2110.300048828125,4955.97021484375,14.300000190734863,2049.9311987304686,1994.1982989501953,5.821976176544182,,
2015-02-23,49.45000076293945,94.56999969482422,1.1381484270095825,1.5389113426208496,,2.6394999027252197,119.07599639892578,2109.659912109375,4960.97021484375,14.5600004196167,2052.331796875,1995.3211987304687,5.730341232862897,,
2015-02-24,49.279998779296875,94.48999786376953,1.1332985162734985,1.5452368259429932,,2.7114999294281006,118.90299987792969,2115.47998046875,4968.1201171875,13.6899995803833,2055.1865966796877,1996.534448852539,5.957599764159945,,
2015-02-25,50.9900016784668,94.20999908447266,1.1339025497436523,1.545905590057373,,2.7074999809265137,118.89199829101562,2113.860107421875,4967.14013671875,13.84000015258789,2057.205998535156,1997.663599243164,5.816620387072838,,
2015-02-26,48.16999816894531,95.29000091552734,1.1363636255264282,1.552891492843628,,2.7139999866485596,118.8219985961914,2110.739990234375,4987.89013671875,13.90999984741211,2058.196198730469,1998.754849243164,5.602745180761642,,
2015-02-27,49.7599983215332,95.25,1.1205360889434814,1.5418059825897217,,2.7160000801086426,119.37699890136719,2104.5,4963.52978515625,13.34000015258789,2058.873200683594,1999.7746990966798,5.236854979244701,,
2015-03-02,49.59000015258789,95.45999908447266,1.1161960363388062,1.5406184196472168,,2.7109999656677246,119.82599639892578,2117.389892578125,5008.10009765625,13.039999961853027,2059.6501977539065,2000.8589984130858,5.824043286281629,,
2015-03-03,50.52000045776367,95.37999725341797,1.1179054975509644,1.5359095335006714,,2.6735000610351562,120.2040023803711,2107.780029296875,4979.89990234375,13.859999656677246,2060.1623999023436,2001.8383483886719,5.292219573747208,,
2015-03-04,51.529998779296875,95.97000122070312,1.118217945098877,1.5366648435592651,,2.677000045776367,119.63700103759766,2098.530029296875,4967.14013671875,14.229999542236328,2060.4954028320312,2002.7820983886718,4.780746292132166,,
2015-03-05,50.7599983215332,96.37999725341797,1.1082050800323486,1.52650785446167,,2.671999931335449,119.6510009765625,2101.0400390625,4982.81005859375,14.039999961853027,2060.878605957031,2003.6871484375,4.858687180826463,,
2015-03-06,49.61000061035156,97.62000274658203,1.1032048463821411,1.5247621536254883,,2.628999948501587,120.04499816894531,2071.260009765625,4927.3701171875,15.199999809265137,2060.5284057617187,2004.425598754883,3.334342319927392,,
2015-03-09,50.0,97.58999633789062,1.0845986604690552,1.5057746171951294,,2.687000036239624,120.73899841308594,2079.429931640625,4942.43994140625,15.0600004196167,2060.3056030273438,2005.1978985595704,3.7019803947719594,,
2015-03-10,48.290000915527344,98.62000274658203,1.0833414793014526,1.5104827880859375,,2.634999990463257,121.40799713134766,2044.1600341796875,4859.7900390625,16.690000534057617,2059.5818017578126,2005.7974987792968,1.9125826721659418,,
2015-03-11,48.16999816894531,99.80000305175781,1.0708701610565186,1.508204698562622,,2.622499942779541,121.03800201416016,2040.239990234375,4849.93994140625,16.8700008392334,2059.208603515625,2006.3592987060547,1.6886652131635003,,
2015-03-12,47.04999923706055,99.1500015258789,1.0548745393753052,1.4932951927185059,,2.674499988555908,121.41100311279297,2065.949951171875,4893.2900390625,15.420000076293945,2059.3496044921876,2006.9867486572266,2.9378969519404,,
2015-03-13,44.84000015258789,100.33000183105469,1.0626314878463745,1.4894028902053833,,2.678499937057495,121.31800079345703,2053.39990234375,4871.759765625,16.0,2059.253603515625,2007.506548461914,2.286087381234098,,
2015-03-16,43.880001068115234,99.5999984741211,1.0481630563735962,1.4755791425704956,,2.677500009536743,121.34300231933594,2081.18994140625,4929.509765625,15.609999656677246,2060.465803222656,2008.156148071289,3.636858289386786,,
2015-03-17,43.459999084472656,99.58999633789062,1.0572947263717651,1.4825797080993652,,2.6414999961853027,121.36699676513672,2074.280029296875,4937.43017578125,15.65999984741211,2061.8992041015626,2008.7735980224609,3.2610161413362855,,
2015-03-18,44.65999984741211,98.55000305175781,1.0598047971725464,1.47520911693573,,2.5869998931884766,121.27999877929688,2099.5,4982.830078125,13.970000267028809,2063.371203613281,2009.5516479492187,4.476040819482052,,
2015-03-19,43.959999084472656,99.0999984741211,1.0849988460540771,1.496199607849121,,2.674499988555908,120.06400299072266,2089.27001953125,4992.3798828125,14.069999694824219,2063.9138061523436,2010.3474481201172,3.925817474234794,,
2015-03-20,45.720001220703125,97.91000366210938,1.066894292831421,1.4761673212051392,,2.7750000953674316,120.76200103759766,2108.10009765625,5026.419921875,13.020000457763672,2065.1796069335937,2011.2071484375,4.817651393792315,,
2015-03-23,47.45000076293945,97.02999877929688,1.0826611518859863,1.494321584701538,,2.808000087738037,120.0270004272461,2104.419921875,5010.97021484375,13.40999984741211,2066.702805175781,2012.0403479003905,4.5913380450352115,,
2015-03-24,47.5099983215332,97.19000244140625,1.094499111175537,1.4951928853988647,,2.815000057220459,119.75,2091.5,4994.72998046875,13.619999885559082,2068.0722045898438,2012.7878979492189,3.910600919797809,,
2015-03-25,49.209999084472656,96.9800033569336,1.0902034044265747,1.4833933115005493,,2.805000066757202,119.79100036621094,2061.050048828125,4876.52001953125,15.4399995803833,2069.0678051757814,2013.3082482910156,2.3713110288816788,,
2015-03-26,51.43000030517578,97.44000244140625,1.0960465669631958,1.4877409934997559,,2.821500062942505,119.51799774169922,2056.14990234375,4863.35986328125,15.800000190734863,2070.33740234375,2013.7915979003906,2.1034105260704647,,
2015-03-27,48.869998931884766,97.29000091552734,1.0886367559432983,1.4858399629592896,,2.7750000953674316,119.18299865722656,2061.02001953125,4891.22021484375,15.069999694824219,2071.1694018554685,2014.2823480224608,2.320313810756187,,
2015-03-30,48.68000030517578,97.9800033569336,1.0884946584701538,1.4885826110839844,,2.7874999046325684,119.25,2086.239990234375,4947.43994140625,14.510000228881836,2072.50580078125,2014.900498046875,3.540596285357623,,
2015-03-31,47.599998474121094,98.36000061035156,1.0830246210098267,1.4809110164642334,,2.746999979019165,120.01300048828125,2067.889892578125,4900.8798828125,15.289999961853027,2073.41259765625,2015.490047607422,2.5998562996084567,,
2015-04-01,50.09000015258789,98.19000244140625,1.073814034461975,1.482953429222107,,2.756500005722046,120.02200317382812,2059.68994140625,4880.22998046875,15.109999656677246,2073.963996582031,2015.9908471679687,2.1676236427198607,,
2015-04-02,49.13999938964844,97.44000244140625,1.0769942998886108,1.4836794137954712,,2.747999906539917,119.5739974975586,2066.9599609375,4886.93994140625,14.670000076293945,2074.0401977539063,2016.5395471191407,2.500343417037899,,
2015-04-03,49.13999938964844,97.44000244140625,1.087074637413025,1.4830634593963623,,2.747999906539917,119.6969985961914,2066.9599609375,4886.93994140625,14.670000076293945,2074.342995605469,2017.0695471191407,2.4734106907525724,,
2015-04-06,52.13999938964844,97.11000061035156,1.100134253501892,1.4930721521377563,,2.7320001125335693,118.822998046875,2080.6201171875,4917.31982421875,14.739999771118164,2074.8135961914063,2017.6714978027344,3.119864628772192,,
2015-04-07,53.97999954223633,97.83000183105469,1.0934817790985107,1.4890702962875366,,2.7769999504089355,119.47699737548828,2076.330078125,4910.22998046875,14.779999732971191,2075.749196777344,2018.186548461914,2.8809789514947397,,
2015-04-08,50.41999816894531,98.06999969482422,1.0824151039123535,1.4823819398880005,,2.748500108718872,120.29000091552734,2081.89990234375,4950.81982421875,13.979999542236328,2077.343994140625,2018.722947998047,3.129550511542715,,
2015-04-09,50.790000915527344,99.16000366210938,1.078527569770813,1.487851619720459,,2.744999885559082,120.09400177001953,2091.179931640625,4974.56005859375,13.09000015258789,2078.7425927734375,2019.2516479492188,3.5621257887523656,,
2015-04-10,51.63999938964844,99.38999938964844,1.0669056177139282,1.4714971780776978,,2.750499963760376,120.55000305175781,2102.06005859375,4995.97998046875,12.579999923706055,2080.883994140625,2019.8347485351562,4.07089293409899,,
2015-04-13,51.90999984741211,99.48999786376953,1.0609854459762573,1.4640644788742065,,2.736999988555908,120.20899963378906,2092.429931640625,4988.25,13.9399995803833,2082.3155932617187,2020.408648071289,3.564688937462653,,
2015-04-14,53.290000915527344,98.76000213623047,1.0572947263717651,1.4667917490005493,,2.7195000648498535,120.05899810791016,2095.840087890625,4977.2900390625,13.670000076293945,2083.2317944335937,2021.0692987060547,3.6995658304463204,,
2015-04-15,56.38999938964844,98.33000183105469,1.0647132396697998,1.4771921634674072,,2.7295000553131104,119.45700073242188,2106.6298828125,5011.02001953125,12.84000015258789,2084.5341918945314,2021.7382983398438,4.198940314993545,,
2015-04-16,56.709999084472656,97.41999816894531,1.0676802396774292,1.4828435182571411,,2.7855000495910645,119.14299774169922,2104.989990234375,5007.7900390625,12.600000381469727,2085.3835913085936,2022.4398480224609,4.081710627519111,,
2015-04-17,55.7400016784668,97.5199966430664,1.0755579471588135,1.4921809434890747,,2.7834999561309814,119.04399871826172,2081.179931640625,4931.81005859375,13.890000343322754,2085.8977905273437,2023.0078979492187,2.8755218281835186,,
2015-04-20,56.380001068115234,97.94000244140625,1.0810226202011108,1.4968267679214478,,2.7355000972747803,118.81800079345703,2100.39990234375,4994.60009765625,13.300000190734863,2086.9709887695312,2023.6243975830077,3.793960225644738,,
2015-04-21,55.2599983215332,97.9800033569336,1.0747487545013428,1.490979552268982,,2.7049999237060547,119.19499969482422,2097.2900390625,5014.10009765625,13.25,2087.5449877929686,2024.244447631836,3.6085360894095593,,
2015-04-22,56.15999984741211,98.0199966430664,1.074171543121338,1.4935628175735474,,2.6695001125335693,119.63300323486328,2107.9599609375,5035.169921875,12.710000038146973,2088.333586425781,2024.876397705078,4.1031424597859845,,
2015-04-23,57.7400016784668,97.27999877929688,1.0725815296173096,1.5037593841552734,,2.697999954223633,119.94999694824219,2112.929931640625,5056.06005859375,12.479999542236328,2088.822585449219,2025.6504473876953,4.308713991867967,,
2015-04-24,57.150001525878906,96.91999816894531,1.0815019607543945,1.5052080154418945,,2.752000093460083,119.57099914550781,2117.68994140625,5092.080078125,12.289999961853027,2089.2365844726564,2026.3477972412109,4.507722923448665,,
2015-04-27,56.9900016784668,96.7699966430664,1.086897373199463,1.517657995223999,,2.7739999294281006,118.927001953125,2108.919921875,5060.25,13.119999885559082,2089.4751831054687,2027.024246826172,4.040192177131417,,
2015-04-28,57.060001373291016,96.08999633789062,1.0877959728240967,1.5223711729049683,,2.7799999713897705,119.1259994506836,2114.760009765625,5055.419921875,12.40999984741211,2089.763581542969,2027.6803967285157,4.294543320416996,,
2015-04-29,58.58000183105469,95.12000274658203,1.096912145614624,1.533483624458313,,2.7950000762939453,118.822998046875,2106.85009765625,5023.64013671875,13.390000343322754,2089.906984863281,2028.2795971679689,3.8737509659904372,,
2015-04-30,59.630001068115234,94.5999984741211,1.1114321947097778,1.542686104774475,,2.8864998817443848,118.97000122070312,2085.510009765625,4941.419921875,14.550000190734863,2089.6681860351564,2028.767247314453,2.7969084440950174,,
2015-05-01,59.150001525878906,95.30000305175781,1.1214659214019775,1.5354615449905396,,2.93149995803833,119.4520034790039,2108.2900390625,5005.39013671875,12.699999809265137,2089.627985839844,2029.416997680664,3.8864876697089192,,
2015-05-04,58.93000030517578,95.4800033569336,1.1185932159423828,1.5146695375442505,,2.9240000247955322,120.13600158691406,2114.489990234375,5016.93017578125,12.850000381469727,2089.724587402344,2030.0948974609375,4.1571993939293845,,
2015-05-05,60.400001525878906,95.12999725341797,1.1149141788482666,1.5122873783111572,,2.940000057220459,120.0999984741211,2089.4599609375,4939.330078125,14.3100004196167,2089.2041870117187,2030.6924475097655,2.8939642484907524,,
2015-05-06,60.93000030517578,94.12999725341797,1.1186307668685913,1.517427682876587,,2.932499885559082,119.9219970703125,2080.14990234375,4919.64013671875,15.149999618530273,2088.5299829101564,2031.242847290039,2.4077404195643,,
2015-05-07,58.939998626708984,94.62000274658203,1.1341469287872314,1.5242043733596802,,2.9260001182556152,119.39700317382812,2088.0,4945.5400390625,15.130000114440918,2088.0751831054686,2032.0294970703126,2.7544139005060284,,
2015-05-08,59.38999938964844,94.79000091552734,1.1246949434280396,1.5407133102416992,,2.930999994277954,119.70899963378906,2116.10009765625,5003.5498046875,12.859999656677246,2088.307185058594,2032.9842474365234,4.088366662187908,,
2015-05-11,59.25,95.01000213623047,1.1194071769714355,1.5434004068374634,,2.9175000190734863,119.77999877929688,2105.330078125,4993.56982421875,13.850000381469727,2088.065988769531,2033.8159478759765,3.5162537850934643,,
2015-05-12,60.75,94.52999877929688,1.114441990852356,1.557705283164978,,2.950500011444092,120.13099670410156,2099.1201171875,4976.18994140625,13.859999656677246,2087.8927905273435,2034.7104986572265,3.1655421531849166,,
2015-05-13,60.5,93.62000274658203,1.1221455335617065,1.567103385925293,,2.950000047683716,119.83499908447266,2098.47998046875,4981.68994140625,13.760000228881836,2087.891789550781,2035.6016986083985,3.0889285415382153,,
2015-05-14,59.880001068115234,93.36000061035156,1.1350480318069458,1.574009895324707,,2.946000099182129,119.16000366210938,2121.10009765625,5050.7998046875,12.739999771118164,2088.292990722656,2036.6593493652344,4.146041816827797,,
2015-05-15,59.689998626708984,93.13999938964844,1.1404979228973389,1.5772124528884888,,2.9489998817443848,119.19100189208984,2122.72998046875,5048.2900390625,12.380000114440918,2089.3223901367187,2037.6150494384765,4.177184059065984,,
2015-05-18,59.43000030517578,94.19000244140625,1.144505262374878,1.574604868888855,,2.930000066757202,119.33000183105469,2129.199951171875,5078.43994140625,12.729999542236328,2090.3177905273437,2038.5764489746093,4.445430645627674,,
2015-05-19,57.2599983215332,95.2699966430664,1.1326183080673218,1.5663670301437378,,2.8615000247955322,119.9000015258789,2127.830078125,5070.02978515625,12.850000381469727,2091.99119140625,2039.5468493652343,4.328570769886557,,
2015-05-20,58.97999954223633,95.44999694824219,1.1146656274795532,1.5516144037246704,,2.8515000343322754,120.6520004272461,2125.85009765625,5071.740234375,12.880000114440918,2093.7033935546874,2040.4425,4.185739007899016,,
2015-05-21,60.720001220703125,95.26000213623047,1.1100751161575317,1.5542914867401123,,2.871000051498413,121.21199798583984,2130.820068359375,5090.7900390625,12.109999656677246,2095.0007958984374,2041.3207000732423,4.384385475683537,,
2015-05-22,59.720001220703125,96.01000213623047,1.1111851930618286,1.5663915872573853,,2.8334999084472656,121.03900146484375,2126.06005859375,5089.35986328125,12.130000114440918,2096.4539990234375,2042.1757000732423,4.107597525398975,,
2015-05-25,59.720001220703125,96.01000213623047,1.0992997884750366,1.5475084781646729,,2.8334999084472656,121.57099914550781,2126.06005859375,5089.35986328125,12.130000114440918,2097.3514013671875,2042.947300415039,4.068277148501382,,
2015-05-26,58.029998779296875,97.30000305175781,1.0971167087554932,1.5472211837768555,,2.8534998893737793,121.5999984741211,2104.199951171875,5032.75,14.0600004196167,2097.9497998046877,2043.5603002929688,2.967353146868863,,
2015-05-27,57.5099983215332,97.37000274658203,1.08888578414917,1.5398591756820679,,2.815999984741211,122.98600006103516,2123.47998046875,5106.58984375,13.270000457763672,2098.4293994140626,2044.2451501464843,3.875994536006993,,
2015-05-28,57.68000030517578,96.97000122070312,1.0900014638900757,1.5350136756896973,,2.7929999828338623,123.73999786376953,2120.7900390625,5097.97998046875,13.3100004196167,2099.0597998046874,2044.887250366211,3.7118324583761706,,
2015-05-29,60.29999923706055,96.91000366210938,1.0960345268249512,1.531909704208374,,2.759500026702881,123.81999969482422,2107.389892578125,5070.02978515625,13.84000015258789,2099.045595703125,2045.4821997070312,3.0265573995198127,,
2015-06-01,60.20000076293945,97.38999938964844,1.0957943201065063,1.5288883447647095,,2.740999937057495,124.19300079345703,2111.72998046875,5082.93017578125,13.970000267028809,2099.191796875,2046.0512493896485,3.2100237517849997,,
2015-06-02,61.2599983215332,95.83999633789062,1.0922993421554565,1.519987940788269,,2.757999897003174,124.84700012207031,2109.60009765625,5076.52001953125,14.239999771118164,2099.553798828125,2046.5991497802734,3.078323758843569,,
2015-06-03,59.63999938964844,95.47000122070312,1.1150012016296387,1.5339776277542114,,2.750499963760376,124.03600311279297,2114.070068359375,5099.22998046875,13.65999984741211,2100.61419921875,2047.1689001464845,3.2679847866047314,,
2015-06-04,58.0,95.45999908447266,1.1257838010787964,1.5326610803604126,,2.7155001163482666,124.30400085449219,2095.840087890625,5059.1201171875,14.710000038146973,2101.4080029296874,2047.6644006347656,2.3527140111888065,,
2015-06-05,59.130001068115234,96.30999755859375,1.120787262916565,1.5364996194839478,,2.7219998836517334,124.37999725341797,2092.830078125,5068.4599609375,14.210000038146973,2102.0442041015626,2048.1117010498047,2.1833954199018524,,
2015-06-08,58.13999938964844,95.30000305175781,1.1108149290084839,1.526787519454956,,2.7160000801086426,125.62899780273438,2079.280029296875,5021.6298828125,15.289999961853027,2101.9050048828126,2048.491251220703,1.5029977822861074,,
2015-06-09,60.13999938964844,95.16999816894531,1.128095269203186,1.5345896482467651,,2.740499973297119,124.56300354003906,2080.14990234375,5013.8701171875,14.470000267028809,2102.150205078125,2048.8806005859374,1.5261651532485716,,
2015-06-10,61.43000030517578,94.6500015258789,1.1299052238464355,1.539408802986145,,2.7715001106262207,124.33899688720703,2105.199951171875,5076.68994140625,13.220000267028809,2103.0604052734375,2049.403000488281,2.722595344610111,,
2015-06-11,60.77000045776367,94.9800033569336,1.131196141242981,1.549690842628479,,2.693000078201294,122.86599731445312,2108.860107421875,5082.509765625,12.850000381469727,2103.898408203125,2049.9590509033205,2.873279663444962,,
2015-06-12,59.959999084472656,94.97000122070312,1.1240627765655518,1.5508925914764404,,2.69950008392334,123.58100128173828,2094.110107421875,5051.10009765625,13.779999732971191,2104.4414111328124,2050.3910516357423,2.1322301300161692,,
2015-06-15,59.52000045776367,94.80999755859375,1.1219944953918457,1.5561537742614746,,2.6589999198913574,123.29000091552734,2084.429931640625,5029.97021484375,15.390000343322754,2104.517607421875,2050.8055010986327,1.6395718913363273,,
2015-06-16,59.970001220703125,95.0,1.1277008056640625,1.5596001148223877,,2.626499891281128,123.41999816894531,2096.2900390625,5055.5498046875,14.8100004196167,2104.916806640625,2051.344751586914,2.191015792972713,,
2015-06-17,59.91999816894531,94.30000305175781,1.124201774597168,1.563966155052185,,2.622999906539917,123.43900299072266,2100.43994140625,5064.8798828125,14.5,2105.287607421875,2051.868501586914,2.367180927129138,,
2015-06-18,60.45000076293945,94.04000091552734,1.1369967460632324,1.5848110914230347,,2.628499984741211,123.52999877929688,2121.239990234375,5132.9501953125,13.1899995803833,2105.88880859375,2052.4874517822263,3.3497178456535313,,
2015-06-19,59.61000061035156,94.08999633789062,1.1370742321014404,1.587881326675415,,2.5920000076293945,123.00199890136719,2109.989990234375,5117.0,13.960000038146973,2106.0474072265624,2053.109701538086,2.770445663652416,,
2015-06-22,59.68000030517578,94.33000183105469,1.1372941732406616,1.5885119438171387,,2.5880000591278076,122.7509994506836,2122.85009765625,5153.97021484375,12.739999771118164,2106.655810546875,2053.803302001953,3.3618991452099336,,
2015-06-23,61.0099983215332,95.43000030517578,1.13490629196167,1.5829297304153442,,2.634000062942505,123.37899780273438,2124.199951171875,5160.08984375,12.109999656677246,2107.2230078125,2054.4294018554688,3.3961035240925095,,
2015-06-24,60.27000045776367,95.26000213623047,1.1172186136245728,1.5741090774536133,,2.6465001106262207,123.86000061035156,2108.580078125,5122.41015625,13.260000228881836,2107.26201171875,2054.9644525146487,2.6090780083685727,,
2015-06-25,59.70000076293945,95.19000244140625,1.1206992864608765,1.570993185043335,,2.6454999446868896,123.85099792480469,2102.31005859375,5112.18994140625,14.010000228881836,2107.2084130859375,2055.4192028808593,2.2813280934209845,,
2015-06-26,59.630001068115234,95.47000122070312,1.1202975511550903,1.5745056867599487,,2.6449999809265137,123.5979995727539,2101.489990234375,5080.509765625,14.020000457763672,2107.6146142578127,2055.874652709961,2.2187800926620618,,
2015-06-29,58.33000183105469,94.79000091552734,1.0975021123886108,1.5693166255950928,,2.6384999752044678,122.61199951171875,2057.639892578125,4958.47021484375,18.850000381469727,2106.7594140625,2056.191401977539,0.07044531939939404,,
2015-06-30,59.470001220703125,95.48999786376953,1.122296690940857,1.573192834854126,,2.623500108718872,122.66999816894531,2063.110107421875,4986.8701171875,18.229999542236328,2106.0758154296873,2056.593102416992,0.316883538956915,,
2015-07-01,56.959999084472656,96.30999755859375,1.1134989261627197,1.5687012672424316,,2.635499954223633,122.38600158691406,2077.419921875,5013.1201171875,16.09000015258789,2105.4650146484373,2056.9887017822266,0.9932587415317974,,
2015-07-02,56.93000030517578,96.11000061035156,1.103363037109375,1.5605005025863647,,2.634500026702881,123.31999969482422,2076.780029296875,5009.2099609375,16.790000915527344,2104.7420166015627,2057.542651977539,0.9349685801578121,,
2015-07-03,56.93000030517578,96.11000061035156,1.1086965799331665,1.5613046884536743,,2.634500026702881,123.05899810791016,2076.780029296875,5009.2099609375,16.790000915527344,2103.923818359375,2058.012302246094,0.9119346385975533,,
2015-07-06,52.529998779296875,96.30000305175781,1.0995051860809326,1.555596947669983,,2.5429999828338623,122.40699768066406,2068.760009765625,4991.93994140625,17.010000228881836,2103.1206201171876,2058.4671020507812,0.5000277976067373,,
2015-07-07,52.33000183105469,96.87000274658203,1.1048991680145264,1.5602084398269653,,2.4509999752044678,122.61100006103516,2081.340087890625,4997.4599609375,16.09000015258789,2102.4522216796877,2059.012352294922,1.0843905608830875,,
2015-07-08,51.650001525878906,96.29000091552734,1.1009942293167114,1.5462881326675415,,2.503999948501587,122.48999786376953,2046.6800537109375,4909.759765625,19.65999984741211,2101.2488208007812,2059.514952392578,-0.6232000727515902,,
2015-07-09,52.779998779296875,96.61000061035156,1.1071009635925293,1.536995530128479,,2.558000087738037,120.86199951171875,2051.31005859375,4922.39990234375,19.969999313354492,2100.5648217773437,2060.04065246582,-0.42380687301582204,,
2015-07-10,52.7400016784668,96.02999877929688,1.1063048839569092,1.5373972654342651,,2.5455000400543213,121.69999694824219,2076.6201171875,4997.7001953125,16.829999923706055,2099.9314233398436,2060.5842529296874,0.7782192955717874,,
2015-07-13,52.20000076293945,96.86000061035156,1.1129041910171509,1.5515903234481812,,2.555500030517578,122.49600219726562,2099.60009765625,5071.509765625,13.899999618530273,2099.6336254882813,2061.2581536865237,1.860123337833859,,
2015-07-14,53.040000915527344,96.63999938964844,1.099045991897583,1.548227310180664,,2.5445001125335693,123.56999969482422,2108.949951171875,5104.89013671875,13.369999885559082,2100.0234252929686,2062.1274035644533,2.2705943156803716,,
2015-07-15,51.40999984741211,97.12999725341797,1.1008002758026123,1.5636972188949585,,2.5304999351501465,123.31999969482422,2107.39990234375,5098.93994140625,13.229999542236328,2100.5684252929686,2062.8199530029297,2.161116837944268,,
2015-07-16,50.90999984741211,97.66000366210938,1.0943553447723389,1.563403844833374,,2.5315001010894775,123.87000274658203,2124.2900390625,5163.18017578125,12.109999656677246,2101.294226074219,2063.800353393555,2.9309853334156375,,
2015-07-17,50.88999938964844,97.86000061035156,1.0886012315750122,1.5613046884536743,,2.504499912261963,124.14900207519531,2126.639892578125,5210.14013671875,11.949999809265137,2101.5050219726563,2064.902902832031,2.9898253163100885,,
2015-07-20,50.150001525878906,98.02999877929688,1.0830246210098267,1.5600380897521973,,2.4839999675750732,124.14199829101562,2128.280029296875,5218.85986328125,12.25,2101.964020996094,2066.1706030273435,3.0060163559838196,,
2015-07-21,50.36000061035156,97.33000183105469,1.0835410356521606,1.5573898553848267,,2.4774999618530273,124.29399871826172,2119.2099609375,5208.1201171875,12.220000267028809,2102.365817871094,2067.3781530761717,2.507127580128715,,
2015-07-22,49.189998626708984,97.5999984741211,1.0939961671829224,1.555596947669983,,2.43149995803833,123.86000061035156,2114.14990234375,5171.77001953125,12.119999885559082,2102.679216308594,2068.636452636719,2.200166667710946,,
2015-07-23,48.45000076293945,97.12000274658203,1.0927051305770874,1.5614020824432373,,2.385499954223633,124.06800079345703,2102.14990234375,5146.41015625,12.640000343322754,2102.3002124023437,2069.8334020996094,1.5613092440850156,,
2015-07-24,48.13999938964844,97.23999786376953,1.0989010334014893,1.5519516468048096,,2.381500005722046,123.8759994506836,2079.64990234375,5088.6298828125,13.739999771118164,2101.438610839844,2070.7978515625,0.42747054110427884,,
2015-07-27,47.38999938964844,96.5,1.0972371101379395,1.5522888898849487,,2.3505001068115234,123.76300048828125,2067.639892578125,5039.77978515625,15.600000381469727,2100.207409667969,2071.6160009765626,-0.19193269392412987,,
2015-07-28,47.97999954223633,96.7699966430664,1.109004020690918,1.5564203262329102,,2.4030001163482666,123.23999786376953,2093.25,5089.2099609375,13.4399995803833,2099.5158081054688,2072.375850830078,1.0072569201943267,,
2015-07-29,48.790000915527344,96.9800033569336,1.1065986156463623,1.5611096620559692,,2.4079999923706055,123.57599639892578,2108.570068359375,5111.72998046875,12.5,2099.1702075195312,2073.283151245117,1.7019825339855885,,
2015-07-30,48.52000045776367,97.55999755859375,1.098406195640564,1.5602084398269653,,2.381500005722046,123.94000244140625,2108.6298828125,5128.77978515625,12.130000114440918,2098.7264038085937,2074.0722009277342,1.6661754527787458,,
2015-07-31,47.119998931884766,97.37000274658203,1.0939244031906128,1.5604275465011597,,2.367500066757202,124.07099914550781,2103.840087890625,5128.27978515625,12.119999885559082,2098.282004394531,2074.768501586914,1.4011966289961981,,
2015-08-03,45.16999816894531,97.48999786376953,1.0969001054763794,1.5626953840255737,,2.3475000858306885,124.04000091552734,2098.0400390625,5115.3798828125,12.5600004196167,2097.721604003906,2075.4505517578127,1.0884136596535632,,
2015-08-04,45.7400016784668,97.93000030517578,1.09560227394104,1.559040904045105,,2.365000009536743,123.94499969482422,2093.320068359375,5105.5498046875,13.0,2097.5040063476563,2075.9919018554688,0.8346933573497448,,
2015-08-05,45.150001525878906,97.95999908447266,1.0888975858688354,1.5569047927856445,,2.3529999256134033,124.27400207519531,2099.840087890625,5139.93994140625,12.510000228881836,2097.0312084960938,2076.5796020507814,1.1201345624734085,,
2015-08-06,44.65999984741211,97.83000183105469,1.0903104543685913,1.5605981349945068,,2.3480000495910645,124.7300033569336,2083.56005859375,5056.43994140625,13.770000457763672,2096.2866088867186,2077.0241522216797,0.3146764742759084,,
2015-08-07,43.869998931884766,97.55999755859375,1.0927051305770874,1.551421880722046,,2.3415000438690186,124.73400115966797,2077.570068359375,5043.5400390625,13.390000343322754,2095.6902124023436,2077.321752319336,0.01195366292013255,,
2015-08-10,44.959999084472656,97.16000366210938,1.0965032577514648,1.5494027137756348,,2.4075000286102295,124.30000305175781,2104.179931640625,5101.7998046875,12.229999542236328,2095.539211425781,2077.75360168457,1.2718702513440125,,
2015-08-11,43.08000183105469,97.29000091552734,1.1016976833343506,1.5585306882858276,,2.3410000801086426,124.61299896240234,2084.070068359375,5036.7900390625,13.710000038146973,2095.0286108398436,2078.1134521484373,0.2866357563288709,,
2015-08-12,43.29999923706055,96.26000213623047,1.104203701019287,1.5584092140197754,,2.3605000972747803,125.06999969482422,2086.050048828125,5044.39013671875,13.609999656677246,2094.4682104492185,2078.425852661133,0.3668255067762155,,
2015-08-13,42.22999954223633,96.44999694824219,1.1160963773727417,1.561597228050232,,2.365499973297119,124.25499725341797,2083.389892578125,5033.56005859375,13.489999771118164,2094.2192065429685,2078.686752319336,0.22625536308159183,,
2015-08-14,42.5,96.56999969482422,1.1160963773727417,1.561792254447937,,2.364000082015991,124.36299896240234,2091.5400390625,5048.240234375,12.829999923706055,2094.1934057617186,2078.984852294922,0.6039094875423866,,
2015-08-17,41.869998931884766,96.81999969482422,1.1092993021011353,1.5651901960372925,,2.3324999809265137,124.3499984741211,2102.43994140625,5091.7001953125,13.020000457763672,2094.656604003906,2079.305751953125,1.1125920000651581,,
2015-08-18,42.619998931884766,96.97000122070312,1.107800006866455,1.5585062503814697,,2.296999931335449,124.43800354003906,2096.919921875,5059.35009765625,13.789999961853027,2094.9920043945312,2079.5919512939454,0.8332389712449577,,
2015-08-19,40.79999923706055,96.45999908447266,1.1030831336975098,1.5664896965026855,,2.2829999923706055,124.37100219726562,2079.610107421875,5019.0498046875,15.25,2094.480207519531,2079.7987518310547,-0.009070320338138725,,
2015-08-20,41.13999938964844,95.75,1.1118029356002808,1.568307638168335,,2.322999954223633,123.89700317382812,2035.72998046875,4877.490234375,19.139999389648438,2093.0176049804686,2079.780751953125,-2.1180488108185,,
2015-08-21,40.45000076293945,94.83000183105469,1.1236965656280518,1.5690950155258179,,2.306999921798706,123.41999816894531,1970.8900146484375,4706.0400390625,28.030000686645508,2090.553203125,2079.436102294922,-5.219977066219542,,
2015-08-24,38.2400016784668,93.30999755859375,1.1376951932907104,1.5677913427352905,,2.2690000534057617,121.73200225830078,1893.2099609375,4526.25,40.7400016784668,2086.7288037109374,2078.695552368164,-8.923172574230444,,
2015-08-25,39.310001373291016,94.52999877929688,1.1583056449890137,1.5762925148010254,,2.322999954223633,118.88400268554688,1867.6099853515625,4506.490234375,36.02000045776367,2082.155202636719,2077.774602050781,-10.114890060345544,,
2015-08-26,38.599998474121094,95.0999984741211,1.1550945043563843,1.5695877075195312,,2.250999927520752,118.54000091552734,1940.510009765625,4697.5400390625,30.31999969482422,2078.9566040039062,2077.233552246094,-6.5820014476769355,,
2015-08-27,42.560001373291016,95.61000061035156,1.1340054273605347,1.5482032299041748,,2.3340001106262207,120.05799865722656,1987.6600341796875,4812.7099609375,26.100000381469727,2076.2850048828127,2076.9081024169923,-4.297160193724641,,
2015-08-28,45.220001220703125,96.11000061035156,1.1247961521148682,1.541401982307434,,2.3464999198913574,121.00299835205078,1988.8699951171875,4828.31982421875,26.049999237060547,2073.862604980469,2076.534952392578,-4.2216942784605225,,
2015-08-31,49.20000076293945,95.94999694824219,1.1214030981063843,1.5418059825897217,,2.3380000591278076,121.28900146484375,1972.1800537109375,4776.509765625,28.43000030517578,2070.8492041015625,2076.048803100586,-5.003194011360441,,
2015-09-01,45.40999984741211,95.44999694824219,1.1225864887237549,1.5363106727600098,,2.302500009536743,121.08899688720703,1913.8499755859375,4636.10009765625,31.399999618530273,2066.642204589844,2075.282902832031,-7.778839551262841,,
2015-09-02,46.25,95.83000183105469,1.1293437480926514,1.5305262804031372,,2.3329999446868896,119.71499633789062,1948.8599853515625,4749.97998046875,26.09000015258789,2063.447802734375,2074.6630523681642,-6.06378307422024,,
2015-09-03,46.75,96.41000366210938,1.121604323387146,1.5308074951171875,,2.390000104904175,120.58000183105469,1951.1300048828125,4733.5,25.610000610351562,2060.424201660156,2074.054552001953,-5.926775021442393,,
2015-09-04,46.04999923706055,96.2300033569336,1.1125946044921875,1.526205062866211,,2.319499969482422,120.05599975585938,1921.219970703125,4683.919921875,27.799999237060547,2056.8188012695314,2073.3228515625,-7.3361888981615735,,
2015-09-07,46.04999923706055,96.2300033569336,1.115200161933899,1.5201033353805542,,2.319499969482422,119.16400146484375,1921.219970703125,4683.919921875,27.799999237060547,2054.090402832031,2072.6617517089844,-7.3066326852893475,,
2015-09-08,45.939998626708984,95.87999725341797,1.1163954734802246,1.5283042192459106,,2.438499927520752,119.40299987792969,1969.4100341796875,4811.93017578125,24.899999618530273,2052.2164013671877,2072.176051635742,-4.9593284979301275,,
2015-09-09,44.150001525878906,96.01000213623047,1.1207369565963745,1.5401912927627563,,2.442500114440918,120.08899688720703,1942.0400390625,4756.52978515625,26.229999542236328,2049.5088037109376,2071.5146014404295,-6.250236531661386,,
2015-09-10,45.91999816894531,95.45999908447266,1.1220699548721313,1.5357915163040161,,2.4544999599456787,120.27799987792969,1952.2900390625,4796.25,24.3700008392334,2047.01900390625,2070.916452026367,-5.728208535298107,,
2015-09-11,44.630001068115234,95.19000244140625,1.1290887594223022,1.54421067237854,,2.4619998931884766,120.61900329589844,1961.050048828125,4822.33984375,23.200000762939453,2044.704404296875,2070.34485168457,-5.279062701439116,,
2015-09-14,44.0,95.25,1.1344043016433716,1.5448071956634521,,2.4140000343322754,120.7959976196289,1953.030029296875,4805.759765625,24.25,2042.3898046875,2069.808451538086,-5.641991757953852,,
2015-09-15,44.59000015258789,95.61000061035156,1.1307612657546997,1.5427099466323853,,2.436000108718872,120.36000061035156,1978.0899658203125,4860.52001953125,22.540000915527344,2040.3248022460937,2069.399801025391,-4.412382525591921,,
2015-09-16,47.150001525878906,95.41999816894531,1.1271796226501465,1.53449547290802,,2.4614999294281006,120.43399810791016,1995.31005859375,4889.240234375,21.350000381469727,2039.29740234375,2069.245651245117,-3.5730698579396933,,
2015-09-17,46.900001525878906,94.55000305175781,1.12920343875885,1.5518070459365845,,2.4614999294281006,120.52300262451172,1990.199951171875,4893.9501953125,21.139999389648438,2038.0752001953124,2069.0200012207033,-3.8095354323459985,,
2015-09-18,44.68000030517578,94.86000061035156,1.1400948762893677,1.5569047927856445,,2.3970000743865967,120.0459976196289,1958.030029296875,4827.22998046875,22.280000686645508,2035.7033984375,2068.798501586914,-5.354241711073928,,
2015-09-21,46.68000030517578,95.88999938964844,1.12920343875885,1.552891492843628,,2.3984999656677246,120.0009994506836,1966.969970703125,4828.9501953125,20.139999389648438,2033.0507958984374,2068.685201416016,-4.916902322463888,,
2015-09-22,45.83000183105469,96.27999877929688,1.1190940141677856,1.5508204698562622,,2.306999921798706,120.49800109863281,1942.739990234375,4756.72021484375,22.440000534057617,2029.7265966796874,2068.5352014160158,-6.081366712808544,,
2015-09-23,44.47999954223633,96.06999969482422,1.1120749711990356,1.5353907346725464,,2.305500030517578,120.08000183105469,1938.760009765625,4752.740234375,22.1299991607666,2026.353798828125,2068.1645513916014,-6.256975129899808,,
2015-09-24,44.90999984741211,95.98999786376953,1.1189937591552734,1.5252039432525635,,2.312000036239624,120.19999694824219,1932.239990234375,4734.47998046875,23.469999313354492,2022.5127978515625,2067.5196014404296,-6.543087239018486,,
2015-09-25,45.70000076293945,96.2699966430664,1.1178929805755615,1.522695779800415,,2.2915000915527344,120.23999786376953,1931.3399658203125,4686.5,23.6200008392334,2018.6067993164063,2066.8230517578127,-6.555137161948776,,
2015-09-28,44.43000030517578,96.02999877929688,1.1201720237731934,1.5201727151870728,,2.25600004196167,120.36799621582031,1881.77001953125,4543.97021484375,27.6299991607666,2013.6765991210937,2065.839201660156,-8.91014082707811,,
2015-09-29,45.22999954223633,95.88999938964844,1.123103380203247,1.5165071487426758,,2.253499984741211,119.83999633789062,1884.0899658203125,4517.31982421875,26.829999923706055,2008.97419921875,2064.848801879883,-8.754095500600517,,
2015-09-30,45.09000015258789,96.3499984741211,1.1255937814712524,1.5157945156097412,,2.3454999923706055,119.86000061035156,1920.030029296875,4620.16015625,24.5,2005.0918017578124,2064.0395526123048,-6.9770718847498525,,
2015-10-01,44.7400016784668,96.19000244140625,1.11720609664917,1.5124017000198364,,2.307499885559082,119.85900115966797,1923.8199462890625,4627.080078125,22.549999237060547,2001.5252026367189,2063.2492529296874,-6.757753889533405,,
2015-10-02,45.540000915527344,95.83000183105469,1.1193444728851318,1.5139129161834717,,2.3294999599456787,119.80999755859375,1951.3599853515625,4707.77978515625,20.940000534057617,1998.959404296875,2062.562202758789,-5.3914600615917285,,
2015-10-05,46.2599983215332,96.11000061035156,1.1226998567581177,1.5194103717803955,,2.359999895095825,119.99500274658203,1987.050048828125,4781.259765625,19.540000915527344,1997.347607421875,2062.044602661133,-3.6369026031844895,,
2015-10-06,48.529998779296875,95.45999908447266,1.1195199489593506,1.5154958963394165,,2.3589999675750732,120.46099853515625,1979.9200439453125,4748.35986328125,19.399999618530273,1995.0810083007811,2061.542452392578,-3.959288267507492,,
2015-10-07,47.810001373291016,95.5,1.1267986297607422,1.5226030349731445,,2.371500015258789,120.23999786376953,1995.8299560546875,4791.14990234375,18.399999618530273,1992.8262060546874,2061.227102661133,-3.172728833325298,,
2015-10-08,49.43000030517578,95.31999969482422,1.1239995956420898,1.5315576791763306,,2.3469998836517334,119.91500091552734,2013.4300537109375,4810.7900390625,17.420000076293945,1990.9222094726563,2060.999753417969,-2.3080885685765637,,
2015-10-09,49.630001068115234,94.80999755859375,1.1286935806274414,1.535131573677063,,2.4170000553131104,119.92900085449219,2014.8900146484375,4830.47021484375,17.079999923706055,1989.1432080078125,2060.7832037353514,-2.226978024846499,,
2015-10-12,47.099998474121094,94.83999633789062,1.1369967460632324,1.5323086977005005,,2.4195001125335693,120.17900085449219,2017.4599609375,4838.64013671875,16.170000076293945,1987.5316064453125,2060.7676037597657,-2.1015296796811604,,
2015-10-13,46.65999984741211,94.76000213623047,1.135550618171692,1.5337893962860107,,2.3914999961853027,120.01100158691406,2003.68994140625,4796.60986328125,17.670000076293945,1985.73900390625,2060.773003540039,-2.769983012963127,,
2015-10-14,46.63999938964844,93.93000030517578,1.138498306274414,1.5258090496063232,,2.4200000762939453,119.72000122070312,1994.239990234375,4782.85009765625,18.030000686645508,1983.627001953125,2060.6147033691404,-3.2211122742277656,,
2015-10-15,46.380001068115234,94.37000274658203,1.147552251815796,1.5480115413665771,,2.4260001182556152,118.83000183105469,2023.8599853515625,4870.10009765625,16.049999237060547,1982.4330004882813,2060.4233038330076,-1.7745537246364043,,
2015-10-16,47.2599983215332,94.54000091552734,1.1368157863616943,1.5471972227096558,,2.4070000648498535,119.05000305175781,2033.1099853515625,4886.68994140625,15.050000190734863,1981.543798828125,2060.3648034667967,-1.322815166973097,,
2015-10-19,45.88999938964844,94.95999908447266,1.1361054182052612,1.543805480003357,,2.371500015258789,119.2699966430664,2033.6600341796875,4905.47021484375,14.979999542236328,1980.1334008789063,2060.3918035888673,-1.2974119467286482,,
2015-10-20,45.54999923706055,94.8499984741211,1.132900595664978,1.5471972227096558,,2.369499921798706,119.50299835205078,2030.77001953125,4880.97021484375,15.75,1979.0673999023438,2060.430503540039,-1.4395284848398928,,
2015-10-21,45.20000076293945,95.05000305175781,1.1353960037231445,1.5449025630950928,,2.364000082015991,119.77999877929688,2018.93994140625,4840.1201171875,16.700000762939453,1977.7251977539063,2060.468853149414,-2.015507862673451,,
2015-10-22,45.380001068115234,96.33999633789062,1.134803295135498,1.5424481630325317,,2.384500026702881,119.84200286865234,2052.510009765625,4920.0498046875,14.449999809265137,1977.1076000976564,2060.7680529785157,-0.40072647675972056,,
2015-10-23,44.599998474121094,97.06999969482422,1.108094573020935,1.5383669137954712,,2.3499999046325684,120.86000061035156,2075.14990234375,5031.85986328125,14.460000038146973,1976.7797973632812,2061.046702270508,0.6842736779183892,,
2015-10-26,43.97999954223633,96.86000061035156,1.1020376682281494,1.531745433807373,,2.3564999103546143,121.2959976196289,2071.179931640625,5034.7001953125,15.289999961853027,1976.1545971679689,2061.3055017089846,0.47903767410768205,,
2015-10-27,43.20000076293945,96.91000366210938,1.1065986156463623,1.5357915163040161,,2.3580000400543213,120.9489974975586,2065.889892578125,5030.14990234375,15.430000305175781,1975.5339965820312,2061.5222009277345,0.21186731088440042,,
2015-10-28,45.939998626708984,97.77999877929688,1.1037039756774902,1.5312998294830322,,2.3545000553131104,120.47699737548828,2090.35009765625,5095.68994140625,14.329999923706055,1975.7487963867188,2061.81335144043,1.384060598690163,,
2015-10-29,46.060001373291016,97.27999877929688,1.0928961038589478,1.5271838903427124,,2.315500020980835,120.86000061035156,2089.409912109375,5074.27001953125,14.609999656677246,1976.8223950195313,2061.944651489258,1.3320076559901861,,
2015-10-30,46.59000015258789,96.94999694824219,1.0993843078613281,1.532379150390625,,2.313499927520752,121.0,2079.360107421875,5053.75,15.069999694824219,1978.991796875,2062.0823516845703,0.8378790363629284,,
2015-11-02,46.13999938964844,96.93000030517578,1.102596640586853,1.5441631078720093,,2.315500020980835,120.49500274658203,2104.050048828125,5127.14990234375,14.149999618530273,1983.2085986328125,2062.317151489258,2.023592603529996,,
2015-11-03,47.900001525878906,97.16000366210938,1.1016006469726562,1.542400598526001,,2.3269999027252197,120.78800201416016,2109.7900390625,5145.1298828125,14.539999961853027,1988.0521997070311,2062.7183514404296,2.2820220506207,,
2015-11-04,46.31999969482422,97.94999694824219,1.0963950157165527,1.5419248342514038,,2.319499969482422,121.09500122070312,2102.31005859375,5142.47998046875,15.510000228881836,1991.2882006835937,2063.2191015625,1.8946585460383771,,
2015-11-05,45.20000076293945,97.94000244140625,1.0868029594421387,1.5390061140060425,,2.253499984741211,121.48999786376953,2099.929931640625,5127.740234375,15.050000190734863,1993.5335986328125,2063.612501220703,1.7598958330810095,,
2015-11-06,44.290000915527344,99.16000366210938,1.0883997678756714,1.5210051536560059,,2.241499900817871,121.66999816894531,2099.199951171875,5147.1201171875,14.329999923706055,1995.7401977539062,2064.1335510253907,1.6988435718737531,,
2015-11-09,43.869998931884766,98.9800033569336,1.0733413696289062,1.5055025815963745,,2.2300000190734863,123.19999694824219,2078.580078125,5095.2998046875,16.520000457763672,1997.8681982421874,2064.422201538086,0.6858033485769397,,
2015-11-10,44.209999084472656,99.29000091552734,1.0759514570236206,1.5121043920516968,,2.2165000438690186,123.0770034790039,2081.719970703125,5083.240234375,15.289999961853027,2001.2255981445312,2064.580651245117,0.8301598413058513,,
2015-11-11,42.93000030517578,99.01000213623047,1.0737563371658325,1.5138899087905884,,2.2165000438690186,123.08399963378906,2075.0,5067.02001953125,16.059999465942383,2003.7483984375,2064.748101196289,0.49652055850159543,,
2015-11-12,41.75,98.6500015258789,1.0762988328933716,1.522510290145874,,2.1730000972747803,122.75700378417969,2045.969970703125,5005.080078125,18.3700008392334,2005.6451977539064,2064.6653509521484,-0.9054920324207395,,
2015-11-13,40.7400016784668,98.98999786376953,1.0815019607543945,1.5234612226486206,,2.1700000762939453,122.55999755859375,2023.0400390625,4927.8798828125,20.079999923706055,2007.6815991210938,2064.5032012939455,-2.008384496834788,,
2015-11-16,41.7400016784668,99.44000244140625,1.06999933719635,1.5217920541763306,,2.118000030517578,122.36399841308594,2053.18994140625,4984.6201171875,18.15999984741211,2010.3209985351561,2064.5354510498046,-0.5495429801307337,,
2015-11-17,40.66999816894531,99.62999725341797,1.068798542022705,1.5204963684082031,,2.1054999828338623,123.26599884033203,2050.43994140625,4986.02001953125,18.84000015258789,2011.9415966796876,2064.4447003173827,-0.6783789805064617,,
2015-11-18,40.75,99.6500015258789,1.0643846988677979,1.5220005512237549,,2.078000068664551,123.44499969482422,2083.580078125,5075.2001953125,16.850000381469727,2014.7723974609376,2064.5199505615233,0.9232232199205735,,
2015-11-19,40.540000915527344,98.98999786376953,1.066996693611145,1.5239256620407104,,2.0764999389648438,123.5250015258789,2081.239990234375,5073.64013671875,16.989999771118164,2017.351396484375,2064.4837506103518,0.8116430860291034,,
2015-11-20,40.38999938964844,99.56999969482422,1.0726161003112793,1.5288182497024536,,2.053999900817871,122.91200256347656,2089.169921875,5104.919921875,15.470000267028809,2019.9137939453126,2064.4446502685546,1.197671809860778,,
2015-11-23,41.75,99.80000305175781,1.0641014575958252,1.518994927406311,,2.0195000171661377,122.9229965209961,2086.590087890625,5102.47998046875,15.619999885559082,2022.5849951171874,2064.392650756836,1.075252671804044,,
2015-11-24,42.869998931884766,99.52999877929688,1.0642033815383911,1.5129051208496094,,2.053499937057495,122.91500091552734,2089.139892578125,5102.81005859375,15.930000305175781,2024.8059936523437,2064.3366497802735,1.20151152674112,,
2015-11-25,43.040000915527344,99.80000305175781,1.0643846988677979,1.5085914134979248,,2.0445001125335693,122.50499725341797,2088.8701171875,5116.14013671875,15.1899995803833,2026.6771948242188,2064.282600708008,1.1910925602463052,,
2015-11-26,43.040000915527344,99.80000305175781,1.0624960660934448,1.512355923652649,,2.0445001125335693,122.68000030517578,2088.8701171875,5116.14013671875,15.1899995803833,2028.6505981445312,2064.239701538086,1.1931955204166207,,
2015-11-27,41.709999084472656,100.0199966430664,1.0604453086853027,1.5099810361862183,,2.05049991607666,122.63400268554688,2090.110107421875,5127.52001953125,15.119999885559082,2031.2921997070312,2064.138751831055,1.258217528631809,,
2015-11-30,41.650001525878906,100.16999816894531,1.0583018064498901,1.5038950443267822,,2.0445001125335693,122.83000183105469,2080.409912109375,5108.669921875,16.1299991607666,2033.5609985351562,2063.9925018310546,0.7954200542761578,,
2015-12-01,41.849998474121094,99.80000305175781,1.0572947263717651,1.5057973861694336,,2.066499948501587,123.20999908447266,2102.6298828125,5156.31005859375,14.670000076293945,2036.7587963867188,2063.9282513427734,1.8751442277389099,,
2015-12-02,39.939998626708984,99.98999786376953,1.0625863075256348,1.5077953338623047,,2.0290000438690186,122.91500091552734,2079.510009765625,5123.22021484375,15.90999984741211,2039.5737963867186,2063.756500854492,0.7633414554774387,,
2015-12-03,41.08000183105469,97.62000274658203,1.0613007545471191,1.4949023723602295,,2.055999994277954,123.22599792480469,2049.6201171875,5037.52978515625,18.110000610351562,2041.9213989257812,2063.450901489258,-0.6702744558533337,,
2015-12-04,39.970001220703125,98.3499984741211,1.0915957689285278,1.513500452041626,,2.0739998817443848,122.65299987792969,2091.68994140625,5142.27001953125,14.8100004196167,2045.1283984375,2063.386851196289,1.3716812333834325,,
2015-12-07,37.650001525878906,98.66000366210938,1.0883997678756714,1.511258840560913,,2.0445001125335693,123.19000244140625,2077.070068359375,5101.81005859375,15.84000015258789,2049.0343994140626,2063.1852520751954,0.6729796207206278,,
2015-12-08,37.5099983215332,98.47000122070312,1.0834001302719116,1.5050268173217773,,2.0480000972747803,123.27999877929688,2063.590087890625,5098.240234375,17.600000381469727,2052.624401855469,2062.964302368164,0.0303342874979663,,
2015-12-09,37.15999984741211,97.3499984741211,1.0893957614898682,1.5010056495666504,,2.059999942779541,122.91200256347656,2047.6199951171875,5022.8701171875,19.610000610351562,2055.176201171875,2062.7097521972655,-0.7315501884840518,,
2015-12-10,36.7599983215332,97.94000244140625,1.1017948389053345,1.5183953046798706,,2.065000057220459,121.69999694824219,2052.22998046875,5045.169921875,19.34000015258789,2057.744401855469,2062.465701904297,-0.4962856558582413,,
2015-12-11,35.619998931884766,97.56999969482422,1.0948106050491333,1.516093373298645,,2.1080000400543213,121.70999908447266,2012.3699951171875,4933.47021484375,24.389999389648438,2058.964602050781,2062.1712518310546,-2.4149913189628323,,
2015-12-14,36.310001373291016,97.5999984741211,1.0983941555023193,1.5198955535888672,,2.1040000915527344,120.89299774169922,2021.93994140625,4952.22998046875,22.729999542236328,2059.6623999023436,2061.883801879883,-1.9372508012922367,,
2015-12-15,37.349998474121094,98.22000122070312,1.0992997884750366,1.5160702466964722,,2.0510001182556152,121.08999633789062,2043.4100341796875,4995.35986328125,20.950000762939453,2060.932199707031,2061.880051879883,-0.8957852656538288,,
2015-12-16,35.52000045776367,97.87000274658203,1.0936251878738403,1.5043702125549316,,2.061000108718872,121.67500305175781,2073.070068359375,5071.1298828125,17.860000610351562,2062.477001953125,2062.044202270508,0.5347056128441185,,
2015-12-17,34.95000076293945,99.2699966430664,1.087453007698059,1.497790813446045,,2.0344998836517334,122.46299743652344,2041.8900146484375,5002.5498046875,18.940000534057617,2063.046201171875,2061.9239025878906,-0.971611411764945,,
2015-12-18,34.72999954223633,98.69999694824219,1.0844104290008545,1.4929606914520264,,2.1029999256134033,122.44999694824219,2005.550048828125,4923.080078125,20.700000762939453,2062.8594018554686,2061.6846533203125,-2.7227541516489207,,
2015-12-21,34.7400016784668,98.45999908447266,1.0869920253753662,1.4908239841461182,,2.128999948501587,121.30000305175781,2021.1500244140625,4968.919921875,18.700000762939453,2062.933203125,2061.3844537353516,-1.9518158899656932,,
2015-12-22,36.13999938964844,98.23999786376953,1.09129798412323,1.4896912574768066,,2.0969998836517334,121.20600128173828,2038.969970703125,5001.10986328125,16.600000381469727,2063.6388037109373,2061.2079034423828,-1.0788786857511377,,
2015-12-23,37.5,98.33999633789062,1.0950024127960205,1.4823379516601562,,2.1115000247955322,121.02999877929688,2064.2900390625,5045.93017578125,15.569999694824219,2065.0398046875,2061.0318536376953,0.15808515618300584,,
2015-12-24,38.099998474121094,97.9800033569336,1.0909169912338257,1.4876967668533325,,2.1115000247955322,120.93499755859375,2060.989990234375,5048.490234375,15.739999771118164,2065.7824047851564,2060.890453491211,0.004829793014742232,,
2015-12-25,38.099998474121094,97.9800033569336,1.0969964265823364,1.491424322128296,,2.1115000247955322,120.16999816894531,2060.989990234375,5048.490234375,15.739999771118164,2066.3400048828125,2060.6549029541015,0.01626120316376523,,
2015-12-28,36.810001373291016,97.91999816894531,1.0965994596481323,1.4932059049606323,,2.066499948501587,120.23100280761719,2056.5,5040.990234375,16.90999984741211,2066.796804199219,2060.4153033447265,-0.19002495945213757,,
2015-12-29,37.869998931884766,98.0999984741211,1.0975261926651,1.4894028902053833,,2.125,120.3499984741211,2078.360107421875,5107.93994140625,16.079999923706055,2067.748605957031,2060.3496038818357,0.8741479361612366,,
2015-12-30,36.599998474121094,98.2699966430664,1.0928006172180176,1.4822280406951904,,2.13700008392334,120.52899932861328,2063.360107421875,5065.85009765625,17.290000915527344,2068.6370092773436,2060.3611541748046,0.1455547364108364,,
2015-12-31,37.040000915527344,98.62999725341797,1.093398094177246,1.481920599937439,,2.125499963760376,120.44999694824219,2043.93994140625,5007.41015625,18.209999084472656,2068.4656079101565,2060.300104370117,-0.7940669870940312,,
2016-01-01,37.040000915527344,98.62999725341797,1.0859060287475586,1.4738394021987915,,2.125499963760376,120.28800201416016,2043.93994140625,5007.41015625,18.209999084472656,2067.8414086914063,2060.2147039794922,-0.7899546849076485,,
2016-01-04,36.7599983215332,98.87000274658203,1.0853991508483887,1.473708987236023,,2.070499897003174,120.31099700927734,2012.6600341796875,4903.08984375,20.700000762939453,2066.6710107421877,2059.8468041992187,-2.290790262816434,,
2016-01-05,35.970001220703125,99.4000015258789,1.0827549695968628,1.4714103937149048,,2.0885000228881836,119.46700286865234,2016.7099609375,4891.43017578125,19.34000015258789,2065.687412109375,2059.590904541016,-2.082012671010115,,
2016-01-06,33.970001220703125,99.18000030517578,1.0751993656158447,1.467394471168518,,2.0804998874664307,119.10199737548828,1990.260009765625,4835.759765625,20.59000015258789,2063.6856103515624,2059.2437548828125,-3.3499552908010743,,
2016-01-07,33.27000045776367,98.22000122070312,1.0778998136520386,1.4629936218261719,,2.015500068664551,118.61000061035156,1943.0899658203125,4689.43017578125,24.989999771118164,2060.7592114257814,2058.6244049072266,-5.612215555761893,,
2016-01-08,33.15999984741211,98.54000091552734,1.0925976037979126,1.4626940488815308,,2.0164999961853027,117.54000091552734,1922.030029296875,4643.6298828125,27.010000228881836,2057.6126098632812,2057.8997552490237,-6.602349099152657,,
2016-01-11,31.40999984741211,98.7300033569336,1.0941038131713867,1.45249605178833,,1.9674999713897705,117.08000183105469,1923.6700439453125,4637.990234375,24.299999237060547,2054.005009765625,2057.1150048828126,-6.486995652686033,,
2016-01-12,30.440000534057617,98.97000122070312,1.0857999324798584,1.454397439956665,,1.9529999494552612,117.6500015258789,1938.6800537109375,4685.919921875,22.469999313354492,2050.5828100585936,2056.4267547607424,-5.725791146084572,,
2016-01-13,30.479999542236328,98.93000030517578,1.0843987464904785,1.4436262845993042,,1.9505000114440918,117.83000183105469,1890.280029296875,4526.06005859375,25.219999313354492,2046.3422094726564,2055.468655395508,-8.03654318274427,,
2016-01-14,31.200000762939453,99.08999633789062,1.0886012315750122,1.4407975673675537,,1.9709999561309814,117.42500305175781,1921.8399658203125,4615.0,23.950000762939453,2042.78041015625,2054.621955566406,-6.462599573919622,,
2016-01-15,29.420000076293945,98.95999908447266,1.085894227027893,1.442710041999817,,1.9394999742507935,118.2030029296875,1880.3299560546875,4488.419921875,27.020000457763672,2038.4030102539064,2053.513305053711,-8.433514824219452,,
2016-01-18,29.420000076293945,99.12000274658203,1.0920010805130005,1.4274091720581055,,1.9394999742507935,116.98999786376953,1880.3299560546875,4488.419921875,27.020000457763672,2034.4380078125,2052.452805175781,-8.386202532260043,,
2016-01-19,28.459999084472656,98.98999786376953,1.0895025730133057,1.4253135919570923,,1.9735000133514404,117.38400268554688,1881.3299560546875,4476.9501953125,26.049999237060547,2030.4302075195312,2051.380254516602,-8.28955519521591,,
2016-01-20,26.549999237060547,99.08999633789062,1.09129798412323,1.4182385206222534,,1.9559999704360962,117.56500244140625,1859.3299560546875,4471.68994140625,27.59000015258789,2026.116806640625,2050.1437548828126,-9.307337515901763,,
2016-01-21,29.530000686645508,99.05999755859375,1.0877013206481934,1.4198495149612427,,1.9930000305175781,117.13400268554688,1868.989990234375,4472.06005859375,26.690000534057617,2022.57720703125,2048.9637548828123,-8.783648037675055,,
2016-01-22,32.189998626708984,99.56999969482422,1.0862009525299072,1.4226775169372559,,1.9984999895095825,117.92400360107422,1906.9000244140625,4591.18017578125,22.34000015258789,2020.2544067382812,2048.0923553466796,-6.89384590319012,,
2016-01-25,30.34000015258789,99.36000061035156,1.079901933670044,1.4260046482086182,,1.9954999685287476,118.5719985961914,1877.0799560546875,4518.490234375,24.149999618530273,2016.73220703125,2046.9757556152344,-8.29984425045051,,
2016-01-26,31.450000762939453,99.36000061035156,1.0853049755096436,1.4242985248565674,,2.0339999198913574,118.22799682617188,1903.6300048828125,4567.669921875,22.5,2013.7960083007813,2046.0074554443358,-6.958794318303347,,
2016-01-27,32.29999923706055,98.9000015258789,1.0864958763122559,1.434308648109436,,2.062999963760376,118.37999725341797,1882.949951171875,4468.169921875,23.110000610351562,2009.7834057617188,2044.8824053955077,-7.918912784244568,,
2016-01-28,33.220001220703125,98.51000213623047,1.090798020362854,1.4249074459075928,,2.0490000247955322,118.46700286865234,1893.3599853515625,4506.68017578125,22.420000076293945,2006.0258056640625,2043.7845556640625,-7.3600991795157364,,
2016-01-29,33.619998931884766,99.61000061035156,1.0936970710754395,1.4362038373947144,,2.063999891281128,118.93000030517578,1940.239990234375,4613.9501953125,20.200000762939453,2003.04720703125,2042.8973059082032,-5.025084490391953,,
2016-02-01,31.6200008392334,99.0,1.0825908184051514,1.4246028661727905,,2.051500082015991,121.33999633789062,1939.3800048828125,4620.3701171875,19.979999542236328,2000.1030053710938,2042.0496063232422,-5.027772152180411,,
2016-02-02,29.8799991607666,98.87000274658203,1.0897282361984253,1.4427932500839233,,2.052000045776367,120.83999633789062,1903.030029296875,4516.9501953125,21.979999542236328,1996.3808081054688,2040.9909564208983,-6.759507027211574,,
2016-02-03,32.279998779296875,97.29000091552734,1.0922038555145264,1.4409221410751343,,2.0920000076293945,119.85600280761719,1912.530029296875,4504.240234375,21.649999618530273,1992.8540063476562,2040.0193560791015,-6.24941750686424,,
2016-02-04,31.719999313354492,96.47000122070312,1.1091023683547974,1.4585764408111572,,2.128000020980835,118.12000274658203,1915.449951171875,4509.56005859375,21.84000015258789,1989.3856030273437,2039.1690557861327,-6.067133289572306,,
2016-02-05,30.889999389648438,97.02999877929688,1.119996428489685,1.4581085443496704,,2.1005001068115234,116.86599731445312,1880.050048828125,4363.14013671875,23.3799991607666,1985.1844018554686,2038.027855834961,-7.751503815541026,,
2016-02-08,29.690000534057617,96.56999969482422,1.114504098892212,1.4512102603912354,,2.0885000228881836,116.94999694824219,1853.43994140625,4283.75,26.0,1980.6450024414062,2036.7226055908204,-8.998901651184998,,
2016-02-09,27.940000534057617,96.06999969482422,1.1189812421798706,1.4436055421829224,,2.0385000705718994,115.66799926757812,1852.2099609375,4268.759765625,26.540000915527344,1975.6366040039063,2035.5363555908202,-9.00629429436593,,
2016-02-10,27.450000762939453,95.88999938964844,1.1289994716644287,1.446591854095459,,2.0250000953674316,115.19100189208984,1851.8599853515625,4283.58984375,26.290000915527344,1971.083603515625,2034.3949060058594,-8.972442868168054,,
2016-02-11,26.209999084472656,95.55999755859375,1.128095269203186,1.452643871307373,,2.003999948501587,113.25199890136719,1829.0799560546875,4266.83984375,28.139999389648438,1966.6728002929688,2033.1003057861328,-10.034937732821666,,
2016-02-12,29.440000534057617,95.9800033569336,1.1317979097366333,1.4482258558273315,,2.0269999504089355,112.49700164794922,1864.780029296875,4337.509765625,25.399999618530273,1962.1346020507813,2031.843705444336,-8.222270034836484,,
2016-02-15,29.440000534057617,95.9800033569336,1.1225990056991577,1.4518002271652222,,2.0269999504089355,113.66999816894531,1864.780029296875,4337.509765625,25.399999618530273,1957.8888012695313,2030.6409552001953,-8.167910012775673,,
2016-02-16,29.040000915527344,96.87000274658203,1.1174057722091675,1.4459224939346313,,2.0490000247955322,114.3219985961914,1895.5799560546875,4435.9599609375,24.110000610351562,1954.5285986328124,2029.6232543945312,-6.604343838178525,,
2016-02-17,30.65999984741211,96.79000091552734,1.1147029399871826,1.4303901195526123,,2.0739998817443848,114.08000183105469,1926.8199462890625,4534.06005859375,22.309999465942383,1952.11259765625,2028.764954223633,-5.024978754800243,,
2016-02-18,30.770000457763672,96.94999694824219,1.112297534942627,1.4281632900238037,,2.071500062942505,114.27999877929688,1917.8299560546875,4487.5400390625,21.639999389648438,1949.4245971679688,2027.748603515625,-5.420723617827439,,
2016-02-19,29.639999389648438,96.5999984741211,1.1110987663269043,1.4333218336105347,,2.075500011444092,113.25,1917.780029296875,4504.43017578125,20.530000686645508,1947.5327978515625,2026.7238537597657,-5.3753659760203405,,
2016-02-22,31.479999542236328,97.37999725341797,1.1123965978622437,1.426594614982605,,2.11299991607666,112.48899841308594,1945.5,4570.60986328125,19.3799991607666,1946.0039990234375,2025.8053540039064,-3.9641199409995984,,
2016-02-23,31.8700008392334,97.4800033569336,1.102803349494934,1.4148073196411133,,2.1045000553131104,112.97100067138672,1921.27001953125,4503.580078125,20.979999542236328,1943.5611987304687,2024.7725537109375,-5.111810410013281,,
2016-02-24,32.150001525878906,97.45999908447266,1.1027060747146606,1.4013453722000122,,2.0950000286102295,111.87999725341797,1929.800048828125,4542.60986328125,20.719999313354492,1940.6957983398438,2023.792303466797,-4.644362688684078,,
2016-02-25,33.06999969482422,97.29000091552734,1.1013944149017334,1.3929517269134521,,2.065000057220459,112.10099792480469,1951.699951171875,4582.2001953125,19.110000610351562,1938.8919970703125,2022.8967028808593,-3.519544601935983,,
2016-02-26,32.779998779296875,98.1500015258789,1.1024993658065796,1.3966480493545532,,2.118000030517578,113.11799621582031,1948.050048828125,4590.47021484375,19.809999465942383,1937.7419970703124,2022.0066528320312,-3.6575846029152435,,
2016-02-29,33.75,98.20999908447266,1.0923947095870972,1.3861935138702393,,2.128499984741211,113.66000366210938,1932.22998046875,4557.9501953125,20.549999237060547,1935.9635961914062,2021.0375024414063,-4.394155074578139,,
2016-03-01,34.400001525878906,98.3499984741211,1.0888975858688354,1.3927963972091675,,2.1414999961853027,112.43000030517578,1978.3499755859375,4689.60009765625,17.700000762939453,1934.7511962890626,2020.4082525634765,-2.0816722028419656,,
2016-03-02,34.65999984741211,98.20999908447266,1.0875948667526245,1.3963944911956787,,2.177500009536743,113.93000030517578,1986.449951171875,4703.419921875,17.09000015258789,1933.19439453125,2019.723102416992,-1.6474115291001672,,
2016-03-03,34.56999969482422,97.56999969482422,1.086897373199463,1.408093810081482,,2.2044999599456787,113.46600341796875,1993.4000244140625,4707.419921875,16.700000762939453,1931.8425952148436,2019.08615234375,-1.2721660192593112,,
2016-03-04,35.91999816894531,97.33999633789062,1.094894528388977,1.4174946546554565,,2.2709999084472656,113.66999816894531,1999.989990234375,4717.02001953125,16.860000610351562,1930.6225952148438,2018.5491528320313,-0.9194307986812064,,
2016-03-07,37.900001525878906,97.06999969482422,1.0993964672088623,1.4215044975280762,,2.2804999351501465,113.8030014038086,2001.760009765625,4708.25,17.350000381469727,1929.5277954101562,2017.9993029785155,-0.8047224391466207,,
2016-03-08,36.5,97.20999908447266,1.1016006469726562,1.4261265993118286,,2.2184998989105225,113.4520034790039,1979.260009765625,4648.81982421875,18.670000076293945,1927.5457934570313,2017.3476025390626,-1.8880034717616327,,
2016-03-09,38.290000915527344,97.16999816894531,1.1004005670547485,1.4208581447601318,,2.2300000190734863,112.66000366210938,1989.260009765625,4674.3798828125,18.34000015258789,1926.0637915039063,2016.7235522460937,-1.3617901397482888,,
2016-03-10,37.84000015258789,96.06999969482422,1.0989010334014893,1.42069673538208,,2.2174999713897705,113.25299835205078,1989.5699462890625,4662.16015625,18.049999237060547,1924.9763916015625,2016.192201538086,-1.3204224889231433,,
2016-03-11,38.5,96.16999816894531,1.1178430318832397,1.4287755489349365,,2.2385001182556152,112.86000061035156,2022.18994140625,4748.47021484375,16.5,1924.5413916015625,2015.8390008544923,0.31505197335033386,,
2016-03-14,37.18000030517578,96.62000274658203,1.1167943477630615,1.4380005598068237,,2.236999988555908,113.77799987792969,2019.6400146484375,4750.27978515625,16.920000076293945,1924.6809912109375,2015.54080078125,0.2033803466344399,,
2016-03-15,36.34000015258789,96.62999725341797,1.1101982593536377,1.4282041788101196,,2.2309999465942383,113.83000183105469,2015.9300537109375,4728.669921875,16.84000015258789,1924.6653930664063,2015.219701538086,0.03524936622589617,,
2016-03-16,38.459999084472656,95.88999938964844,1.1109012365341187,1.4156285524368286,,2.2314999103546143,113.1050033569336,2027.219970703125,4763.97021484375,14.989999771118164,1925.4045922851562,2014.8298016357421,0.6149486699732112,,
2016-03-17,40.20000076293945,94.76000213623047,1.1218937635421753,1.4255167245864868,,2.2890000343322754,112.75199890136719,2040.5899658203125,4774.990234375,14.4399995803833,1927.3545922851563,2014.4884509277344,1.295689477919692,,
2016-03-18,39.439998626708984,94.98999786376953,1.1317979097366333,1.4478065967559814,,2.2795000076293945,111.3499984741211,2049.580078125,4795.64990234375,14.020000457763672,1929.9055932617186,2014.26580078125,1.7532084062616324,,
2016-03-21,39.90999984741211,95.29000091552734,1.1279042959213257,1.4468011856079102,,2.2894999980926514,111.44499969482422,2051.60009765625,4808.8701171875,13.789999961853027,1932.4641943359375,2014.1016516113282,1.8617951092449674,,
2016-03-22,41.45000076293945,95.6500015258789,1.1235954761505127,1.4370087385177612,,2.2844998836517334,112.13899993896484,2049.800048828125,4821.66015625,14.170000076293945,1934.6865942382813,2013.8692016601562,1.7841698526572005,,
2016-03-23,39.790000915527344,96.05000305175781,1.122296690940857,1.4224953651428223,,2.2304999828338623,112.25199890136719,2036.7099609375,4768.85986328125,14.9399995803833,1937.6151928710938,2013.5505517578124,1.150177687839505,,
2016-03-24,39.459999084472656,96.13999938964844,1.118105411529541,1.411691665649414,,2.2244999408721924,112.4000015258789,2035.93994140625,4773.5,14.739999771118164,1939.8971923828126,2013.124051513672,1.1333573743467402,,
2016-03-25,39.459999084472656,96.13999938964844,1.1167943477630615,1.4130080938339233,,2.2244999408721924,112.83000183105469,2035.93994140625,4773.5,14.739999771118164,1943.0093920898437,2012.7538012695313,1.1519610655855759,,
2016-03-28,39.38999938964844,95.94000244140625,1.1159967184066772,1.413107991218567,,2.241499900817871,113.44999694824219,2037.050048828125,4766.7900390625,15.239999771118164,1946.1437939453126,2012.3248010253906,1.2286907059007348,,
2016-03-29,38.279998779296875,95.16000366210938,1.1202723979949951,1.4263300895690918,,2.2084999084472656,113.36399841308594,2055.010009765625,4846.6201171875,13.819999694824219,1949.6173950195312,2011.9788513183594,2.1387480499146023,,
2016-03-30,38.31999969482422,94.83999633789062,1.12920343875885,1.438641905784607,,2.187000036239624,112.68000030517578,2063.949951171875,4869.2900390625,13.5600004196167,1953.709794921875,2011.7557006835937,2.5944626611743047,,
2016-03-31,38.34000015258789,94.58999633789062,1.1334655284881592,1.4374011754989624,,2.18149995803833,112.36599731445312,2059.739990234375,4869.85009765625,13.949999809265137,1957.524794921875,2011.5428503417968,2.3960284954600226,,
2016-04-01,36.790000915527344,94.62000274658203,1.1379671096801758,1.4366991519927979,,2.1610000133514404,112.4800033569336,2072.780029296875,4914.5400390625,13.100000381469727,1960.8423950195313,2011.3993005371094,3.0516431393495527,,
2016-04-04,35.70000076293945,94.51000213623047,1.1390039920806885,1.422454833984375,,2.138000011444092,111.72200012207031,2066.1298828125,4891.7998046875,14.119999885559082,1964.6233935546875,2011.4417504882813,2.71885240081862,,
2016-04-05,35.88999938964844,94.62999725341797,1.1389002799987793,1.4264928102493286,,2.134999990463257,111.25,2045.1700439453125,4843.93017578125,15.420000076293945,1967.4541943359375,2011.3520501708983,1.6813562683638976,,
2016-04-06,37.75,94.43000030517578,1.138200283050537,1.4156285524368286,,2.140500068664551,110.37799835205078,2066.659912109375,4920.72021484375,14.09000015258789,1971.1283935546876,2011.2982501220704,2.7525336923027,,
2016-04-07,37.2599983215332,94.4800033569336,1.1404979228973389,1.4138071537017822,,2.07450008392334,109.6989974975586,2041.9100341796875,4848.3701171875,16.15999984741211,1974.09939453125,2011.1239001464844,1.5307925101462285,,
2016-04-08,39.720001220703125,94.23999786376953,1.1373976469039917,1.4057974815368652,,2.0864999294281006,108.427001953125,2047.5999755859375,4850.68994140625,15.359999656677246,1976.2465942382812,2010.9779998779297,1.8211027525030503,,
2016-04-11,40.36000061035156,93.94999694824219,1.1403028964996338,1.4130080938339233,,2.0885000228881836,108.31099700927734,2041.989990234375,4833.39990234375,16.260000228881836,1978.2987939453126,2010.8441497802735,1.548893804500207,,
2016-04-12,42.16999816894531,93.95999908447266,1.141291856765747,1.4234064817428589,,2.1449999809265137,107.93000030517578,2061.719970703125,4872.08984375,14.850000381469727,1981.4725927734376,2010.746049194336,2.535075054814271,,
2016-04-13,41.7599983215332,94.73999786376953,1.138498306274414,1.4268999099731445,,2.1675000190734863,108.63999938964844,2082.419921875,4947.419921875,13.84000015258789,1984.870390625,2010.9247485351561,3.555338079752811,,
2016-04-14,41.5,94.9000015258789,1.1279042959213257,1.4192047119140625,,2.1710000038146973,109.41999816894531,2082.780029296875,4945.89013671875,13.720000267028809,1988.2169921875,2011.082098388672,3.5651419186541,,
2016-04-15,40.36000061035156,94.69999694824219,1.1270017623901367,1.4146071672439575,,2.1519999504089355,109.31600189208984,2080.72998046875,4938.22021484375,13.619999885559082,1992.2305908203125,2011.1026477050782,3.462147138194332,,
2016-04-18,39.779998779296875,94.48999786376953,1.1299946308135986,1.4174344539642334,,2.1640000343322754,108.01699829101562,2094.340087890625,4960.02001953125,13.350000381469727,1997.04859375,2011.07634765625,4.140257545737254,,
2016-04-19,41.08000183105469,93.9800033569336,1.1309019327163696,1.4289796352386475,,2.2230000495910645,109.072998046875,2100.800048828125,4940.330078125,13.239999771118164,2002.0203955078125,2011.0355981445311,4.463593323082617,,
2016-04-20,42.630001068115234,94.48999786376953,1.1359634399414062,1.4389524459838867,,2.242000102996826,109.23999786376953,2102.39990234375,4948.1298828125,13.279999732971191,2007.0311938476561,2011.0105981445313,4.544446671914086,,
2016-04-21,43.18000030517578,94.5999984741211,1.1305055618286133,1.4338973760604858,,2.252000093460083,109.83799743652344,2091.47998046875,4945.89013671875,13.949999809265137,2012.2791943359375,2010.8465478515625,4.009924710731321,,
2016-04-22,43.72999954223633,95.12000274658203,1.12920343875885,1.432295322418213,,2.2690000534057617,109.43699645996094,2091.580078125,4906.22998046875,13.220000267028809,2016.8151953125,2010.6712487792968,4.023971069105602,,
2016-04-25,42.63999938964844,94.83999633789062,1.123406171798706,1.4446691274642944,,2.258500099182129,111.43599700927734,2087.7900390625,4895.7900390625,14.079999923706055,2021.2753955078124,2010.468798828125,3.845930873408453,,
2016-04-26,44.040000915527344,94.56999969482422,1.1269001960754395,1.4490653276443481,,2.248500108718872,111.13600158691406,2091.699951171875,4888.27978515625,13.960000038146973,2025.1977954101562,2010.3312487792969,4.047527114846692,,
2016-04-27,45.33000183105469,94.38999938964844,1.1299052238464355,1.457726001739502,,2.2204999923706055,111.2300033569336,2095.14990234375,4863.14013671875,13.770000457763672,2028.56439453125,2010.2362487792968,4.224063396330478,,
2016-04-28,46.029998779296875,93.76000213623047,1.132900595664978,1.4542070627212524,,2.2244999408721924,111.5199966430664,2075.81005859375,4805.2900390625,15.220000267028809,2031.7239965820313,2010.104549560547,3.2687607740387294,,
2016-04-29,45.91999816894531,93.08000183105469,1.135589361190796,1.4611338376998901,,2.2790000438690186,108.07599639892578,2065.300048828125,4775.35986328125,15.699999809265137,2034.6743969726563,2010.0328002929687,2.74956948598555,,
2016-05-02,44.779998779296875,92.62999725341797,1.146302580833435,1.4602802991867065,,2.2614998817443848,106.4530029296875,2081.429931640625,4817.58984375,14.680000305175781,2037.3929956054687,2010.1017504882811,3.548486097035499,,
2016-05-03,43.650001525878906,92.94000244140625,1.1524986028671265,1.4665981531143188,,2.2144999504089355,106.39600372314453,2063.3701171875,4763.22021484375,15.600000381469727,2040.2349975585937,2009.9523510742188,2.6576633065322226,,
2016-05-04,43.779998779296875,93.18000030517578,1.1504037380218506,1.4550957679748535,,2.183000087738037,106.68000030517578,2051.1201171875,4725.64013671875,16.049999237060547,2042.6613989257812,2009.6651013183593,2.0627822935247155,,
2016-05-05,44.31999969482422,93.77999877929688,1.1493064165115356,1.4507049322128296,,2.1510000228881836,106.91999816894531,2050.6298828125,4717.08984375,15.90999984741211,2044.6399975585937,2009.3751013183594,2.0531149941627715,,
2016-05-06,44.65999984741211,93.88999938964844,1.1406019926071167,1.4492753744125366,,2.1510000228881836,107.2750015258789,2057.139892578125,4736.16015625,14.720000267028809,2046.8217944335938,2009.141600341797,2.388994993093697,,
2016-05-09,43.439998626708984,94.1500015258789,1.1387965679168701,1.443084716796875,,2.1040000915527344,107.36000061035156,2058.68994140625,4750.2099609375,14.569999694824219,2049.3509936523437,2008.9448498535157,2.476180048265709,,
2016-05-10,44.65999984741211,94.29000091552734,1.1387965679168701,1.4415452480316162,,2.0899999141693115,108.33100128173828,2084.389892578125,4809.8798828125,13.630000114440918,2051.4717919921877,2008.9001989746093,3.7577622642502306,,
2016-05-11,46.22999954223633,93.81999969482422,1.1374363899230957,1.4451494216918945,,2.1010000705718994,109.19400024414062,2064.4599609375,4760.68994140625,14.6899995803833,2053.0319921875,2008.7232983398437,2.7747307279066833,,
2016-05-12,46.70000076293945,94.13999938964844,1.142700433731079,1.4438347816467285,,2.072999954223633,108.41500091552734,2064.110107421875,4737.330078125,14.40999984741211,2054.446193847656,2008.6260485839844,2.762289121810657,,
2016-05-13,46.209999084472656,94.61000061035156,1.1376951932907104,1.4445230960845947,,2.075000047683716,109.0999984741211,2046.6099853515625,4717.68017578125,15.039999961853027,2055.37859375,2008.4712481689453,1.8988938585696453,,
2016-05-16,47.720001220703125,94.56999969482422,1.1316953897476196,1.4349260330200195,,2.0910000801086426,108.66100311279297,2066.659912109375,4775.4599609375,14.680000305175781,2056.676591796875,2008.283648071289,2.906773856081,,
2016-05-17,48.310001373291016,94.55000305175781,1.1316057443618774,1.4446901082992554,,2.0920000076293945,109.08000183105469,2047.2099609375,4715.72998046875,15.569999694824219,2058.0355908203123,2008.0993475341797,1.9476433499839358,,
2016-05-18,48.189998626708984,95.08000183105469,1.1316057443618774,1.4455254077911377,,2.0815000534057617,108.94999694824219,2047.6300048828125,4739.1201171875,15.949999809265137,2059.202990722656,2007.9072473144531,1.978316360055376,,
2016-05-19,48.15999984741211,95.29000091552734,1.122296690940857,1.4596196413040161,,2.062999963760376,110.13999938964844,2040.0400390625,4712.52978515625,16.329999923706055,2060.212392578125,2007.690498046875,1.6112812730396082,,
2016-05-20,47.75,95.30999755859375,1.1205987930297852,1.4601097106933594,,2.058500051498413,109.88099670410156,2052.320068359375,4769.56005859375,15.199999809265137,2060.8149951171877,2007.4943981933593,2.232916326260062,,
2016-05-23,48.08000183105469,95.2300033569336,1.1221708059310913,1.4490653276443481,,2.057499885559082,110.05000305175781,2048.0400390625,4765.77978515625,15.819999694824219,2061.3829956054688,2007.2223986816407,2.0335385061300957,,
2016-05-24,48.619998931884766,95.56999969482422,1.121604323387146,1.4481840133666992,,2.069499969482422,109.3740005493164,2076.06005859375,4861.06005859375,14.420000076293945,2062.585595703125,2007.1180993652345,3.4348730774895078,,
2016-05-25,49.560001373291016,95.3499984741211,1.113796591758728,1.4612619876861572,,2.1050000190734863,110.16999816894531,2090.5400390625,4894.89013671875,13.899999618530273,2063.8519970703123,2007.1727490234375,4.153468608002161,,
2016-05-26,49.47999954223633,95.16999816894531,1.1158970594406128,1.4698317050933838,,2.1064999103546143,110.11100006103516,2090.10009765625,4901.77001953125,13.430000305175781,2064.8421997070313,2007.444599609375,4.117448524505172,,
2016-05-27,49.33000183105469,95.5199966430664,1.1192066669464111,1.466490626335144,,2.114000082015991,109.71299743652344,2099.06005859375,4933.5,13.119999885559082,2065.8317993164064,2008.0854498291017,4.530415215766378,,
2016-05-30,49.33000183105469,95.5199966430664,1.1110000610351562,1.4626511335372925,,2.114000082015991,110.7699966430664,2099.06005859375,4933.5,13.119999885559082,2066.7809985351564,2009.1147003173828,4.476865271164378,,
2016-05-31,49.099998474121094,95.88999938964844,1.1148396730422974,1.4635074138641357,,2.0975000858306885,110.84100341796875,2096.949951171875,4948.0498046875,14.1899995803833,2067.7239965820313,2010.2614001464844,4.312302420922657,,
2016-06-01,49.0099983215332,95.45999908447266,1.113598108291626,1.4482468366622925,,2.072499990463257,110.66999816894531,2099.330078125,4952.25,14.199999809265137,2068.9763989257813,2011.0555004882813,4.389465015524723,,
2016-06-02,49.16999816894531,95.55999755859375,1.1189061403274536,1.4419403076171875,,2.069499969482422,109.47699737548828,2105.260009765625,4971.35986328125,13.630000114440918,2070.3628002929686,2011.643500366211,4.653732601346691,,
2016-06-03,48.619998931884766,94.02999877929688,1.115200161933899,1.4405485391616821,,2.111999988555908,108.86000061035156,2099.1298828125,4942.52001953125,13.470000267028809,2071.626599121094,2012.1947998046876,4.320410877527897,,
2016-06-06,49.689998626708984,93.9000015258789,1.1350995302200317,1.4383935928344727,,2.117000102996826,106.72100067138672,2109.409912109375,4968.7099609375,13.649999618530273,2073.0737963867186,2012.8809490966796,4.795562452713097,,
2016-06-07,50.36000061035156,93.83000183105469,1.1364023685455322,1.4459224939346313,,2.0510001182556152,107.43800354003906,2112.1298828125,4961.75,14.050000190734863,2074.216193847656,2013.8723486328124,4.879034872612117,,
2016-06-08,51.22999954223633,93.58999633789062,1.1357828378677368,1.454355001449585,,2.0625,107.25399780273438,2119.1201171875,4974.64013671875,14.079999923706055,2075.319597167969,2014.7236492919922,5.181676798810324,,
2016-06-09,50.560001373291016,94.0999984741211,1.140706181526184,1.4518423080444336,,2.0399999618530273,106.77999877929688,2115.47998046875,4958.6201171875,14.640000343322754,2076.434396972656,2015.545399169922,4.958190539393702,,
2016-06-10,49.06999969482422,94.5999984741211,1.1315033435821533,1.4463825225830078,,2.0315001010894775,107.08999633789062,2096.070068359375,4894.5498046875,17.030000686645508,2076.9001977539065,2016.419649658203,3.9500913767961556,,
2016-06-13,48.880001068115234,94.37000274658203,1.1239995956420898,1.4188824892044067,,2.057499885559082,106.50399780273438,2079.06005859375,4848.43994140625,20.969999313354492,2077.158801269531,2017.2088500976563,3.066177728354671,,
2016-06-14,48.4900016784668,94.93000030517578,1.1291015148162842,1.4206764698028564,,2.0445001125335693,106.22599792480469,2075.320068359375,4843.5498046875,20.5,2077.7618017578125,2017.7384002685546,2.853772723121908,,
2016-06-15,48.0099983215332,94.61000061035156,1.1213024854660034,1.4123696088790894,,2.0934998989105225,106.08699798583984,2071.5,4834.93017578125,20.139999389648438,2077.858603515625,2018.385700073242,2.6315237927434043,,
2016-06-16,46.209999084472656,94.56999969482422,1.1262656450271606,1.41958749294281,,2.049999952316284,105.8499984741211,2077.989990234375,4844.919921875,19.3700008392334,2078.5802026367187,2019.0141998291015,2.921019099829288,,
2016-06-17,47.97999954223633,94.20999908447266,1.1252011060714722,1.4295722246170044,,2.052500009536743,104.74299621582031,2071.219970703125,4800.33984375,19.40999984741211,2079.0526025390627,2019.5650494384765,2.5577250546601946,,
2016-06-20,49.369998931884766,93.61000061035156,1.13490629196167,1.4585976600646973,,2.0934998989105225,104.64800262451172,2083.25,4837.2099609375,18.3700008392334,2079.877802734375,2020.2161492919922,3.1201537880042545,,
2016-06-21,48.849998474121094,94.0199966430664,1.1322976350784302,1.467502236366272,,2.116499900817871,103.8239974975586,2088.89990234375,4843.759765625,18.479999542236328,2080.4214013671876,2020.7701989746095,3.3714720953283708,,
2016-06-22,49.130001068115234,93.72000122070312,1.1250618696212769,1.4670286178588867,,2.135499954223633,104.66999816894531,2085.449951171875,4833.31982421875,21.170000076293945,2080.482001953125,2021.2208984375,3.1777354362418855,,
2016-06-23,50.11000061035156,93.52999877929688,1.1328235864639282,1.4789398908615112,,2.1635000705718994,104.6500015258789,2113.320068359375,4910.0400390625,17.25,2081.092802734375,2021.8364990234375,4.524775835243098,,
2016-06-24,47.63999938964844,95.44999694824219,1.1324002742767334,1.4557948112487793,,2.111999988555908,104.89600372314453,2037.4100341796875,4707.97998046875,25.760000228881836,2080.2264038085937,2022.2333990478517,0.7504887981269425,,
2016-06-27,46.33000183105469,96.54000091552734,1.103594422340393,1.3450984954833984,,2.126499891281128,102.12699890136719,2000.5400390625,4594.43994140625,23.850000381469727,2078.3504028320312,2022.4012493896485,-1.0809531656364466,,
2016-06-28,47.849998474121094,96.25,1.1015034914016724,1.323504090309143,,2.1700000762939453,101.81199645996094,2036.0899658203125,4691.8701171875,18.75,2077.056201171875,2022.8679992675782,0.6536247821173512,,
2016-06-29,49.880001068115234,95.7699966430664,1.1073951721191406,1.3350956439971924,,2.183500051498413,102.70099639892578,2070.77001953125,4779.25,16.639999389648438,2076.423603515625,2023.5280493164062,2.334633820905188,,
2016-06-30,48.33000183105469,96.13999938964844,1.1128050088882446,1.3465837240219116,,2.194499969482422,102.77799987792969,2098.860107421875,4842.669921875,15.630000114440918,2076.5712060546875,2024.3611499023436,3.6801218756408773,,
2016-07-01,48.9900016784668,95.6500015258789,1.1106051206588745,1.3328713178634644,,2.2149999141693115,103.072998046875,2102.949951171875,4862.56982421875,14.770000457763672,2076.798603515625,2025.2191998291016,3.8381401553635626,,
2016-07-04,48.9900016784668,95.6500015258789,1.1131023168563843,1.3289920091629028,,2.2149999141693115,102.48799896240234,2102.949951171875,4862.56982421875,14.770000457763672,2077.1018017578126,2026.3250994873047,3.7814688128749796,,
2016-07-05,46.599998474121094,96.16999816894531,1.1146035194396973,1.3279860019683838,,2.18149995803833,102.51799774169922,2088.550048828125,4822.89990234375,15.579999923706055,2077.0388037109374,2027.3473999023438,3.0188535486680426,,
2016-07-06,47.43000030517578,96.05999755859375,1.1065007448196411,1.2957899570465088,,2.1514999866485596,101.14099884033203,2099.72998046875,4859.16015625,14.960000038146973,2077.1304052734376,2028.2458996582031,3.524428710670301,,
2016-07-07,45.13999938964844,96.33000183105469,1.1099025011062622,1.292590856552124,,2.122499942779541,101.1500015258789,2097.89990234375,4876.81005859375,14.760000228881836,2077.5722021484376,2029.1162994384765,3.3898304855324546,,
2016-07-08,45.40999984741211,96.30000305175781,1.1065741777420044,1.2915725708007812,,2.118499994277954,100.79000091552734,2129.89990234375,4956.759765625,13.199999809265137,2078.86419921875,2030.0089990234376,4.920712340111115,,
2016-07-11,44.7599983215332,96.56999969482422,1.1043988466262817,1.2946157455444336,,2.1470000743865967,100.69200134277344,2137.159912109375,4988.64013671875,13.539999961853027,2079.978798828125,2030.7595483398438,5.239436833204306,,
2016-07-12,46.79999923706055,96.44000244140625,1.1058032512664795,1.2981113195419312,,2.2109999656677246,102.52400207519531,2152.139892578125,5022.81982421875,13.550000190734863,2081.7541943359374,2031.620647583008,5.932172678915094,,
2016-07-13,44.75,96.22000122070312,1.1062926054000854,1.3278273344039917,,2.23799991607666,104.75599670410156,2152.429931640625,5005.72998046875,13.039999961853027,2083.780390625,2032.4036474609375,5.9056321971098225,,
2016-07-14,45.68000030517578,96.08000183105469,1.1094961166381836,1.3119744062423706,,2.240999937057495,104.07599639892578,2163.75,5034.06005859375,12.819999694824219,2086.04279296875,2033.1552471923828,6.423255331237375,,
2016-07-15,45.95000076293945,96.58000183105469,1.1106051206588745,1.3357912302017212,,2.2304999828338623,105.19100189208984,2161.739990234375,5029.58984375,12.670000076293945,2088.134794921875,2033.8894970703125,6.286009802805068,,
2016-07-18,45.2400016784668,96.55999755859375,1.1053143739700317,1.3229613304138184,,2.2339999675750732,105.45899963378906,2166.889892578125,5055.77978515625,12.4399995803833,2090.2987939453124,2034.6366467285156,6.500091604181947,,
2016-07-19,44.650001525878906,97.05000305175781,1.1071866750717163,1.3268934488296509,,2.2614998817443848,106.14600372314453,2163.780029296875,5036.3701171875,11.970000267028809,2091.8865966796875,2035.4370971679687,6.305423651139989,,
2016-07-20,44.939998626708984,97.19999694824219,1.1013579368591309,1.310839295387268,,2.252000093460083,106.13700103759766,2173.02001953125,5089.93017578125,11.770000457763672,2094.0577978515626,2036.330997314453,6.71251492989424,,
2016-07-21,44.75,97.0,1.1019526720046997,1.326453447341919,,2.25600004196167,107.2040023803711,2165.169921875,5073.89990234375,12.739999771118164,2096.078994140625,2037.0375469970704,6.290133192037518,,
2016-07-22,44.189998626708984,97.47000122070312,1.1032899618148804,1.3246086835861206,,2.2339999675750732,105.81099700927734,2175.030029296875,5100.16015625,12.020000457763672,2098.6473950195314,2037.747147216797,6.736992971261533,,
2016-07-25,43.130001068115234,97.29000091552734,1.097044587135315,1.3129734992980957,,2.2160000801086426,106.32599639892578,2168.47998046875,5097.6298828125,12.869999885559082,2100.6837963867188,2038.4212469482422,6.380365869675911,,
2016-07-26,42.91999816894531,97.16000366210938,1.0991184711456299,1.3107877969741821,,2.2249999046325684,105.5780029296875,2169.179931640625,5110.0498046875,13.050000190734863,2103.123195800781,2039.113296508789,6.37858795558471,,
2016-07-27,41.91999816894531,97.05000305175781,1.0987803936004639,1.3152875900268555,,2.184999942779541,104.8489990234375,2166.580078125,5139.81005859375,12.829999923706055,2105.502197265625,2039.8514971923828,6.212637591856284,,
2016-07-28,41.13999938964844,96.73999786376953,1.1073460578918457,1.323784351348877,,2.2060000896453857,104.95099639892578,2170.06005859375,5154.97998046875,12.720000267028809,2108.10259765625,2040.4392474365234,6.352593507504518,,
2016-07-29,41.599998474121094,95.52999877929688,1.108438491821289,1.316187858581543,,2.2204999923706055,104.74500274658203,2173.60009765625,5162.1298828125,11.869999885559082,2110.5281982421875,2040.931498413086,6.500394518205027,,
2016-08-01,40.060001373291016,95.70999908447266,1.1168068647384644,1.3216325044631958,,2.196500062942505,102.33200073242188,2170.840087890625,5184.2001953125,12.4399995803833,2112.98419921875,2041.4297991943358,6.339198572851333,,
2016-08-02,39.5099983215332,95.05999755859375,1.1168068647384644,1.3185480833053589,,2.2065000534057617,102.35900115966797,2157.030029296875,5137.72998046875,13.369999885559082,2114.6035986328125,2041.8854998779298,5.6391276310953256,,
2016-08-03,40.83000183105469,95.55999755859375,1.1219062805175781,1.333777904510498,,2.196000099182129,101.06800079345703,2163.7900390625,5159.740234375,12.859999656677246,2116.0685986328126,2042.252699584961,5.951141085637374,,
2016-08-04,41.93000030517578,95.76000213623047,1.1151504516601562,1.332800269126892,,2.1740000247955322,101.33699798583984,2164.25,5166.25,12.420000076293945,2117.5515966796875,2042.626900024414,5.954249401793951,,
2016-08-05,41.79999923706055,96.19000244140625,1.1134741306304932,1.3129217624664307,,2.1530001163482666,101.1989974975586,2182.8701171875,5221.1201171875,11.390000343322754,2119.2277978515626,2043.1444500732423,6.838756168671718,,
2016-08-08,43.02000045776367,96.4000015258789,1.1089547872543335,1.3085750341415405,,2.1640000343322754,102.1449966430664,2180.889892578125,5213.14013671875,11.5,2120.86439453125,2043.5286492919922,6.721767435642432,,
2016-08-09,42.77000045776367,96.18000030517578,1.1083648204803467,1.3032373189926147,,2.1494998931884766,102.28800201416016,2181.739990234375,5225.47998046875,11.65999984741211,2122.5601953125,2043.8883990478516,6.744575254242929,,
2016-08-10,41.709999084472656,95.6500015258789,1.111580491065979,1.3007115125656128,,2.1705000400543213,101.91500091552734,2175.489990234375,5204.580078125,12.050000190734863,2124.0833935546875,2044.2542987060547,6.419734159854191,,
2016-08-11,43.4900016784668,95.86000061035156,1.1186434030532837,1.3020155429840088,,2.190000057220459,101.13300323486328,2185.7900390625,5228.39990234375,11.680000305175781,2125.693994140625,2044.683599243164,6.901138145362258,,
2016-08-12,44.4900016784668,95.72000122070312,1.113908290863037,1.2954877614974976,,2.140500068664551,101.80799865722656,2184.050048828125,5232.89013671875,11.550000190734863,2127.3923974609374,2045.1078497314454,6.793881267187199,,
2016-08-15,45.7400016784668,95.62999725341797,1.1166945695877075,1.290988802909851,,2.1514999866485596,101.28299713134766,2190.14990234375,5262.02001953125,11.8100004196167,2129.007197265625,2045.665698852539,7.06294305918389,,
2016-08-16,46.58000183105469,94.79000091552734,1.1184055805206299,1.2883111238479614,,2.171999931335449,101.23999786376953,2178.14990234375,5227.10986328125,12.640000343322754,2130.32759765625,2046.1478485107423,6.451247104606024,,
2016-08-17,46.790000915527344,94.72000122070312,1.1275991201400757,1.303373098373413,,2.1519999504089355,100.19999694824219,2182.219970703125,5228.66015625,12.1899995803833,2131.5895947265626,2046.6839483642577,6.62222530484933,,
2016-08-18,48.220001220703125,94.16000366210938,1.1298924684524536,1.3044612407684326,,2.1670000553131104,99.90599822998047,2187.02001953125,5240.14990234375,11.430000305175781,2133.0203955078123,2047.3891986083984,6.8199451778762,,
2016-08-19,48.52000045776367,94.51000213623047,1.1349449157714844,1.3166556358337402,,2.1665000915527344,100.11199951171875,2183.8701171875,5238.3798828125,11.34000015258789,2134.776396484375,2048.1933489990233,6.624216813065209,,
2016-08-22,47.04999923706055,94.5199966430664,1.1298158168792725,1.3056023120880127,,2.140000104904175,100.55400085449219,2182.639892578125,5244.60009765625,12.270000457763672,2136.8479931640627,2048.8405987548826,6.53048821389788,,
2016-08-23,48.099998474121094,94.54000091552734,1.1319260597229004,1.3137152194976807,,2.115000009536743,100.2509994506836,2186.89990234375,5260.080078125,12.380000114440918,2139.07958984375,2049.5228985595704,6.702877234537355,,
2016-08-24,46.77000045776367,94.79000091552734,1.1300839185714722,1.3196094036102295,,2.0759999752044678,100.31099700927734,2175.43994140625,5217.68994140625,13.449999809265137,2141.158388671875,2049.9821978759765,6.119943073664863,,
2016-08-25,47.33000183105469,94.7699966430664,1.1263798475265503,1.3234516382217407,,2.075500011444092,100.552001953125,2172.469970703125,5212.2001953125,13.630000114440918,2143.04798828125,2050.4383477783203,5.95148949769827,,
2016-08-26,47.63999938964844,95.56999969482422,1.1290504932403564,1.3194352388381958,,2.075000047683716,100.55500030517578,2169.0400390625,5218.919921875,13.649999618530273,2145.0043896484376,2050.837698364258,5.763612634608772,,
2016-08-29,46.97999954223633,95.58000183105469,1.1199462413787842,1.3128528594970703,,2.072499990463257,101.91999816894531,2180.3798828125,5232.330078125,12.9399995803833,2146.9469873046874,2051.306647338867,6.292244781689653,,
2016-08-30,46.349998474121094,96.05000305175781,1.1192818880081177,1.3107877969741821,,2.069000005722046,101.80899810791016,2176.1201171875,5222.990234375,13.119999885559082,2148.6913916015624,2051.741548461914,6.062097286026407,,
2016-08-31,44.70000076293945,96.0199966430664,1.1153244972229004,1.3090718984603882,,2.069499969482422,102.86799621582031,2170.949951171875,5213.22021484375,13.420000076293945,2150.4013916015624,2052.151947631836,5.788947727634446,,
2016-09-01,43.15999984741211,95.6500015258789,1.116071343421936,1.3133701086044312,,2.06850004196167,103.302001953125,2170.860107421875,5227.2099609375,13.479999542236328,2151.5521923828123,2052.561897583008,5.763441773822702,,
2016-09-02,44.439998626708984,95.87999725341797,1.1200717687606812,1.327492356300354,,2.071500062942505,103.25800323486328,2179.97998046875,5249.89990234375,11.979999542236328,2154.4035913085936,2053.0112469482424,6.184512321071983,,
2016-09-05,44.439998626708984,95.87999725341797,1.1161960363388062,1.3294336795806885,,2.071500062942505,103.93399810791016,2179.97998046875,5249.89990234375,11.979999542236328,2157.9923901367188,2053.509097290039,6.1587690721999415,,
2016-09-06,44.83000183105469,94.81999969482422,1.1153244972229004,1.3313806056976318,,2.0840001106262207,103.51000213623047,2186.47998046875,5275.91015625,12.020000457763672,2161.0001904296873,2053.92834777832,6.453566544023187,,
2016-09-07,45.5,94.95999908447266,1.1253657341003418,1.3421016931533813,,2.0929999351501465,101.5250015258789,2186.159912109375,5283.93017578125,11.9399995803833,2163.30798828125,2054.461597290039,6.410356610853858,,
2016-09-08,47.619998931884766,95.02999877929688,1.1241008043289185,1.333866834640503,,2.0959999561309814,101.8290023803711,2181.300048828125,5259.47998046875,12.510000228881836,2164.956787109375,2055.1199969482423,6.139789991205101,,
2016-09-09,45.880001068115234,95.33999633789062,1.1271415948867798,1.331026315689087,,2.0885000228881836,102.30599975585938,2127.81005859375,5125.91015625,17.5,2165.4539892578123,2055.30059753418,3.5279248761257826,,
2016-09-12,46.290000915527344,95.0999984741211,1.1241133213043213,1.327316164970398,,2.0959999561309814,102.43800354003906,2159.0400390625,5211.89013671875,15.15999984741211,2166.575791015625,2055.7104473876952,5.026466242174883,,
2016-09-13,44.900001525878906,95.62999725341797,1.1243535280227661,1.333866834640503,,2.0954999923706055,101.7509994506836,2127.02001953125,5155.25,17.850000381469727,2167.3451904296876,2056.0275970458983,3.45289248973864,,
2016-09-14,43.58000183105469,95.33000183105469,1.12186861038208,1.3194352388381958,,2.1480000019073486,102.50399780273438,2125.77001953125,5173.77001953125,18.139999389648438,2167.8659912109374,2056.418347167969,3.372449601939697,,
2016-09-15,43.90999984741211,95.29000091552734,1.1247328519821167,1.326435923576355,,2.1519999504089355,102.5479965209961,2147.260009765625,5249.68994140625,16.299999237060547,2168.853193359375,2056.8934973144533,4.39334912425739,,
2016-09-16,43.029998779296875,96.11000061035156,1.124593734741211,1.3247665166854858,,2.1514999866485596,102.00800323486328,2139.159912109375,5244.56982421875,15.369999885559082,2169.0383935546874,2057.527446899414,3.9675030985845137,,
2016-09-19,43.29999923706055,95.83999633789062,1.1158473491668701,1.3016257286071777,,2.1489999294281006,102.30699920654297,2139.1201171875,5235.02978515625,15.529999732971191,2169.07759765625,2058.1133477783205,3.9359722095298664,,
2016-09-20,43.439998626708984,96.0199966430664,1.118067979812622,1.3044612407684326,,2.1554999351501465,101.84600067138672,2139.760009765625,5241.35009765625,15.920000076293945,2168.83,2058.59509765625,3.942733187394788,,
2016-09-21,45.34000015258789,95.66000366210938,1.1153992414474487,1.2985326051712036,,2.1449999809265137,101.5469970703125,2163.1201171875,5295.18017578125,13.300000190734863,2169.0438037109375,2059.0453479003904,5.054515646934861,,
2016-09-22,46.31999969482422,95.44999694824219,1.1193194389343262,1.3036110401153564,,2.1875,100.39299774169922,2177.179931640625,5339.52001953125,12.020000457763672,2169.31240234375,2059.7217974853515,5.702621310250459,,
2016-09-23,44.47999954223633,95.4800033569336,1.1210134029388428,1.3087291717529297,,2.192500114440918,100.83100128173828,2164.68994140625,5305.75,12.289999961853027,2169.3714013671874,2060.5174969482423,5.055644740328278,,
2016-09-26,45.93000030517578,95.30999755859375,1.123923897743225,1.297858476638794,,2.190000057220459,100.88899993896484,2146.10009765625,5257.490234375,14.5,2168.95560546875,2061.142247314453,4.121881954168474,,
2016-09-27,44.66999816894531,95.44000244140625,1.124985933303833,1.2969495058059692,,2.1614999771118164,100.35900115966797,2159.929931640625,5305.7099609375,13.100000381469727,2168.878603515625,2061.7470471191405,4.762120778039893,,
2016-09-28,47.04999923706055,95.43000030517578,1.121956706047058,1.3012362718582153,,2.179500102996826,100.46800231933594,2171.3701171875,5318.5498046875,12.390000343322754,2168.84560546875,2062.2824475097655,5.289657088894851,,
2016-09-29,47.83000183105469,95.54000091552734,1.1224982738494873,1.3039510250091553,,2.180999994277954,100.93499755859375,2151.1298828125,5269.14990234375,14.020000457763672,2168.5648046875,2062.7331469726564,4.285417916010024,,
2016-09-30,48.2400016784668,95.45999908447266,1.121956706047058,1.2963443994522095,,2.2019999027252197,101.1989974975586,2168.27001953125,5312.0,13.289999961853027,2168.4296044921875,2063.2695471191405,5.08903320745064,,
2016-10-03,48.810001373291016,95.75,1.1234692335128784,1.2931592464447021,,2.183500051498413,101.56300354003906,2161.199951171875,5300.8701171875,13.569999694824219,2168.28400390625,2063.793046875,4.719800003414522,,
2016-10-04,48.689998626708984,96.12000274658203,1.121038556098938,1.2848516702651978,,2.1584999561309814,101.81700134277344,2150.489990234375,5289.66015625,13.630000114440918,2167.910205078125,2064.1536962890623,4.182648515976703,,
2016-10-05,49.83000183105469,96.12999725341797,1.121076226234436,1.273236632347107,,2.1559998989105225,102.87999725341797,2159.72998046875,5316.02001953125,12.989999771118164,2167.773203125,2064.635545654297,4.605870271613336,,
2016-10-06,50.439998626708984,96.66000366210938,1.120824933052063,1.2755101919174194,,2.1480000019073486,103.45999908447266,2160.77001953125,5306.85009765625,12.84000015258789,2167.58740234375,2065.219696044922,4.626642079257497,,
2016-10-07,49.810001373291016,96.5199966430664,1.1144545078277588,1.2402331829071045,,2.1565001010894775,103.76499938964844,2153.739990234375,5292.39990234375,13.479999542236328,2167.1902001953126,2065.7686962890625,4.258525850611625,,
2016-10-10,49.810001373291016,96.5199966430664,1.1196954250335693,1.2434717416763306,,2.1565001010894775,103.01799774169922,2163.659912109375,5328.669921875,13.380000114440918,2167.0465966796874,2066.5236956787107,4.700464680554351,,
2016-10-11,50.790000915527344,97.69999694824219,1.1140819787979126,1.2341108322143555,,2.178499937057495,103.6969985961914,2136.72998046875,5246.7900390625,15.359999656677246,2166.640595703125,2067.1237957763674,3.3672963774402307,,
2016-10-12,50.18000030517578,97.97000122070312,1.1061947345733643,1.2278977632522583,,2.1695001125335693,103.34200286865234,2139.179931640625,5239.02001953125,15.90999984741211,2166.1483935546876,2067.868395385742,3.4485529356707607,,
2016-10-13,50.439998626708984,97.5199966430664,1.1011881828308105,1.2187690734863281,,2.115000009536743,104.30400085449219,2132.550048828125,5213.330078125,16.690000534057617,2165.51439453125,2068.815695800781,3.080716815746798,,
2016-10-14,50.349998474121094,98.0199966430664,1.1049723625183105,1.222195029258728,,2.1034998893737793,103.72200012207031,2132.97998046875,5214.16015625,16.1200008392334,2164.516591796875,2069.870445556641,3.0489606268636513,,
2016-10-17,49.939998626708984,97.88999938964844,1.0967799425125122,1.2183235883712769,,2.0994999408721924,104.03900146484375,2126.5,5199.81982421875,16.209999084472656,2163.4287939453125,2070.884595336914,2.685586864102283,,
2016-10-18,50.290000915527344,97.9000015258789,1.1015641689300537,1.2218962907791138,,2.0980000495910645,103.85099792480469,2139.60009765625,5243.83984375,15.279999732971191,2162.58599609375,2071.8891955566405,3.268075447510505,,
2016-10-19,51.599998474121094,97.87000274658203,1.0976948738098145,1.230466365814209,,2.0969998836517334,103.86499786376953,2144.2900390625,5246.41015625,14.40999984741211,2161.9619970703125,2073.1592456054686,3.4310337523665497,,
2016-10-20,50.43000030517578,98.31999969482422,1.0975141525268555,1.2289540767669678,,2.0905001163482666,103.39099884033203,2141.340087890625,5241.830078125,13.75,2161.072998046875,2074.2567462158204,3.2340905626648397,,
2016-10-21,50.849998474121094,98.69999694824219,1.0930395126342773,1.2256402969360352,,2.0834999084472656,104.10900115966797,2141.159912109375,5257.39990234375,13.34000015258789,2160.2151953125,2075.5608959960937,3.160544036064013,,
2016-10-24,50.52000045776367,98.66999816894531,1.0882576704025269,1.2219113111495972,,2.0875000953674316,103.91699981689453,2151.330078125,5309.830078125,13.020000457763672,2159.438798828125,2076.915896606445,3.582917422903024,,
2016-10-25,49.959999084472656,98.72000122070312,1.0875475406646729,1.2217471599578857,,2.132499933242798,104.32099914550781,2143.159912109375,5283.39990234375,13.460000038146973,2158.7389990234374,2078.2250463867185,3.1245348445566425,,
2016-10-26,49.18000030517578,98.62999725341797,1.0887316465377808,1.217581868171692,,2.1394999027252197,104.15399932861328,2139.429931640625,5250.27001953125,14.239999771118164,2157.8831982421875,2079.6255462646486,2.8757285408132702,,
2016-10-27,49.720001220703125,98.88999938964844,1.091202735900879,1.2235409021377563,,2.1654999256134033,104.56300354003906,2133.0400390625,5215.97021484375,15.359999656677246,2156.8035986328123,2080.945796508789,2.5033925747181724,,
2016-10-28,48.70000076293945,98.3499984741211,1.0900371074676514,1.2171372175216675,,2.188499927520752,105.20899963378906,2126.409912109375,5190.10009765625,16.190000534057617,2155.65439453125,2082.0433459472656,2.130914625215162,,
2016-10-31,46.86000061035156,98.44999694824219,1.0984665155410767,1.2215979099273682,,2.200500011444092,104.56500244140625,2126.14990234375,5189.14013671875,17.059999465942383,2154.5245947265626,2083.288695678711,2.05738200154133,,
2016-11-01,46.66999816894531,97.69999694824219,1.0973334312438965,1.2236906290054321,,2.2244999408721924,104.81999969482422,2111.719970703125,5153.580078125,18.559999465942383,2153.02099609375,2084.3291455078124,1.3141314678800047,,
2016-11-02,45.34000015258789,97.4000015258789,1.1057054996490479,1.2238553762435913,,2.2260000705718994,104.09200286865234,2097.93994140625,5105.56982421875,19.31999969482422,2151.47099609375,2085.4040954589846,0.6011231096439551,,
2016-11-03,44.65999984741211,97.16000366210938,1.1097548007965088,1.230466365814209,,2.244499921798706,103.37799835205078,2088.659912109375,5058.41015625,22.079999923706055,2149.794794921875,2086.3805950927735,0.10924742216077314,,
2016-11-04,44.06999969482422,97.06999969482422,1.1102476119995117,1.2468827962875366,,2.260999917984009,103.052001953125,2085.179931640625,5046.3701171875,22.510000228881836,2148.1175927734375,2087.1052947998046,-0.09225040844737437,,
2016-11-07,44.88999938964844,97.77999877929688,1.1101243495941162,1.248907208442688,,2.30649995803833,104.19499969482422,2131.52001953125,5166.169921875,18.709999084472656,2147.1403955078126,2088.0659948730467,2.081065673446075,,
2016-11-08,44.97999954223633,97.86000061035156,1.1052166223526,1.2399256229400635,,2.378999948501587,104.43800354003906,2139.56005859375,5193.490234375,18.739999771118164,2146.4091943359376,2089.248645019531,2.4081103842835616,,
2016-11-09,45.27000045776367,98.5,1.1019041538238525,1.2388503551483154,,2.4590001106262207,105.02999877929688,2163.260009765625,5251.06982421875,14.380000114440918,2146.2553955078124,2090.502294921875,3.4803939235316155,,
2016-11-10,44.65999984741211,98.79000091552734,1.0920606851577759,1.242081642150879,,2.549499988555908,105.85299682617188,2167.47998046875,5208.7998046875,14.739999771118164,2146.18779296875,2091.7624450683593,3.6197960996434393,,
2016-11-11,44.65999984741211,98.79000091552734,1.0889687538146973,1.2553352117538452,,2.549499988555908,106.85600280761719,2164.449951171875,5237.10986328125,14.170000076293945,2145.8771923828126,2093.184444580078,3.404645337219381,,
2016-11-14,43.31999969482422,100.11000061035156,1.0824854373931885,1.2573871612548828,,2.5185000896453857,106.87100219726562,2164.199951171875,5218.39990234375,14.479999542236328,2145.561591796875,2094.738244628906,3.316008896150858,,
2016-11-15,45.810001373291016,100.19000244140625,1.0750375986099243,1.2520345449447632,,2.502000093460083,108.2020034790039,2180.389892578125,5275.6201171875,13.369999885559082,2145.4397900390627,2096.3791442871093,4.007421487661491,,
2016-11-16,45.56999969482422,100.41000366210938,1.0727311372756958,1.2456402778625488,,2.4649999141693115,109.03800201416016,2176.93994140625,5294.580078125,13.720000267028809,2145.255390625,2098.004544067383,3.7624035449339703,,
2016-11-17,45.41999816894531,100.88999938964844,1.0706638097763062,1.2442454099655151,,2.487499952316284,108.78500366210938,2187.1201171875,5333.97021484375,13.350000381469727,2145.3717919921874,2099.794744873047,4.158757541786909,,
2016-11-18,45.689998626708984,101.20999908447266,1.062304139137268,1.2410026788711548,,2.4639999866485596,110.25599670410156,2181.89990234375,5321.509765625,12.850000381469727,2146.4535888671876,2101.3803442382814,3.8317460390377702,,
2016-11-21,47.4900016784668,101.05000305175781,1.0584250688552856,1.2324377298355103,,2.512500047683716,110.9729995727539,2198.179931640625,5368.85986328125,12.420000076293945,2147.23638671875,2103.04734375,4.523559023687577,,
2016-11-22,48.029998779296875,101.04000091552734,1.0638864040374756,1.2493752241134644,,2.5425000190734863,110.6500015258789,2202.93994140625,5386.35009765625,12.40999984741211,2148.75478515625,2104.584143676758,4.673407714536058,,
2016-11-23,47.959999084472656,101.69999694824219,1.0633772611618042,1.2423903942108154,,2.6059999465942383,111.00599670410156,2204.719970703125,5380.68017578125,12.430000305175781,2150.3337841796874,2105.973643798828,4.688868124967359,,
2016-11-24,47.959999084472656,101.69999694824219,1.0545185804367065,1.2433171272277832,,2.6059999465942383,112.58200073242188,2204.719970703125,5380.68017578125,12.430000305175781,2151.4829833984377,2107.4080938720704,4.617609522997396,,
2016-11-25,46.060001373291016,101.48999786376953,1.0561892986297607,1.2452834844589233,,2.6670000553131104,113.29199981689453,2213.35009765625,5398.919921875,12.34000015258789,2152.966787109375,2108.8859442138673,4.953523149461928,,
2016-11-28,47.08000183105469,101.33000183105469,1.0612331628799438,1.248127818107605,,2.6559998989105225,112.6520004272461,2201.719970703125,5368.81005859375,13.149999618530273,2154.2187841796876,2110.167044067383,4.338657780346729,,
2016-11-29,45.22999954223633,100.93000030517578,1.062134861946106,1.2411566972732544,,2.5950000286102295,111.69000244140625,2204.659912109375,5379.919921875,12.899999618530273,2155.5167822265626,2111.5839935302733,4.407871951306646,,
2016-11-30,49.439998626708984,101.5,1.0648492574691772,1.249219298362732,,2.621500015258789,112.47000122070312,2198.81005859375,5323.68017578125,13.329999923706055,2156.2305810546877,2112.9290435791017,4.064547992069527,,
2016-12-01,51.060001373291016,101.04000091552734,1.0592098236083984,1.2517211437225342,,2.631500005722046,114.69400024414062,2191.080078125,5251.10986328125,14.069999694824219,2156.508583984375,2114.125944213867,3.639997613280703,,
2016-12-02,51.68000030517578,100.7699966430664,1.0663141012191772,1.2589701414108276,,2.615000009536743,113.90899658203125,2191.949951171875,5255.64990234375,14.119999885559082,2157.0537841796877,2115.345443725586,3.621371047150189,,
2016-12-05,51.790000915527344,100.13999938964844,1.0582010746002197,1.266784906387329,,2.688999891281128,113.50499725341797,2204.7099609375,5308.89013671875,12.140000343322754,2158.2259814453123,2116.70784362793,4.157499466659461,,
2016-12-06,50.93000030517578,100.48999786376953,1.0757315158843994,1.2728476524353027,,2.671999931335449,113.86299896240234,2212.22998046875,5333.0,11.789999961853027,2159.271982421875,2117.8772436523436,4.455061647184622,,
2016-12-07,49.77000045776367,100.2300033569336,1.0720411539077759,1.2671059370040894,,2.63700008392334,114.052001953125,2241.35009765625,5393.759765625,12.220000267028809,2160.67158203125,2119.1517443847656,5.766380514999937,,
2016-12-08,50.84000015258789,101.06999969482422,1.0761945247650146,1.262785792350769,,2.619999885559082,113.71299743652344,2246.18994140625,5417.35986328125,12.640000343322754,2162.572783203125,2120.4156939697264,5.931584443286965,,
2016-12-09,51.5,101.56999969482422,1.062134861946106,1.2584948539733887,,2.6419999599456787,114.07499694824219,2259.530029296875,5444.5,11.75,2164.3979833984376,2121.713394165039,6.495534953535566,,
2016-12-12,52.83000183105469,100.95999908447266,1.0547411441802979,1.2597631216049194,,2.61299991607666,115.41200256347656,2256.9599609375,5412.5400390625,12.640000343322754,2166.31318359375,2122.9893939208982,6.310468031551244,,
2016-12-13,52.97999954223633,101.02999877929688,1.0641694068908691,1.2675877809524536,,2.5929999351501465,115.00199890136719,2271.719970703125,5463.830078125,12.720000267028809,2168.737783203125,2124.4516937255858,6.932060512954258,,
2016-12-14,51.040000915527344,102.0,1.062925100326538,1.2663036584854126,,2.5999999046325684,115.2239990234375,2253.280029296875,5436.669921875,13.1899995803833,2170.6087841796875,2125.771793823242,5.998209019619492,,
2016-12-15,50.900001525878906,103.12999725341797,1.051414132118225,1.253824234008789,,2.5959999561309814,117.21099853515625,2262.030029296875,5456.85009765625,12.789999961853027,2172.633984375,2127.1340942382812,6.341675187473288,,
2016-12-16,51.900001525878906,102.94999694824219,1.0418837070465088,1.2423903942108154,,2.561000108718872,118.24099731445312,2258.070068359375,5437.16015625,12.199999809265137,2174.7205859375,2128.3134948730467,6.096685182840898,,
2016-12-19,52.119998931884766,103.13999938964844,1.0449975728988647,1.248907208442688,,2.496500015258789,117.79100036621094,2262.530029296875,5457.43994140625,11.710000038146973,2176.69798828125,2129.527944946289,6.245613478152333,,
2016-12-20,52.22999954223633,103.29000091552734,1.0405826568603516,1.2390038967132568,,2.499500036239624,117.03700256347656,2270.760009765625,5483.93994140625,11.449999809265137,2179.3785888671873,2130.8020947265627,6.568320698831608,,
2016-12-21,52.4900016784668,103.0199966430664,1.039047360420227,1.2365524768829346,,2.491499900817871,117.875,2265.179931640625,5471.43017578125,11.270000457763672,2181.8985888671873,2131.99189453125,6.247117423429894,,
2016-12-22,52.95000076293945,103.08999633789062,1.0428615808486938,1.2354830503463745,,2.494499921798706,117.60399627685547,2260.9599609375,5447.419921875,11.430000305175781,2184.466787109375,2133.0937445068357,5.99440211007822,,
2016-12-23,53.02000045776367,103.01000213623047,1.0437650680541992,1.2285012006759644,,2.4725000858306885,117.54199981689453,2263.7900390625,5462.68994140625,11.4399995803833,2187.08298828125,2134.1647943115236,6.073816094075023,,
2016-12-26,53.02000045776367,103.01000213623047,1.045478343963623,1.2289540767669678,,2.4725000858306885,117.30999755859375,2263.7900390625,5462.68994140625,11.4399995803833,2189.8287890625,2135.225744018555,6.02111019896114,,
2016-12-27,53.900001525878906,103.0199966430664,1.0456969738006592,1.227596402168274,,2.507999897003174,117.19200134277344,2268.8798828125,5487.43994140625,11.989999771118164,2192.414384765625,2136.3211431884765,6.205000593973361,,
2016-12-28,54.060001373291016,103.26000213623047,1.046233057975769,1.227596402168274,,2.494999885559082,117.4800033569336,2249.919921875,5438.56005859375,12.949999809265137,2194.526982421875,2137.3871929931643,5.264966930219444,,
2016-12-29,53.77000045776367,102.68000030517578,1.0416991710662842,1.2224938869476318,,2.4790000915527344,117.08699798583984,2249.260009765625,5432.08984375,13.369999885559082,2196.685380859375,2138.453793334961,5.181604427274502,,
2016-12-30,53.720001220703125,102.38999938964844,1.0575296878814697,1.2288031578063965,,2.497499942779541,116.26699829101562,2238.830078125,5383.1201171875,14.039999961853027,2198.6387841796877,2139.4682440185547,4.644230377535977,,
2017-01-02,53.720001220703125,102.38999938964844,1.052698016166687,1.234903335571289,,2.497499942779541,116.79499816894531,2238.830078125,5383.1201171875,14.039999961853027,2200.3887841796877,2140.477144165039,4.594906992026142,,
2017-01-03,52.33000183105469,103.20999908447266,1.0460032224655151,1.2281994819641113,,2.4809999465942383,117.49500274658203,2257.830078125,5429.080078125,12.850000381469727,2202.6821875,2141.4912445068358,5.432608417923087,,
2017-01-04,53.2599983215332,102.69999694824219,1.0419923067092896,1.2245597839355469,,2.5480000972747803,117.65899658203125,2270.75,5477.0,11.850000381469727,2205.3085888671876,2142.5252447509765,5.984748864134243,,
2017-01-05,53.7599983215332,101.5199966430664,1.0500892400741577,1.2326807975769043,,2.5295000076293945,117.11299896240234,2269.0,5487.93994140625,11.670000076293945,2208.0277880859376,2143.5715447998045,5.851377132919986,,
2017-01-06,53.9900016784668,102.22000122070312,1.0605915784835815,1.2425447702407837,,2.5380001068115234,115.26499938964844,2276.97998046875,5521.06005859375,11.319999694824219,2211.039189453125,2144.592544555664,6.173081047454408,,
2017-01-09,51.959999084472656,101.93000030517578,1.0531858205795288,1.2260912656784058,,2.5299999713897705,117.1500015258789,2268.89990234375,5531.81982421875,11.5600004196167,2213.894189453125,2145.6063946533204,5.746324582069998,,
2017-01-10,50.81999969482422,102.01000213623047,1.0588620901107788,1.2173447608947754,,2.6034998893737793,115.98500061035156,2268.89990234375,5551.81982421875,11.489999771118164,2217.0377880859373,2146.7250439453123,5.691220621989914,,
2017-01-11,52.25,101.77999877929688,1.0552419424057007,1.2174336910247803,,2.6010000705718994,115.87200164794922,2275.320068359375,5563.64990234375,11.260000228881836,2220.585390625,2147.7683447265626,5.938802662120959,,
2017-01-12,53.0099983215332,101.3499984741211,1.0597710609436035,1.2214486598968506,,2.6605000495910645,115.0979995727539,2270.43994140625,5547.490234375,11.539999961853027,2224.2209912109374,2148.910994262695,5.655373697096851,,
2017-01-13,52.369998931884766,101.18000030517578,1.0616837739944458,1.2165449857711792,,2.680500030517578,114.66400146484375,2274.639892578125,5574.1201171875,11.229999542236328,2228.0101904296876,2150.0461938476565,5.794931247849121,,
2017-01-16,52.369998931884766,101.18000030517578,1.0628687143325806,1.2039345502853394,,2.680500030517578,114.22699737548828,2274.639892578125,5574.1201171875,11.229999542236328,2230.872587890625,2151.209443359375,5.737723474567782,,
2017-01-17,52.47999954223633,100.33000183105469,1.0602991580963135,1.2040214538574219,,2.616499900817871,114.1520004272461,2267.889892578125,5538.72998046875,11.869999885559082,2233.4391845703126,2152.24029296875,5.3734520251849105,,
2017-01-18,51.08000183105469,100.93000030517578,1.0696789026260376,1.2388043403625488,,2.6080000400543213,112.87799835205078,2271.889892578125,5555.64990234375,12.479999542236328,2235.6117822265624,2153.187642822266,5.512861368657659,,
2017-01-19,51.369998931884766,101.1500015258789,1.062778353691101,1.225970983505249,,2.6015000343322754,114.76200103759766,2263.68994140625,5540.080078125,12.779999732971191,2237.5359814453127,2154.0921923828123,5.0878857186796145,,
2017-01-20,52.41999816894531,100.73999786376953,1.0659730434417725,1.2338367700576782,,2.617000102996826,114.9800033569336,2271.31005859375,5555.330078125,11.539999961853027,2239.67318359375,2155.0450927734373,5.395013135000594,,
2017-01-23,52.75,100.16000366210938,1.0713750123977661,1.2386969327926636,,2.6394999027252197,113.80999755859375,2265.199951171875,5552.93994140625,11.770000457763672,2241.69318359375,2155.899392089844,5.069835794892059,,
2017-01-24,53.18000030517578,100.3499984741211,1.0760787725448608,1.2517211437225342,,2.700500011444092,112.77999877929688,2280.070068359375,5600.9599609375,11.069999694824219,2243.686787109375,2156.7957421875,5.715623587370675,,
2017-01-25,52.75,100.02999877929688,1.0728693008422852,1.2533055543899536,,2.702500104904175,113.83999633789062,2298.3701171875,5656.33984375,10.8100004196167,2246.115390625,2157.7755932617188,6.515715738227297,,
2017-01-26,53.779998779296875,100.37999725341797,1.0751993656158447,1.2634079456329346,,2.6659998893737793,113.29299926757812,2296.679931640625,5655.18017578125,10.630000114440918,2248.3065869140623,2158.801593017578,6.386799929599847,,
2017-01-27,53.16999816894531,100.52999877929688,1.068296194076538,1.2595410346984863,,2.680000066757202,114.45500183105469,2294.68994140625,5660.77978515625,10.579999923706055,2250.5623876953123,2159.8171423339845,6.244639716421389,,
2017-01-30,52.630001068115234,100.43000030517578,1.0713980197906494,1.2591921091079712,,2.6475000381469727,114.66799926757812,2280.89990234375,5613.7099609375,11.880000114440918,2252.216787109375,2160.7826916503905,5.558967644340712,,
2017-01-31,52.810001373291016,99.51000213623047,1.0708587169647217,1.25,,2.7214999198913574,113.6500015258789,2278.8701171875,5614.7900390625,11.989999771118164,2253.735390625,2161.718542480469,5.419372245038215,,
2017-02-01,53.880001068115234,99.63999938964844,1.0803803205490112,1.2589701414108276,,2.7044999599456787,112.74299621582031,2279.550048828125,5642.64990234375,11.8100004196167,2255.2319921875,2162.6405432128904,5.405868579599916,,
2017-02-02,53.540000915527344,99.8499984741211,1.0767391920089722,1.2661433219909668,,2.677999973297119,113.31099700927734,2280.85009765625,5636.2001953125,11.930000305175781,2256.7545947265626,2163.665743408203,5.416010056315737,,
2017-02-03,53.83000183105469,99.87000274658203,1.0761713981628418,1.2520031929016113,,2.609499931335449,112.78900146484375,2297.419921875,5666.77001953125,10.970000267028809,2258.4359912109376,2164.8263427734373,6.124906025103716,,
2017-02-06,53.0099983215332,99.91000366210938,1.0782949924468994,1.2484238147735596,,2.6454999446868896,112.63899993896484,2292.56005859375,5663.5498046875,11.369999885559082,2260.25279296875,2165.881993408203,5.8487981141672485,,
2017-02-07,52.16999816894531,100.26000213623047,1.0743216276168823,1.2468360662460327,,2.625999927520752,111.8270034790039,2293.080078125,5674.22021484375,11.289999961853027,2262.0211962890626,2167.0305432128907,5.816693968938031,,
2017-02-08,52.34000015258789,100.27999877929688,1.0678056478500366,1.2496250867843628,,2.6605000495910645,112.38700103759766,2294.669921875,5682.4501953125,11.449999809265137,2263.9383935546875,2168.2482922363283,5.830588226050467,,
2017-02-09,53.0,100.6500015258789,1.0692213773727417,1.252803087234497,,2.6480000019073486,111.9520034790039,2307.8701171875,5715.18017578125,10.880000114440918,2266.2741943359374,2169.534493408203,6.376281372783349,,
2017-02-10,53.86000061035156,100.80000305175781,1.0658594369888306,1.2498124837875366,,2.76200008392334,113.43399810791016,2316.10009765625,5734.1298828125,10.850000381469727,2268.757197265625,2170.8292944335935,6.691949643168976,,
2017-02-13,52.93000030517578,100.95999908447266,1.061954379081726,1.2484550476074219,,2.7764999866485596,113.91400146484375,2328.25,5763.9599609375,11.069999694824219,2271.227998046875,2172.1770947265627,7.185091199623575,,
2017-02-14,53.20000076293945,101.25,1.059849739074707,1.2523010969161987,,2.7309999465942383,113.70500183105469,2337.580078125,5782.56982421875,10.739999771118164,2273.735,2173.443045654297,7.551936214702653,,
2017-02-15,53.11000061035156,101.18000030517578,1.0578316450119019,1.2470382452011108,,2.7360000610351562,114.3010025024414,2349.25,5819.43994140625,11.970000267028809,2275.892998046875,2174.8669958496093,8.018099703713979,,
2017-02-16,53.36000061035156,100.44000244140625,1.0607378482818604,1.2469760179519653,,2.7160000801086426,114.11199951171875,2347.219970703125,5814.89990234375,11.760000228881836,2277.9135986328124,2176.2825451660156,7.8545603334823255,,
2017-02-17,53.400001525878906,100.94999694824219,1.0672245025634766,1.2489228248596191,,2.7054998874664307,113.30500030517578,2351.159912109375,5838.580078125,11.489999771118164,2279.7461962890625,2177.805294799805,7.9600604206220265,,
2017-02-20,53.400001525878906,100.94999694824219,1.062665343284607,1.2433944940567017,,2.7054998874664307,112.91100311279297,2351.159912109375,5838.580078125,11.489999771118164,2281.6301953125,2179.2277947998045,7.889589042496819,,
2017-02-21,54.060001373291016,101.37000274658203,1.0609403848648071,1.2473337650299072,,2.745500087738037,113.27999877929688,2365.3798828125,5865.9501953125,11.569999694824219,2283.5033935546876,2180.81864440918,8.462933810496697,,
2017-02-22,53.59000015258789,101.33000183105469,1.0542073249816895,1.248704433441162,,2.7325000762939453,113.66899871826172,2362.820068359375,5860.6298828125,11.739999771118164,2285.6941943359375,2182.3945947265624,8.267316738631243,,
2017-02-23,54.45000076293945,101.05000305175781,1.0554089546203613,1.2453765869140625,,2.6424999237060547,113.41699981689453,2363.81005859375,5835.509765625,11.710000038146973,2287.729794921875,2184.013444824219,8.232395006341282,,
2017-02-24,53.9900016784668,101.08999633789062,1.0584474802017212,1.255618929862976,,2.680000066757202,112.68199920654297,2367.340087890625,5845.31005859375,11.470000267028809,2289.9151953125,2185.588544921875,8.315908471932758,,
2017-02-27,54.04999923706055,101.12999725341797,1.055275321006775,1.2399563789367676,,2.6875,112.18800354003906,2369.75,5861.89990234375,12.09000015258789,2292.0595947265624,2187.1970947265627,8.34643140819733,,
2017-02-28,54.0099983215332,101.12000274658203,1.0584250688552856,1.2439358234405518,,2.7039999961853027,112.74500274658203,2363.639892578125,5825.43994140625,12.920000076293945,2293.9171923828126,2188.6349938964845,7.9960751413407065,,
2017-03-01,53.83000183105469,101.77999877929688,1.0569148063659668,1.2378076314926147,,2.7265000343322754,113.0770034790039,2395.9599609375,5904.02978515625,12.539999961853027,2296.53279296875,2190.1620935058595,9.396467414072243,,
2017-03-02,52.61000061035156,102.19999694824219,1.0535852909088135,1.227219820022583,,2.679500102996826,114.12100219726562,2381.919921875,5861.22021484375,11.8100004196167,2298.9519921875,2191.621192626953,8.683011913201497,,
2017-03-03,53.33000183105469,101.54000091552734,1.0509721040725708,1.227475881576538,,2.687000036239624,114.34200286865234,2383.1201171875,5870.75,10.960000038146973,2301.33859375,2193.041492919922,8.66735193480075,,
2017-03-06,53.20000076293945,101.63999938964844,1.062044620513916,1.23001229763031,,2.6429998874664307,113.84700012207031,2375.31005859375,5849.18017578125,11.239999771118164,2303.568994140625,2194.422742919922,8.243047801862355,,
2017-03-07,53.13999938964844,101.80999755859375,1.0579211711883545,1.224289894104004,,2.609499931335449,113.91699981689453,2368.389892578125,5833.93017578125,11.449999809265137,2305.5591943359377,2195.779942626953,7.860985821041227,,
2017-03-08,50.279998779296875,102.06999969482422,1.0570154190063477,1.2204499244689941,,2.5920000076293945,113.9260025024414,2362.97998046875,5837.5498046875,11.859999656677246,2307.8203955078125,2197.098192138672,7.550039817228536,,
2017-03-09,49.279998779296875,101.8499984741211,1.0547411441802979,1.217730164527893,,2.569999933242798,114.41100311279297,2364.8701171875,5838.81005859375,12.300000190734863,2310.13259765625,2198.396242675781,7.572514512174333,,
2017-03-10,48.4900016784668,101.25,1.0578428506851196,1.2157316207885742,,2.5864999294281006,115.14900207519531,2372.60009765625,5861.72998046875,11.65999984741211,2312.807998046875,2199.76359375,7.857049020963691,,
2017-03-13,48.400001525878906,101.37999725341797,1.0690041780471802,1.2171372175216675,,2.616499900817871,114.73200225830078,2373.469970703125,5875.77978515625,11.350000381469727,2315.5007958984374,2201.083894042969,7.831872157472194,,
2017-03-14,47.720001220703125,101.69999694824219,1.0651443004608154,1.220598816871643,,2.624000072479248,114.91500091552734,2365.449951171875,5856.81982421875,12.300000190734863,2317.653193359375,2202.3504943847656,7.4056993745072255,,
2017-03-15,48.86000061035156,100.73999786376953,1.0612443685531616,1.2157464027404785,,2.6454999446868896,114.65899658203125,2385.260009765625,5900.0498046875,11.630000114440918,2319.9433935546876,2203.6811938476562,8.239795140282055,,
2017-03-16,48.75,100.2699966430664,1.0737909078598022,1.2284257411956787,,2.6654999256134033,113.4020004272461,2381.3798828125,5900.759765625,11.210000038146973,2322.1909912109377,2205.010693359375,7.998563906482606,,
2017-03-17,48.779998779296875,100.30000305175781,1.077470064163208,1.2351168394088745,,2.679500102996826,113.33999633789062,2378.25,5901.0,11.279999732971191,2324.2163916015625,2206.4215930175783,7.787650715810085,,
2017-03-20,48.220001220703125,100.41000366210938,1.0742985010147095,1.2384514808654785,,2.6554999351501465,112.67400360107422,2373.469970703125,5901.52978515625,11.34000015258789,2326.30779296875,2207.893642578125,7.499289138387079,,
2017-03-21,47.34000015258789,99.80999755859375,1.073767900466919,1.2367054224014282,,2.609999895095825,112.572998046875,2344.02001953125,5793.830078125,12.470000267028809,2327.8101953125,2209.2371423339846,6.100878652387305,,
2017-03-22,48.040000915527344,99.68000030517578,1.081244707107544,1.2482056617736816,,2.621999979019165,111.53199768066406,2348.449951171875,5821.64013671875,12.8100004196167,2329.27279296875,2210.6218920898436,6.234809289422787,,
2017-03-23,47.70000076293945,99.76000213623047,1.0790164470672607,1.2475050687789917,,2.6364998817443848,111.36900329589844,2345.9599609375,5817.68994140625,13.119999885559082,2330.783193359375,2211.9617419433594,6.057890444181647,,
2017-03-24,47.970001220703125,99.62999725341797,1.0783880949020386,1.251877784729004,,2.623500108718872,111.00399780273438,2343.97998046875,5828.740234375,12.960000038146973,2332.1699951171877,2213.3255419921875,5.903082759301736,,
2017-03-27,47.72999954223633,99.16999816894531,1.0849517583847046,1.2514548301696777,,2.625,110.552001953125,2341.590087890625,5840.3701171875,12.5,2333.5089990234374,2214.6172424316405,5.733399118647194,,
2017-03-28,48.369998931884766,99.70999908447266,1.0860947370529175,1.2557923793792725,,2.6689999103546143,110.77100372314453,2358.570068359375,5875.14013671875,11.529999732971191,2335.3226025390627,2215.965593261719,6.435319913417705,,
2017-03-29,49.5099983215332,100.0,1.0817711353302002,1.2421433925628662,,2.6700000762939453,111.22599792480469,2361.1298828125,5897.5498046875,11.420000076293945,2337.10740234375,2217.3439929199217,6.484600059877632,,
2017-03-30,50.349998474121094,100.41000366210938,1.0759629011154175,1.2440440654754639,,2.6649999618530273,111.15399932861328,2368.06005859375,5914.33984375,11.539999961853027,2339.1948046875,2218.617692871094,6.7358322347670505,,
2017-03-31,50.599998474121094,100.3499984741211,1.0687072277069092,1.2478474378585815,,2.6465001106262207,111.7760009765625,2362.719970703125,5911.740234375,12.369999885559082,2341.0230029296877,2220.244242553711,6.417119586155947,,
2017-04-03,50.2400016784668,100.54000091552734,1.0668829679489136,1.2540757656097412,,2.5975000858306885,111.26499938964844,2358.840087890625,5894.68017578125,12.380000114440918,2342.8958056640627,2222.0357427978515,6.1567121742388276,,
2017-04-04,51.029998779296875,100.54000091552734,1.067008137702942,1.249219298362732,,2.6059999465942383,110.70899963378906,2360.159912109375,5898.60986328125,11.789999961853027,2344.4976025390624,2223.656092529297,6.138710929207213,,
2017-04-05,51.150001525878906,100.55999755859375,1.0680338144302368,1.2439976930618286,,2.67549991607666,110.85399627685547,2352.949951171875,5864.47998046875,12.890000343322754,2345.58919921875,2225.0669921875,5.74737567153657,,
2017-04-06,51.70000076293945,100.66999816894531,1.0672472715377808,1.248907208442688,,2.6554999351501465,110.38099670410156,2357.489990234375,5878.9501953125,12.390000343322754,2346.805400390625,2226.3601416015626,5.889875864310179,,
2017-04-07,52.2400016784668,101.18000030517578,1.0644639730453491,1.246867299079895,,2.6449999809265137,110.89700317382812,2355.5400390625,5877.81005859375,12.869999885559082,2348.02240234375,2227.6230920410158,5.7423065633730195,,
2017-04-10,53.08000183105469,101.0199966430664,1.0582010746002197,1.2375165224075317,,2.6019999980926514,111.2249984741211,2357.159912109375,5880.93017578125,14.050000190734863,2349.5476025390626,2228.894141845703,5.7546820127338,,
2017-04-11,53.400001525878906,100.70999908447266,1.0597598552703857,1.2425447702407837,,2.6059999465942383,110.71700286865234,2353.780029296875,5866.77001953125,15.069999694824219,2351.04580078125,2230.2202917480467,5.5402481093911184,,
2017-04-12,53.11000061035156,100.77999877929688,1.0611318349838257,1.2492347955703735,,2.5439999103546143,109.58699798583984,2344.929931640625,5836.16015625,15.770000457763672,2352.3533984375,2231.446291503906,5.0856541144996745,,
2017-04-13,53.18000030517578,100.55999755859375,1.0670650005340576,1.2549885511398315,,2.569499969482422,108.9020004272461,2328.949951171875,5805.14990234375,15.960000038146973,2353.3153955078124,2232.6015417480467,4.315521942549185,,
2017-04-14,53.18000030517578,100.55999755859375,1.0616387128829956,1.250781774520874,,2.569499969482422,109.10099792480469,2328.949951171875,5805.14990234375,15.960000038146973,2353.94599609375,2233.5967919921877,4.2690408368038515,,
2017-04-17,52.650001525878906,100.30000305175781,1.0610530376434326,1.253509759902954,,2.5950000286102295,108.322998046875,2349.010009765625,5856.7900390625,14.65999984741211,2355.0749951171874,2234.656042480469,5.117296134675976,,
2017-04-18,52.40999984741211,99.5,1.0644525289535522,1.2557765245437622,,2.5290000438690186,109.11199951171875,2342.18994140625,5849.47021484375,14.420000076293945,2356.0571923828124,2235.6062927246094,4.767550039043034,,
2017-04-19,50.439998626708984,99.73999786376953,1.0728693008422852,1.2844555377960205,,2.5334999561309814,108.53500366210938,2338.169921875,5863.02978515625,14.930000305175781,2356.9271923828123,2236.5349926757813,4.544303108695077,,
2017-04-20,50.27000045776367,99.77999877929688,1.0715012550354004,1.2782330513000488,,2.5409998893737793,108.83399963378906,2355.840087890625,5916.77978515625,14.149999618530273,2357.886591796875,2237.4954431152346,5.289156907091652,,
2017-04-21,49.619998931884766,99.9800033569336,1.0714898109436035,1.2801966667175293,,2.5364999771118164,109.375,2348.68994140625,5910.52001953125,14.630000114440918,2358.538388671875,2238.430192871094,4.925762209887498,,
2017-04-24,49.22999954223633,99.08999633789062,1.087393879890442,1.2826268672943115,,2.553499937057495,109.97799682617188,2374.14990234375,5983.81982421875,10.84000015258789,2359.45638671875,2239.466492919922,6.014084597810675,,
2017-04-25,49.560001373291016,98.81999969482422,1.0864840745925903,1.2776614427566528,,2.5820000171661377,109.64099884033203,2388.610107421875,6025.490234375,10.760000228881836,2360.4769873046876,2240.590643310547,6.606269849124442,,
2017-04-26,49.619998931884766,98.95999908447266,1.0928245782852173,1.283235788345337,,2.5910000801086426,111.0459976196289,2387.449951171875,6025.22998046875,10.850000381469727,2361.240986328125,2241.66279296875,6.503527589448516,,
2017-04-27,48.970001220703125,99.08000183105469,1.090893268585205,1.2848351001739502,,2.5799999237060547,111.19100189208984,2388.77001953125,6048.93994140625,10.359999656677246,2362.0719873046874,2242.7807934570315,6.509295357804012,,
2017-04-28,49.33000183105469,99.05000305175781,1.0864251852035522,1.2893576622009277,,2.5964999198913574,111.22599792480469,2384.199951171875,6047.60986328125,10.819999694824219,2362.7327880859375,2243.826643066406,6.2559783100549655,,
2017-05-01,48.84000015258789,99.13999938964844,1.0907504558563232,1.2931592464447021,,2.6500000953674316,111.302001953125,2388.330078125,6091.60009765625,10.109999656677246,2363.47619140625,2244.9258935546877,6.387925097306509,,
2017-05-02,47.65999984741211,98.9800033569336,1.090893268585205,1.2897402048110962,,2.625,111.81199645996094,2391.169921875,6095.3701171875,10.59000015258789,2363.9919921875,2246.0358435058592,6.461788167307231,,
2017-05-03,47.81999969482422,99.20999908447266,1.0935654640197754,1.2941633462905884,,2.5329999923706055,111.96900177001953,2388.1298828125,6072.5498046875,10.680000305175781,2364.4981884765625,2247.1435925292967,6.274022307782951,,
2017-05-04,45.52000045776367,98.76000213623047,1.0888975858688354,1.287166953086853,,2.502000093460083,112.78299713134766,2389.52001953125,6075.33984375,10.460000038146973,2365.0123876953126,2248.2408923339844,6.283985300640907,,
2017-05-05,46.220001220703125,98.6500015258789,1.098152995109558,1.2924906015396118,,2.5195000171661377,112.53700256347656,2399.2900390625,6100.759765625,10.569999694824219,2365.65138671875,2249.3693420410154,6.665010241735164,,
2017-05-08,46.43000030517578,99.1500015258789,1.0965152978897095,1.296562910079956,,2.4855000972747803,112.68399810791016,2399.3798828125,6102.66015625,9.770000457763672,2366.243984375,2250.512041015625,6.61484315941242,,
2017-05-09,45.880001068115234,99.58999633789062,1.0927767753601074,1.2943308353424072,,2.490000009536743,113.2300033569336,2396.919921875,6120.58984375,9.960000038146973,2366.9095849609375,2251.7114904785158,6.448802700101942,,
2017-05-10,47.33000183105469,99.66999816894531,1.0886842012405396,1.2948503494262695,,2.486999988555908,113.697998046875,2399.6298828125,6129.14013671875,10.210000038146973,2366.9829833984377,2252.8906896972658,6.513373852814512,,
2017-05-11,47.83000183105469,99.62000274658203,1.087074637413025,1.2930588722229004,,2.500999927520752,114.3280029296875,2394.43994140625,6115.9599609375,10.600000381469727,2367.2333837890624,2254.041639404297,6.228735953567298,,
2017-05-12,47.84000015258789,99.25,1.0864958763122559,1.2891582250595093,,2.5179998874664307,113.80899810791016,2390.89990234375,6121.22998046875,10.399999618530273,2367.3889794921874,2255.0817883300783,6.022757787168642,,
2017-05-15,48.849998474121094,98.91000366210938,1.0927289724349976,1.2886598110198975,,2.5329999923706055,113.27100372314453,2402.320068359375,6149.669921875,10.420000076293945,2367.9291796875,2256.1889392089843,6.476901229806757,,
2017-05-16,48.65999984741211,98.11000061035156,1.0981770753860474,1.2903059720993042,,2.5445001125335693,113.64199829101562,2400.669921875,6169.8701171875,10.649999618530273,2368.5747802734377,2257.2835888671875,6.35216300313292,,
2017-05-17,49.06999969482422,97.41999816894531,1.1093976497650146,1.2916892766952515,,2.5425000190734863,112.64600372314453,2357.030029296875,6011.240234375,15.59000015258789,2368.45578125,2258.1912890625,4.376898481235774,,
2017-05-18,49.349998474121094,97.87999725341797,1.115635633468628,1.2970168590545654,,2.5264999866485596,111.1259994506836,2365.719970703125,6055.1298828125,14.65999984741211,2368.4727783203125,2259.090938720703,4.719997329669464,,
2017-05-19,50.33000183105469,97.1500015258789,1.1113580465316772,1.2958402633666992,,2.5739998817443848,111.4010009765625,2381.72998046875,6083.7001953125,12.039999961853027,2368.6553759765625,2260.0793383789064,5.382582815747535,,
2017-05-22,50.72999954223633,96.9800033569336,1.120485782623291,1.3012192249298096,,2.5889999866485596,111.28399658203125,2394.02001953125,6133.6201171875,10.930000305175781,2369.066376953125,2261.098688964844,5.8786169403007795,,
2017-05-23,51.470001220703125,97.3499984741211,1.123885989189148,1.2995283603668213,,2.5905001163482666,110.89099884033203,2398.419921875,6138.7099609375,10.720000267028809,2369.7257763671873,2262.2000390625,6.0215666369165275,,
2017-05-24,51.36000061035156,97.23999786376953,1.11793053150177,1.2956557273864746,,2.578000068664551,111.95700073242188,2404.389892578125,6163.02001953125,10.020000457763672,2370.1083740234376,2263.310888671875,6.23330204490979,,
2017-05-25,48.900001525878906,97.25,1.1230907440185547,1.2980270385742188,,2.5920000076293945,111.52400207519531,2415.070068359375,6205.259765625,9.989999771118164,2370.782177734375,2264.4511389160157,6.651454158355567,,
2017-05-26,49.79999923706055,97.4000015258789,1.121076226234436,1.293326497077942,,2.559499979019165,111.7300033569336,2415.820068359375,6210.18994140625,9.8100004196167,2371.5335791015623,2265.610888671875,6.6299637081791385,,
2017-05-29,49.79999923706055,97.4000015258789,1.1176055669784546,1.281427025794983,,2.559499979019165,111.25599670410156,2415.820068359375,6210.18994140625,9.8100004196167,2372.3805810546874,2266.7767895507814,6.575119327833347,,
2017-05-30,49.65999984741211,97.27999877929688,1.1129041910171509,1.281410574913025,,2.561000108718872,111.17400360107422,2412.909912109375,6203.18994140625,10.380000114440918,2373.75837890625,2267.906839599609,6.393696159731395,,
2017-05-31,48.31999969482422,96.91999816894531,1.117168664932251,1.2809016704559326,,2.5769999027252197,110.83899688720703,2411.800048828125,6198.52001953125,10.40999984741211,2375.025380859375,2269.088640136719,6.289371255360364,,
2017-06-01,48.36000061035156,97.19999694824219,1.1243535280227661,1.2875481843948364,,2.5845000743865967,110.7959976196289,2430.06005859375,6246.830078125,9.890000343322754,2376.7073828125,2270.376590576172,7.033347184796941,,
2017-06-02,47.65999984741211,96.72000122070312,1.1215791702270508,1.2888258695602417,,2.571500062942505,111.43699645996094,2439.070068359375,6305.7998046875,9.75,2378.6091845703127,2271.7267407226564,7.366349334052617,,
2017-06-05,47.400001525878906,96.80000305175781,1.128082513809204,1.2870012521743774,,2.554500102996826,110.46299743652344,2436.10009765625,6295.68017578125,10.069999694824219,2380.499384765625,2273.005341796875,7.175291358111978,,
2017-06-06,48.189998626708984,96.63999938964844,1.1256824731826782,1.2907389402389526,,2.5445001125335693,110.38099670410156,2429.330078125,6275.06005859375,10.449999809265137,2381.9145849609376,2274.2713916015623,6.817950007903145,,
2017-06-07,45.720001220703125,96.75,1.1271415948867798,1.2906723022460938,,2.5490000247955322,109.50900268554688,2433.139892578125,6297.3798828125,10.390000343322754,2383.35478515625,2275.5823413085936,6.923834326246639,,
2017-06-08,45.63999938964844,96.91999816894531,1.125517725944519,1.2962098121643066,,2.6070001125335693,109.9000015258789,2433.7900390625,6321.759765625,10.15999984741211,2384.669384765625,2276.8969909667967,6.890652002183232,,
2017-06-09,45.83000183105469,97.2699966430664,1.1184805631637573,1.2722970247268677,,2.6459999084472656,109.85900115966797,2431.77001953125,6207.919921875,10.699999809265137,2386.0503857421877,2278.1559411621092,6.742913230548246,,
2017-06-12,46.08000183105469,97.13999938964844,1.1201971769332886,1.2739177942276,,2.612499952316284,110.28800201416016,2429.389892578125,6175.4599609375,11.460000038146973,2387.4613818359376,2279.4029907226563,6.58009586132539,,
2017-06-13,46.459999084472656,96.9800033569336,1.1196202039718628,1.2669775485992432,,2.5929999351501465,109.9209976196289,2440.35009765625,6220.3701171875,10.420000076293945,2389.065185546875,2280.672341308594,7.001345763505731,,
2017-06-14,44.72999954223633,96.94000244140625,1.1208877563476562,1.2750548124313354,,2.570499897003174,110.05500030517578,2437.919921875,6194.89013671875,10.640000343322754,2390.7645849609376,2281.931141357422,6.835823294158962,,
2017-06-15,44.459999084472656,97.43000030517578,1.1215791702270508,1.2754452228546143,,2.563999891281128,109.44599914550781,2432.4599609375,6165.5,10.899999618530273,2392.263984375,2283.186940917969,6.5379236953551825,,
2017-06-16,44.7400016784668,97.16000366210938,1.1146905422210693,1.275835633277893,,2.5625,110.9520034790039,2433.14990234375,6151.759765625,10.380000114440918,2393.816181640625,2284.713640136719,6.496930713739191,,
2017-06-19,44.20000076293945,97.52999877929688,1.120824933052063,1.277955174446106,,2.5894999504089355,110.9540023803711,2453.4599609375,6239.009765625,10.369999885559082,2395.7421826171876,2286.1857397460935,7.316738018407206,,
2017-06-20,43.22999954223633,97.75,1.1144545078277588,1.273236632347107,,2.555000066757202,111.6729965209961,2437.030029296875,6188.02978515625,10.859999656677246,2397.4071826171876,2287.735789794922,6.52585146273977,,
2017-06-21,42.529998779296875,97.55999755859375,1.1136974096298218,1.263248324394226,,2.6019999980926514,111.33399963378906,2435.610107421875,6233.9501953125,10.75,2399.2207861328125,2289.284990234375,6.391738809789657,,
2017-06-22,42.7400016784668,97.54000091552734,1.1167196035385132,1.2675718069076538,,2.5980000495910645,111.30999755859375,2434.5,6236.68994140625,10.479999542236328,2401.331787109375,2290.7211901855467,6.276573964150013,,
2017-06-23,43.0099983215332,97.30000305175781,1.1149640083312988,1.267812728881836,,2.622999906539917,111.29000091552734,2438.300048828125,6265.25,10.020000457763672,2403.5187890625,2292.2168908691406,6.37300765651343,,
2017-06-26,43.380001068115234,97.43000030517578,1.1198835372924805,1.2743399143218994,,2.625,111.23899841308594,2439.070068359375,6247.14990234375,9.899999618530273,2405.319990234375,2293.716640625,6.337026342310911,,
2017-06-27,44.2400016784668,96.47000122070312,1.118355631828308,1.2724589109420776,,2.6465001106262207,111.85800170898438,2419.3798828125,6146.6201171875,11.0600004196167,2406.8637890625,2295.1147399902343,5.414332480074371,,
2017-06-28,44.7400016784668,96.05000305175781,1.1339154243469238,1.281295657157898,,2.6619999408721924,112.18800354003906,2440.68994140625,6234.41015625,10.029999732971191,2408.914189453125,2296.5025891113282,6.27856258375557,,
2017-06-29,44.93000030517578,95.62999725341797,1.1382650136947632,1.2941465377807617,,2.683000087738037,112.35399627685547,2419.699951171875,6144.35009765625,11.4399995803833,2410.19138671875,2297.715189208984,5.308959201548628,,
2017-06-30,46.040000915527344,95.66000366210938,1.144164800643921,1.3011176586151123,,2.6989998817443848,112.00900268554688,2423.409912109375,6140.419921875,11.180000305175781,2411.6857861328126,2299.0087890625,5.411076444714412,,
2017-07-03,47.06999969482422,96.19999694824219,1.1423088312149048,1.301642656326294,,2.680999994277954,112.26200103759766,2429.010009765625,6110.06005859375,11.220000267028809,2412.78298828125,2300.4233386230467,5.589695991327658,,
2017-07-04,47.06999969482422,96.19999694824219,1.1371389627456665,1.2948671579360962,,2.680999994277954,113.38600158691406,2429.010009765625,6110.06005859375,11.220000267028809,2413.590986328125,2301.768739013672,5.52797805423654,,
2017-07-05,45.130001068115234,96.29000091552734,1.1360150575637817,1.2934937477111816,,2.6489999294281006,112.96199798583984,2432.5400390625,6150.85986328125,11.069999694824219,2414.4927880859377,2303.074588623047,5.621418041734256,,
2017-07-06,45.52000045776367,95.81999969482422,1.1346874237060547,1.2931759357452393,,2.6514999866485596,113.18699645996094,2409.75,6089.4599609375,12.539999961853027,2414.9123876953126,2304.3676892089843,4.573155199341911,,
2017-07-07,44.22999954223633,96.01000213623047,1.1424784660339355,1.2973533868789673,,2.637500047683716,113.14900207519531,2425.179931640625,6153.080078125,11.1899995803833,2415.7319873046877,2305.6522387695313,5.184116271362875,,
2017-07-10,44.400001525878906,96.05000305175781,1.140380859375,1.2891249656677246,,2.6394999027252197,113.98500061035156,2427.429931640625,6176.39013671875,11.109999656677246,2416.513984375,2306.983388671875,5.220954063223253,,
2017-07-11,45.040000915527344,95.73999786376953,1.140380859375,1.2891249656677246,,2.6644999980926514,113.98500061035156,2425.530029296875,6193.2998046875,10.890000343322754,2417.2011865234376,2308.3585888671873,5.075963543739919,,
2017-07-12,45.4900016784668,95.79000091552734,1.1473942995071411,1.2859586477279663,,2.677000045776367,113.74800109863281,2443.25,6261.169921875,10.300000190734863,2418.3035888671875,2309.7761889648436,5.778646938731081,,
2017-07-13,46.08000183105469,95.7300033569336,1.1418914794921875,1.2893743515014648,,2.6545000076293945,113.33499908447266,2447.830078125,6274.43994140625,9.899999618530273,2419.4697900390624,2311.2114892578124,5.91112451206528,,
2017-07-14,46.540000915527344,95.11000061035156,1.140393853187561,1.294716238975525,,2.684000015258789,113.41799926757812,2459.27001953125,6312.47021484375,9.510000228881836,2420.6693896484376,2312.739139404297,6.33581529496213,,
2017-07-17,46.02000045776367,95.12999725341797,1.1475391387939453,1.311131477355957,,2.7170000076293945,112.39700317382812,2459.139892578125,6314.43017578125,9.819999694824219,2421.86458984375,2314.2165393066407,6.262307386105909,,
2017-07-18,46.400001525878906,94.66000366210938,1.1474337577819824,1.3053126335144043,,2.7235000133514404,112.58100128173828,2460.610107421875,6344.31005859375,9.890000343322754,2423.1383935546874,2315.835939941406,6.251486341650428,,
2017-07-19,47.119998931884766,94.80000305175781,1.1549744606018066,1.303865909576416,,2.703000068664551,111.99500274658203,2473.830078125,6385.0400390625,9.789999961853027,2424.6223974609375,2317.509190673828,6.745211112009479,,
2017-07-20,46.790000915527344,94.2699966430664,1.1528440713882446,1.3032711744308472,,2.7084999084472656,111.87699890136719,2473.449951171875,6390.0,9.579999923706055,2426.20259765625,2319.213690185547,6.650368684827333,,
2017-07-21,45.77000045776367,93.94000244140625,1.1628718376159668,1.2965459823608398,,2.7149999141693115,111.88500213623047,2472.5400390625,6387.75,9.359999656677246,2427.835400390625,2320.9114904785156,6.533146533421759,,
2017-07-24,46.34000015258789,93.9800033569336,1.1681697368621826,1.3004746437072754,,2.7290000915527344,110.94499969482422,2469.909912109375,6410.81005859375,9.430000305175781,2429.187197265625,2322.6285400390625,6.341150534033973,,
2017-07-25,47.88999938964844,94.05000305175781,1.1638869047164917,1.3031013011932373,,2.8405001163482666,111.23200225830078,2477.1298828125,6412.169921875,9.430000305175781,2430.716396484375,2324.3161889648436,6.574565653897261,,
2017-07-26,48.75,93.66999816894531,1.1644561290740967,1.3027619123458862,,2.86899995803833,112.00299835205078,2477.830078125,6422.75,9.600000381469727,2433.1323974609377,2325.983889160156,6.5282562649077915,,
2017-07-27,49.040000915527344,93.86000061035156,1.1728004217147827,1.311475396156311,,2.874000072479248,111.12799835205078,2475.419921875,6382.18994140625,10.109999656677246,2435.326396484375,2327.654288330078,6.348263755737239,,
2017-07-28,49.709999084472656,93.26000213623047,1.1688660383224487,1.3076680898666382,,2.870500087738037,111.09700012207031,2472.10009765625,6374.68017578125,10.289999961853027,2437.133798828125,2329.3089892578123,6.130191788936307,,
2017-07-31,50.16999816894531,92.86000061035156,1.1747292280197144,1.3144922256469727,,2.888000011444092,110.51000213623047,2470.300048828125,6348.1201171875,10.260000228881836,2438.6593994140626,2330.903839111328,5.980350084709739,,
2017-08-01,49.15999984741211,93.02999877929688,1.182410478591919,1.3195397853851318,,2.878999948501587,110.35900115966797,2476.35009765625,6362.93994140625,10.09000015258789,2440.2180029296874,2332.5697900390624,6.164030256722987,,
2017-08-02,49.59000015258789,92.83000183105469,1.1811256408691406,1.3207945823669434,,2.882499933242798,110.43199920654297,2477.570068359375,6362.64990234375,10.279999732971191,2441.6816064453124,2334.2604907226564,6.139399531727148,,
2017-08-03,49.029998779296875,92.80999755859375,1.1851149797439575,1.3228389024734497,,2.877000093460083,110.75700378417969,2472.159912109375,6340.33984375,10.4399995803833,2442.8234033203125,2335.9560900878905,5.830752666945885,,
2017-08-04,49.58000183105469,93.54000091552734,1.1884952783584595,1.314405918121338,,2.884999990463257,109.9000015258789,2476.830078125,6351.56005859375,10.029999732971191,2444.043603515625,2337.7081909179688,5.951208441991257,,
2017-08-07,49.38999938964844,93.43000030517578,1.1778424978256226,1.3046995401382446,,2.9079999923706055,110.78600311279297,2480.909912109375,6383.77001953125,9.930000305175781,2445.345400390625,2339.4819909667967,6.045266502954905,,
2017-08-08,49.16999816894531,93.63999938964844,1.1800941228866577,1.3037809133529663,,2.942500114440918,110.75,2474.919921875,6370.4599609375,10.960000038146973,2446.5856005859373,2341.2979907226563,5.707173186916734,,
2017-08-09,49.560001373291016,93.5199966430664,1.1754610538482666,1.2986170053482056,,2.930000066757202,110.10199737548828,2474.02001953125,6352.330078125,11.109999656677246,2447.83,2343.178391113281,5.58393799269393,,
2017-08-10,48.59000015258789,93.4000015258789,1.1761523485183716,1.3014055490493774,,2.9059998989105225,110.04900360107422,2438.2099609375,6216.8701171875,16.040000915527344,2447.992998046875,2344.926141357422,3.9781133373385673,,
2017-08-11,48.81999969482422,93.06999969482422,1.177024483680725,1.2976733446121216,,2.9140000343322754,109.10600280761719,2441.320068359375,6256.56005859375,15.510000228881836,2448.037998046875,2346.7068420410155,4.0317445972957975,,
2017-08-14,47.59000015258789,93.45999908447266,1.182550311088562,1.3005930185317993,,2.9065001010894775,109.2300033569336,2465.840087890625,6340.22998046875,12.329999923706055,2448.6327978515624,2348.3784423828124,5.001819271881436,,
2017-08-15,47.54999923706055,93.8499984741211,1.1775789260864258,1.2965123653411865,,2.884500026702881,109.93199920654297,2464.610107421875,6333.009765625,12.039999961853027,2449.3383984375,2350.003692626953,4.876861051516435,,
2017-08-16,46.779998779296875,93.48999786376953,1.1741223335266113,1.2867032289505005,,2.9544999599456787,110.59600067138672,2468.110107421875,6345.10986328125,11.739999771118164,2450.037802734375,2351.5279431152344,4.957719709347617,,
2017-08-17,47.09000015258789,93.62000274658203,1.1774264574050903,1.2891582250595093,,2.937999963760376,109.9990005493164,2430.010009765625,6221.91015625,15.550000190734863,2449.9622021484374,2352.840593261719,3.2798404075869416,,
2017-08-18,48.5099983215332,93.43000030517578,1.1715501546859741,1.2865046262741089,,2.940500020980835,109.3280029296875,2425.550048828125,6216.52978515625,14.260000228881836,2449.837802734375,2354.14609375,3.033114863503781,,
2017-08-21,47.369998931884766,93.0999984741211,1.1756268739700317,1.2873657941818237,,2.9809999465942383,109.31999969482422,2428.3701171875,6213.1298828125,13.1899995803833,2449.8174072265624,2355.4669445800782,3.0950624365657826,,
2017-08-22,47.63999938964844,93.55000305175781,1.1811953783035278,1.289823293685913,,2.9865000247955322,108.94400024414062,2452.510009765625,6297.47998046875,11.350000381469727,2450.06060546875,2356.8275451660156,4.0597991480479525,,
2017-08-23,48.40999984741211,93.1500015258789,1.176221489906311,1.2823965549468994,,2.9804999828338623,109.73100280761719,2444.0400390625,6278.41015625,12.25,2450.1830078125,2358.163045654297,3.641690237087717,,
2017-08-24,47.43000030517578,93.27999877929688,1.1816558837890625,1.28037691116333,,3.0334999561309814,108.91000366210938,2438.969970703125,6271.330078125,12.229999542236328,2450.3132080078126,2359.422294921875,3.371489535911324,,
2017-08-25,47.869998931884766,92.73999786376953,1.1802195310592651,1.280393362045288,,3.0329999923706055,109.51399993896484,2443.050048828125,6265.64013671875,11.279999732971191,2450.5112109375,2360.7280456542967,3.487144710521369,,
2017-08-28,46.56999969482422,92.20999908447266,1.1951857805252075,1.2905224561691284,,3.065000057220459,109.34600067138672,2444.239990234375,6283.02001953125,11.319999694824219,2450.3268115234373,2361.9583459472656,3.4836196170982983,,
2017-08-29,46.439998626708984,92.3499984741211,1.1963869333267212,1.2927078008651733,,3.0810000896453857,108.73699951171875,2446.300048828125,6301.89013671875,11.699999809265137,2450.5122119140624,2363.175146484375,3.517509164202761,,
2017-08-30,45.959999084472656,92.87999725341797,1.1970456838607788,1.292657732963562,,3.064500093460083,109.79000091552734,2457.590087890625,6368.31005859375,11.220000267028809,2450.9518115234373,2364.4394970703124,3.9396478926921983,,
2017-08-31,47.22999954223633,92.66999816894531,1.1893434524536133,1.2920564413070679,,3.0789999961853027,110.45999908447266,2471.64990234375,6428.66015625,10.59000015258789,2451.6948095703124,2365.7741467285155,4.475311210989589,,
2017-09-01,47.290000915527344,92.80999755859375,1.1910432577133179,1.2941633462905884,,3.0980000495910645,110.12899780273438,2476.550048828125,6435.330078125,10.130000114440918,2452.4598095703127,2367.090146484375,4.624238857414063,,
2017-09-04,47.290000915527344,92.80999755859375,1.1882835626602173,1.2965123653411865,,3.0980000495910645,109.79499816894531,2476.550048828125,6435.330078125,10.130000114440918,2453.2094091796876,2368.464296875,4.563537313850819,,
2017-09-05,48.65999984741211,92.30999755859375,1.1893434524536133,1.2924071550369263,,3.1075000762939453,109.80999755859375,2457.85009765625,6375.56982421875,12.229999542236328,2453.9788134765627,2369.7302478027345,3.7185603692750306,,
2017-09-06,49.15999984741211,92.29000091552734,1.1924067735671997,1.3041210174560547,,3.131500005722046,108.60199737548828,2465.5400390625,6393.31005859375,11.630000114440918,2454.4758154296874,2371.063897705078,3.9845464075794914,,
2017-09-07,49.09000015258789,91.52999877929688,1.1927765607833862,1.3049719333648682,,3.122999906539917,109.13400268554688,2465.10009765625,6397.8701171875,11.550000190734863,2455.383818359375,2372.433997802734,3.905950595015073,,
2017-09-08,47.47999954223633,91.33000183105469,1.2029062509536743,1.3104785680770874,,3.0215001106262207,108.2699966430664,2461.429931640625,6360.18994140625,12.119999885559082,2456.14421875,2373.7813977050782,3.6923591203589146,,
2017-09-11,48.06999969482422,91.86000061035156,1.2017642259597778,1.3197661638259888,,3.0460000038146973,108.23100280761719,2488.110107421875,6432.259765625,10.729999542236328,2457.326220703125,2375.1983984375,4.753780107743954,,
2017-09-12,48.22999954223633,91.91000366210938,1.1959433555603027,1.3169677257537842,,3.015500068664551,109.3949966430664,2496.47998046875,6454.27978515625,10.579999923706055,2458.6756201171875,2376.6196484375,5.0433114995936235,,
2017-09-13,49.29999923706055,92.5199966430664,1.1974613666534424,1.3289213180541992,,2.9609999656677246,110.22599792480469,2498.3701171875,6460.18994140625,10.5,2459.9922216796876,2377.904748535156,5.066030030284152,,
2017-09-14,49.88999938964844,92.12000274658203,1.1890605688095093,1.3206027746200562,,2.936500072479248,110.51499938964844,2495.6201171875,6429.080078125,10.4399995803833,2461.7096240234373,2379.1518994140624,4.895367034030966,,
2017-09-15,49.88999938964844,91.87000274658203,1.1921650171279907,1.3399077653884888,,2.927999973297119,109.91899871826172,2500.22998046875,6448.47021484375,10.170000076293945,2463.210625,2380.355399169922,5.0359951014302675,,
2017-09-18,49.90999984741211,92.05000305175781,1.193716287612915,1.3575152158737183,,2.9489998817443848,111.1969985961914,2503.8701171875,6454.64013671875,10.149999618530273,2464.7394287109373,2381.589949951172,5.134392141637775,,
2017-09-19,49.47999954223633,91.79000091552734,1.1959290504455566,1.3516618013381958,,2.94950008392334,111.49600219726562,2506.64990234375,6461.31982421875,10.180000305175781,2466.361826171875,2382.764599609375,5.199225418855235,,
2017-09-20,50.40999984741211,92.51000213623047,1.199256420135498,1.3515340089797974,,2.94950008392334,111.5780029296875,2508.239990234375,6456.0400390625,9.779999732971191,2467.6616259765624,2384.0393994140627,5.209670228220125,,
2017-09-21,50.54999923706055,92.26000213623047,1.1872113943099976,1.3489633798599243,,2.9140000343322754,112.5459976196289,2500.60009765625,6422.68994140625,9.670000076293945,2468.7170263671874,2385.2322497558594,4.8367553269581665,,
2017-09-22,50.65999984741211,92.16999816894531,1.194557547569275,1.3579760789871216,,2.924499988555908,112.4520034790039,2502.219970703125,6426.919921875,9.59000015258789,2469.576025390625,2386.452999267578,4.85100571731674,,
2017-09-25,52.220001220703125,92.6500015258789,1.1927196979522705,1.3507307767868042,,2.9175000190734863,112.44400024414062,2496.659912109375,6370.58984375,10.210000038146973,2470.32642578125,2387.6236486816406,4.566727402283031,,
2017-09-26,51.880001068115234,92.97000122070312,1.185564637184143,1.3477815389633179,,2.8975000381469727,111.76100158691406,2496.840087890625,6380.16015625,10.170000076293945,2471.051025390625,2388.754049072266,4.524787257203694,,
2017-09-27,52.13999938964844,93.36000061035156,1.1786059141159058,1.3448090553283691,,2.9110000133514404,112.37699890136719,2507.0400390625,6453.259765625,9.869999885559082,2471.715224609375,2389.963349609375,4.898681374016061,,
2017-09-28,51.560001373291016,93.08999633789062,1.1749638319015503,1.3398897647857666,,2.9625000953674316,112.86000061035156,2510.06005859375,6453.4501953125,9.550000190734863,2472.4474267578125,2391.208850097656,4.970339938782014,,
2017-09-29,51.66999816894531,93.08000183105469,1.178175449371338,1.343021035194397,,2.9375,112.46700286865234,2519.360107421875,6495.9599609375,9.510000228881836,2473.383828125,2392.486700439453,5.3029931977936435,,
2017-10-02,50.58000183105469,93.55999755859375,1.1807351112365723,1.3394052982330322,,2.939500093460083,112.63800048828125,2529.1201171875,6516.72021484375,9.449999809265137,2474.5680322265625,2393.813350830078,5.652352398757534,,
2017-10-03,50.41999816894531,93.56999969482422,1.173378348350525,1.3275628089904785,,2.948499917984009,112.7699966430664,2534.580078125,6531.7099609375,9.510000228881836,2475.7170361328126,2395.1418518066407,5.821710568548659,,
2017-10-04,49.97999954223633,93.45999908447266,1.1747568845748901,1.3241175413131714,,2.944499969482422,112.8479995727539,2537.739990234375,6534.6298828125,9.630000114440918,2476.915234375,2396.5809521484375,5.89001752514949,,
2017-10-05,50.790000915527344,93.95999908447266,1.175723671913147,1.323276400566101,,3.0315001010894775,112.822998046875,2552.070068359375,6585.35986328125,9.1899995803833,2478.4482373046876,2398.0950024414065,6.420724189876238,,
2017-10-06,49.290000915527344,93.80000305175781,1.1712344884872437,1.3112690448760986,,3.0144999027252197,112.77400207519531,2549.330078125,6590.18017578125,9.649999618530273,2479.9928369140625,2399.6475024414062,6.237690141210591,,
2017-10-09,49.58000183105469,93.73999786376953,1.1742464303970337,1.3084039688110352,,3.0169999599456787,112.5510025024414,2544.72998046875,6579.72998046875,10.329999923706055,2481.481435546875,2401.177001953125,5.978442172270455,,
2017-10-10,50.91999816894531,93.29000091552734,1.1741636991500854,1.314405918121338,,3.0455000400543213,112.65799713134766,2550.639892578125,6587.25,10.079999923706055,2482.9672314453123,2402.6410510253904,6.15983987660463,,
2017-10-11,51.29999923706055,92.95999908447266,1.1814883947372437,1.3211086988449097,,3.0799999237060547,112.34500122070312,2555.239990234375,6603.5498046875,9.850000381469727,2484.5206298828125,2404.0635009765624,6.288373381002736,,
2017-10-12,50.599998474121094,93.12000274658203,1.1865493059158325,1.3239772319793701,,3.1040000915527344,112.43399810791016,2550.929931640625,6591.509765625,9.90999984741211,2486.0960302734375,2405.4731506347657,6.046909356168684,,
2017-10-13,51.45000076293945,93.08999633789062,1.1831799745559692,1.326435923576355,,3.118499994277954,112.23899841308594,2553.169921875,6605.7998046875,9.609999656677246,2487.6228271484374,2406.8541003417968,6.079131323848212,,
2017-10-16,51.869998931884766,93.27999877929688,1.181404709815979,1.3288860321044922,,3.2239999771118164,111.88200378417969,2557.639892578125,6624.0,9.90999984741211,2489.1574267578126,2408.2978002929685,6.201147228012626,,
2017-10-17,51.880001068115234,93.48999786376953,1.1794538497924805,1.3252933025360107,,3.180500030517578,112.19499969482422,2559.360107421875,6623.66015625,10.3100004196167,2490.84623046875,2409.750101318359,6.208527847832236,,
2017-10-18,52.040000915527344,93.36000061035156,1.1771907806396484,1.319487452507019,,3.1635000705718994,112.21299743652344,2561.260009765625,6624.22021484375,10.069999694824219,2492.5910302734374,2411.1798010253906,6.224347461620678,,
2017-10-19,51.290000915527344,93.2699966430664,1.1795234680175781,1.321300745010376,,3.1530001163482666,113.01300048828125,2562.10009765625,6605.06982421875,10.050000190734863,2495.0688330078124,2412.6381018066404,6.194961264090495,,
2017-10-20,51.470001220703125,93.69999694824219,1.184805989265442,1.3150626420974731,,3.1514999866485596,112.68000030517578,2575.2099609375,6629.0498046875,9.970000267028809,2497.746630859375,2414.1409521484375,6.67189745676287,,
2017-10-23,51.900001525878906,93.94000244140625,1.175364375114441,1.3189828395843506,,3.1740000247955322,114.0479965209961,2564.97998046875,6586.830078125,11.069999694824219,2499.7294287109376,2415.592652587891,6.18429302311449,,
2017-10-24,52.470001220703125,93.95999908447266,1.1759172677993774,1.3206549882888794,,3.186500072479248,113.33999633789062,2569.1298828125,6598.43017578125,11.15999984741211,2501.81982421875,2417.0988525390626,6.289814341425676,,
2017-10-25,52.18000030517578,93.70999908447266,1.1759034395217896,1.3131976127624512,,3.1714999675750732,113.94599914550781,2557.14990234375,6563.89013671875,11.229999542236328,2503.6006201171876,2418.5251525878907,5.731788631907626,,
2017-10-26,52.63999938964844,94.61000061035156,1.182075023651123,1.327351450920105,,3.1675000190734863,113.55799865722656,2560.39990234375,6556.77001953125,11.300000190734863,2506.20841796875,2420.008702392578,5.801268392645535,,
2017-10-27,53.900001525878906,94.91999816894531,1.163724422454834,1.3130252361297607,,3.0934998989105225,114.1240005493164,2581.070068359375,6701.259765625,9.800000190734863,2509.318818359375,2421.557502441406,6.587188854988943,,
2017-10-30,54.150001525878906,94.48999786376953,1.1604562997817993,1.3134045600891113,,3.1019999980926514,113.73899841308594,2572.830078125,6698.9599609375,10.5,2512.208017578125,2423.095653076172,6.179468188089772,,
2017-10-31,54.380001068115234,94.55000305175781,1.1652703285217285,1.3212482929229736,,3.0920000076293945,112.99600219726562,2575.260009765625,6727.669921875,10.180000305175781,2514.663017578125,2424.571602783203,6.215052869935633,,
2017-11-01,54.29999923706055,94.81999969482422,1.165175199508667,1.3292216062545776,,3.132999897003174,113.6500015258789,2579.360107421875,6716.52978515625,10.199999809265137,2517.3694189453126,2425.976552734375,6.3225489345565835,,
2017-11-02,54.540000915527344,94.69000244140625,1.1628718376159668,1.3255391120910645,,3.135499954223633,114.1520004272461,2579.85009765625,6714.93994140625,9.930000305175781,2520.187021484375,2427.392403564453,6.280718925704948,,
2017-11-03,55.63999938964844,94.94000244140625,1.1661807298660278,1.30532968044281,,3.1105000972747803,114.01599884033203,2587.840087890625,6764.43994140625,9.140000343322754,2523.082822265625,2428.858154296875,6.545542122848806,,
2017-11-06,57.349998474121094,94.72000122070312,1.1614941358566284,1.30804443359375,,3.1505000591278076,114.1780014038086,2591.1298828125,6786.43994140625,9.399999618530273,2526.0206201171877,2430.4093041992187,6.612901717237138,,
2017-11-07,57.20000076293945,94.91000366210938,1.1612648963928223,1.3175057172775269,,3.0824999809265137,113.77100372314453,2590.639892578125,6767.77978515625,9.890000343322754,2528.9074169921873,2431.968153076172,6.5244168309215285,,
2017-11-08,56.810001373291016,94.87000274658203,1.1601063013076782,1.3172106742858887,,3.0929999351501465,113.76100158691406,2594.3798828125,6789.1201171875,9.779999732971191,2531.643212890625,2433.5423022460936,6.6091960027963195,,
2017-11-09,57.16999816894531,94.44000244140625,1.15968918800354,1.3113033771514893,,3.0799999237060547,113.927001953125,2584.6201171875,6750.0498046875,10.5,2533.9026171875,2435.06115234375,6.141897697304199,,
2017-11-10,56.7400016784668,94.38999938964844,1.164686679840088,1.3144404888153076,,3.069499969482422,113.375,2582.300048828125,6750.93994140625,11.289999961853027,2536.0176171875,2436.4855529785154,5.984623864129078,,
2017-11-13,56.7599983215332,94.48999786376953,1.1661127805709839,1.312026023864746,,3.1115000247955322,113.68599700927734,2584.840087890625,6757.60009765625,11.5,2538.18341796875,2437.946953125,6.025280188206509,,
2017-11-14,55.70000076293945,93.83000183105469,1.1664936542510986,1.3123359680175781,,3.059999942779541,113.58499908447266,2578.8701171875,6737.8701171875,11.59000015258789,2540.603818359375,2439.3759033203123,5.718438625113811,,
2017-11-15,55.33000183105469,93.80999755859375,1.1792869567871094,1.3157894611358643,,3.0490000247955322,113.4020004272461,2564.6201171875,6706.2099609375,13.130000114440918,2542.585419921875,2440.725654296875,5.076132283548956,,
2017-11-16,55.13999938964844,93.93000030517578,1.1792869567871094,1.3157894611358643,,3.0434999465942383,113.4020004272461,2585.639892578125,6793.2900390625,11.760000228881836,2544.9962158203125,2442.1145031738283,5.877095001801421,,
2017-11-17,56.54999923706055,93.66000366210938,1.1777453422546387,1.3200448751449585,,3.0625,113.02799987792969,2578.85009765625,6782.7900390625,11.430000305175781,2547.344619140625,2443.428253173828,5.542288557338206,,
2017-11-20,56.09000015258789,94.08000183105469,1.1731857061386108,1.3202714920043945,,3.0905001163482666,112.03800201416016,2582.139892578125,6790.7099609375,10.649999618530273,2549.22521484375,2444.6977026367185,5.622052566792564,,
2017-11-21,56.83000183105469,93.94999694824219,1.1741223335266113,1.3245033025741577,,3.125499963760376,112.5510025024414,2599.030029296875,6862.47998046875,9.729999542236328,2551.2762158203127,2446.004952392578,6.256122938533474,,
2017-11-22,58.02000045776367,93.22000122070312,1.173722743988037,1.3245558738708496,,3.134500026702881,112.34100341796875,2597.080078125,6867.35986328125,9.880000114440918,2553.2504150390623,2447.2441027832033,6.1226411852986455,,
2017-11-23,58.02000045776367,93.22000122070312,1.1814744472503662,1.3316820859909058,,3.134500026702881,111.31300354003906,2597.080078125,6867.35986328125,9.880000114440918,2555.2796142578127,2448.4934033203126,6.068493980959656,,
2017-11-24,58.95000076293945,92.76000213623047,1.1853959560394287,1.330672025680542,,3.1659998893737793,111.25399780273438,2602.419921875,6889.16015625,9.670000076293945,2557.3234130859373,2449.7497033691407,6.2320741705118685,,
2017-11-27,58.11000061035156,92.9000015258789,1.1926485300064087,1.3324450254440308,,3.132499933242798,111.6709976196289,2601.419921875,6878.52001953125,9.869999885559082,2559.2744091796876,2451.0010034179686,6.137040264254045,,
2017-11-28,57.9900016784668,93.26000213623047,1.1904903650283813,1.3322319984436035,,3.070499897003174,111.16999816894531,2627.0400390625,6912.35986328125,10.029999732971191,2561.6822119140625,2452.309304199219,7.125150753376849,,
2017-11-29,57.29999923706055,93.26000213623047,1.184805989265442,1.3365410566329956,,3.0399999618530273,111.64800262451172,2626.070068359375,6824.39013671875,10.699999809265137,2564.0388134765626,2453.6255541992186,7.028151213416771,,
2017-11-30,57.400001525878906,93.01000213623047,1.18519926071167,1.3417235612869263,,3.0369999408721924,112.00199890136719,2647.580078125,6873.97021484375,11.279999732971191,2566.9784130859375,2455.044404296875,7.842451789920559,,
2017-12-01,58.36000061035156,92.9000015258789,1.1898245811462402,1.3529969453811646,,3.065500020980835,112.55599975585938,2642.219970703125,6847.58984375,11.430000305175781,2569.7784130859377,2456.4188037109375,7.563904278516992,,
2017-12-04,57.470001220703125,93.19000244140625,1.1859863996505737,1.349400281906128,,3.062999963760376,112.86399841308594,2639.43994140625,6775.3701171875,11.680000305175781,2572.634013671875,2457.7672534179687,7.391777546699453,,
2017-12-05,57.619998931884766,93.37999725341797,1.1867746114730835,1.347527265548706,,2.9205000400543213,112.4990005493164,2629.570068359375,6762.2099609375,11.329999923706055,2575.28861328125,2459.096904296875,6.932348365964175,,
2017-12-06,55.959999084472656,93.61000061035156,1.1832919120788574,1.341525673866272,,2.936500072479248,112.46399688720703,2629.27001953125,6776.3798828125,11.020000457763672,2577.733212890625,2460.2634545898436,6.869449880504034,,
2017-12-07,56.689998626708984,93.80000305175781,1.1804285049438477,1.3392258882522583,,2.940500020980835,112.29100036621094,2636.97998046875,6812.83984375,10.15999984741211,2580.271611328125,2461.5387548828126,7.12729894006035,,
2017-12-08,57.36000061035156,93.9000015258789,1.1772184371948242,1.348435878753662,,2.9549999237060547,113.1729965209961,2651.5,6840.080078125,9.579999923706055,2582.9144091796875,2462.880654296875,7.658485009172061,,
2017-12-11,57.9900016784668,93.87000274658203,1.1769968271255493,1.3392080068588257,,2.98799991607666,113.54299926757812,2659.989990234375,6875.080078125,9.34000015258789,2585.531806640625,2464.304053955078,7.940819476607663,,
2017-12-12,57.13999938964844,94.0999984741211,1.1777591705322266,1.334935188293457,,2.999500036239624,113.54000091552734,2664.110107421875,6862.31982421875,9.920000076293945,2588.1224072265627,2465.782655029297,8.04318466544739,,
2017-12-13,56.599998474121094,93.43000030517578,1.1742602586746216,1.331948161125183,,3.0295000076293945,113.54499816894531,2662.85009765625,6875.7998046875,10.180000305175781,2590.624609375,2467.2820056152345,7.926458815649212,,
2017-12-14,57.040000915527344,93.48999786376953,1.1835860013961792,1.3409678936004639,,3.0485000610351562,112.78199768066406,2652.010009765625,6856.52978515625,10.489999771118164,2592.623408203125,2468.717705078125,7.424595542474119,,
2017-12-15,57.29999923706055,93.93000030517578,1.1774957180023193,1.3432915210723877,,3.109999895095825,112.39600372314453,2675.81005859375,6936.580078125,9.420000076293945,2595.1530078125,2470.2337548828127,8.322139688383045,,
2017-12-18,57.15999984741211,93.69999694824219,1.1743566989898682,1.3317352533340454,,3.121999979019165,112.71600341796875,2690.159912109375,6994.759765625,9.529999732971191,2598.0616064453125,2471.8172045898436,8.83328698878288,,
2017-12-19,57.459999084472656,93.47000122070312,1.1784253120422363,1.3380789756774902,,3.127500057220459,112.56800079345703,2681.469970703125,6963.85009765625,10.029999732971191,2600.6782080078124,2473.3973046875,8.412423900571605,,
2017-12-20,58.09000015258789,93.3499984741211,1.1841325759887695,1.3386881351470947,,3.1714999675750732,112.98300170898438,2679.25,6960.9599609375,9.720000267028809,2603.158408203125,2474.867254638672,8.258331632868435,,
2017-12-21,58.36000061035156,93.27999877929688,1.1878176927566528,1.3372023105621338,,3.194499969482422,113.24099731445312,2684.570068359375,6965.35986328125,9.619999885559082,2605.8312109375,2476.383205566406,8.406892048250333,,
2017-12-22,58.470001220703125,93.3499984741211,1.1857331991195679,1.338043212890625,,3.2144999504089355,113.322998046875,2683.340087890625,6959.9599609375,9.899999618530273,2608.4346142578124,2477.9086560058595,8.290516738252183,,
2017-12-25,58.470001220703125,93.3499984741211,1.1856067180633545,1.3365052938461304,,3.2144999504089355,113.30799865722656,2683.340087890625,6959.9599609375,9.899999618530273,2610.9486181640623,2479.4580065917967,8.222848733747249,,
2017-12-26,59.970001220703125,93.26000213623047,1.187253713607788,1.3376137018203735,,3.25600004196167,113.3030014038086,2680.5,6936.25,10.25,2613.371416015625,2481.1404064941407,8.034998462160994,,
2017-12-27,59.63999938964844,93.02999877929688,1.1857894659042358,1.337470531463623,,3.256999969482422,113.2030029296875,2682.6201171875,6939.33984375,10.470000267028809,2615.7986181640626,2482.811257324219,8.047686237681221,,
2017-12-28,59.84000015258789,92.5999984741211,1.1900794506072998,1.3403927087783813,,3.2860000133514404,113.21700286865234,2687.5400390625,6950.16015625,10.180000305175781,2618.3074169921874,2484.519157714844,8.171435535815556,,
2017-12-29,60.41999816894531,92.12000274658203,1.1941723823547363,1.344085931777954,,3.2795000076293945,112.875,2673.610107421875,6903.39013671875,11.039999961853027,2620.275419921875,2486.1673083496094,7.539428197078807,,
2018-01-01,60.41999816894531,92.12000274658203,1.200494647026062,1.351607084274292,,3.2795000076293945,112.66600036621094,2673.610107421875,6903.39013671875,11.039999961853027,2622.4480224609374,2487.8274084472655,7.467668309457309,,
2018-01-02,60.369998931884766,91.8499984741211,1.2011579275131226,1.3511322736740112,,3.25600004196167,112.7699966430664,2695.81005859375,7006.89990234375,9.770000457763672,2624.9816259765626,2489.5136083984376,8.286616690881548,,
2018-01-03,61.630001068115234,92.16000366210938,1.2063454389572144,1.359619379043579,,3.236999988555908,112.24400329589844,2713.06005859375,7065.52978515625,9.149999618530273,2628.0998291015626,2491.2732592773436,8.902548064146973,,
2018-01-04,62.0099983215332,91.8499984741211,1.2010425329208374,1.3511322736740112,,3.242500066757202,112.60700225830078,2723.989990234375,7077.91015625,9.220000267028809,2631.371630859375,2493.052908935547,9.263224236882756,,
2018-01-05,61.439998626708984,91.94999694824219,1.2068840265274048,1.3552889823913574,,3.2070000171661377,112.78299713134766,2743.14990234375,7136.56005859375,9.220000267028809,2634.6132275390623,2494.95505859375,9.947868315106723,,
2018-01-08,61.72999954223633,92.33000183105469,1.2037460803985596,1.3575890064239502,,3.2009999752044678,113.15399932861328,2747.7099609375,7157.39013671875,9.520000457763672,2638.1108251953124,2496.8994079589843,10.044880149318201,,
2018-01-09,62.959999084472656,92.52999877929688,1.1970456838607788,1.3571282625198364,,3.194499969482422,113.14099884033203,2751.2900390625,7163.580078125,10.079999923706055,2641.63142578125,2498.85505859375,10.102025709758838,,
2018-01-10,63.56999969482422,92.33000183105469,1.1929330825805664,1.353234887123108,,3.2149999141693115,112.75499725341797,2748.22998046875,7153.56982421875,9.819999694824219,2645.0088232421876,2500.831458740234,9.892650736772962,,
2018-01-11,63.79999923706055,91.8499984741211,1.1956144571304321,1.351278305053711,,3.2135000228881836,111.44400024414062,2767.56005859375,7211.77978515625,9.880000114440918,2648.7630224609375,2502.8818090820314,10.574939997218376,,
2018-01-12,64.30000305175781,90.97000122070312,1.2042099237442017,1.3541878461837769,,3.200000047683716,111.29399871826172,2786.239990234375,7261.06005859375,10.15999984741211,2652.7310205078124,2505.0353088378906,11.225577555908298,,
2018-01-15,64.30000305175781,90.97000122070312,1.2192296981811523,1.3733056783676147,,3.200000047683716,111.0999984741211,2786.239990234375,7261.06005859375,10.15999984741211,2656.63322265625,2507.1807092285158,11.130401569327987,,
2018-01-16,63.72999954223633,90.38999938964844,1.2268433570861816,1.379824161529541,,3.1989998817443848,110.58100128173828,2776.419921875,7223.68994140625,11.65999984741211,2660.3488232421873,2509.293908691406,10.645465334226223,,
2018-01-17,63.970001220703125,90.54000091552734,1.227129340171814,1.3798813819885254,,3.1665000915527344,110.38800048828125,2802.56005859375,7298.27978515625,11.90999984741211,2664.5124267578126,2511.582059326172,11.585446638587793,,
2018-01-18,63.95000076293945,90.5,1.218397855758667,1.382800817489624,,3.177000045776367,111.3759994506836,2798.030029296875,7296.0498046875,12.220000267028809,2668.780625,2513.927459716797,11.301144290459492,,
2018-01-19,63.369998931884766,90.56999969482422,1.2236607074737549,1.3894678354263306,,3.1670000553131104,111.0260009765625,2810.300048828125,7336.3798828125,11.270000457763672,2673.340625,2516.3342102050783,11.682305054346848,,
2018-01-22,63.4900016784668,90.4000015258789,1.2255502939224243,1.3891589641571045,,3.177500009536743,110.68399810791016,2832.969970703125,7408.02978515625,11.029999732971191,2678.30322265625,2518.754010009766,12.475055501435843,,
2018-01-23,64.47000122070312,90.12000274658203,1.2256253957748413,1.3984841108322144,,3.0894999504089355,110.96600341796875,2839.1298828125,7460.2900390625,11.100000381469727,2683.50841796875,2521.238709716797,12.608531348918191,,
2018-01-24,65.61000061035156,89.20999908447266,1.2310267686843872,1.401738166809082,,3.2084999084472656,110.10700225830078,2837.5400390625,7415.06005859375,11.470000267028809,2688.96681640625,2523.7355603027345,12.434126764141768,,
2018-01-25,65.51000213623047,89.38999938964844,1.239111304283142,1.4220906496047974,,3.1989998817443848,109.32599639892578,2839.25,7411.16015625,11.579999923706055,2694.0390185546876,2526.152609863281,12.39423892738072,,
2018-01-26,66.13999938964844,89.06999969482422,1.239234209060669,1.4150274991989136,,3.182499885559082,109.7040023803711,2872.8701171875,7505.77001953125,11.079999923706055,2699.9194189453124,2528.7735107421877,13.60725288301209,,
2018-01-29,65.55999755859375,89.30999755859375,1.2428072690963745,1.4149274826049805,,3.182499885559082,108.63899993896484,2853.530029296875,7466.509765625,13.84000015258789,2705.3472216796877,2531.1704113769533,12.73559521994248,,
2018-01-30,64.5,89.19000244140625,1.2381141185760498,1.4076577425003052,,3.177000045776367,108.9260025024414,2822.429931640625,7402.47998046875,14.789999961853027,2709.8152197265626,2533.339510498047,11.41143616734355,,
2018-01-31,64.7300033569336,89.12999725341797,1.2409565448760986,1.4155884981155396,,3.184000015258789,108.73200225830078,2823.81005859375,7411.47998046875,13.539999961853027,2714.3498193359374,2535.521311035156,11.369998994048949,,
2018-02-01,65.80000305175781,88.66999816894531,1.241865873336792,1.420051097869873,,3.197000026702881,109.20099639892578,2821.97998046875,7385.85986328125,13.470000267028809,2718.8478173828125,2537.6873608398437,11.202822854223465,,
2018-02-02,65.44999694824219,89.19999694824219,1.2510008811950684,1.4266760349273682,,3.176500082015991,109.40599822998047,2762.1298828125,7240.9501953125,17.309999465942383,2722.0420166015624,2539.577010498047,8.763383484512142,,
2018-02-05,64.1500015258789,89.55000305175781,1.244694471359253,1.411133885383606,,3.2105000019073486,110.03500366210938,2648.93994140625,6967.52978515625,37.31999969482422,2722.9924169921874,2540.880059814453,4.252852517552048,,
2018-02-06,63.38999938964844,89.58999633789062,1.2367818355560303,1.3943694829940796,,3.177500009536743,109.09500122070312,2695.139892578125,7115.8798828125,29.979999542236328,2724.3544140625,2542.3999096679686,6.007708792363192,,
2018-02-07,61.790000915527344,90.26000213623047,1.2381294965744019,1.395868182182312,,3.0764999389648438,109.62699890136719,2681.659912109375,7051.97998046875,27.729999542236328,2725.4662109375,2543.867559814453,5.416648039057985,,
2018-02-08,61.150001525878906,90.2300033569336,1.2268133163452148,1.3879250288009644,,3.072000026702881,109.19599914550781,2581.0,6777.16015625,33.459999084472656,2724.134609375,2544.824959716797,1.421513890182406,,
2018-02-09,59.20000076293945,90.44000244140625,1.2260762453079224,1.3934950828552246,,3.0244998931884766,108.52899932861328,2619.550048828125,6874.490234375,29.059999465942383,2723.6812109375,2545.926259765625,2.8918272389113695,,
2018-02-12,59.290000915527344,90.20999908447266,1.2252799272537231,1.3827433586120605,,3.077500104904175,108.80000305175781,2656.0,6981.9599609375,25.610000610351562,2724.012412109375,2547.2093603515623,4.270973612998288,,
2018-02-13,59.189998626708984,89.69999694824219,1.2303755283355713,1.3852334022521973,,3.1545000076293945,108.69000244140625,2662.93994140625,7013.509765625,24.969999313354492,2724.6798095703125,2548.539460449219,4.488864415576529,,
2018-02-14,60.599998474121094,89.12000274658203,1.235376238822937,1.3886960744857788,,3.2284998893737793,107.76399993896484,2698.6298828125,7143.6201171875,19.260000228881836,2726.0670068359377,2550.034460449219,5.827192717117412,,
2018-02-15,61.34000015258789,88.58999633789062,1.2467273473739624,1.401581048965454,,3.239000082015991,106.58699798583984,2731.199951171875,7256.43017578125,19.1299991607666,2727.95140625,2551.7182604980467,7.033758132796248,,
2018-02-16,61.68000030517578,89.0999984741211,1.2503595352172852,1.4104173183441162,,3.243000030517578,106.11100006103516,2732.219970703125,7239.47021484375,19.459999084472656,2729.5658056640623,2553.424860839844,7.002168444638464,,
2018-02-19,61.68000030517578,89.0999984741211,1.241187572479248,1.4031543731689453,,3.243000030517578,106.26100158691406,2732.219970703125,7239.47021484375,19.459999084472656,2731.0104052734373,2555.0743603515625,6.933090210618698,,
2018-02-20,61.900001525878906,89.72000122070312,1.2398641109466553,1.3992668390274048,,3.186000108718872,106.70899963378906,2716.260009765625,7234.31005859375,20.600000381469727,2732.0534033203126,2556.6523107910157,6.242839446761828,,
2018-02-21,61.68000030517578,90.08000183105469,1.233532428741455,1.4001091718673706,,3.2114999294281006,107.38099670410156,2701.330078125,7218.22998046875,20.020000457763672,2732.8230029296874,2558.3738110351565,5.587778708225648,,
2018-02-22,62.77000045776367,89.75,1.2281843423843384,1.3910139799118042,,3.237499952316284,107.55500030517578,2703.9599609375,7210.08984375,18.719999313354492,2733.862001953125,2560.065010986328,5.620753743895463,,
2018-02-23,63.54999923706055,89.87999725341797,1.2326656579971313,1.3953033685684204,,3.2084999084472656,106.81400299072266,2747.300048828125,7337.39013671875,16.489999771118164,2735.2918017578127,2561.892861328125,7.2371171448552305,,
2018-02-26,63.90999984741211,89.81999969482422,1.228712558746338,1.3968042135238647,,3.196000099182129,107.0739974975586,2779.60009765625,7421.4599609375,15.800000190734863,2737.08060546875,2563.82076171875,8.416319079686543,,
2018-02-27,63.0099983215332,90.36000061035156,1.2315573692321777,1.3966480493545532,,3.1575000286102295,107.06900024414062,2744.280029296875,7330.35009765625,18.59000015258789,2738.336806640625,2565.5500622558593,6.966535935917791,,
2018-02-28,61.63999938964844,90.61000061035156,1.2230321168899536,1.3906078338623047,,3.1075000762939453,107.4260025024414,2713.830078125,7273.009765625,19.850000381469727,2739.028408203125,2567.097263183594,5.715903991866476,,
2018-03-01,60.9900016784668,90.31999969482422,1.2191256284713745,1.375421166419983,,3.0994999408721924,106.63999938964844,2677.669921875,7180.56005859375,22.469999313354492,2738.8904052734374,2568.410262451172,4.253980021071698,,
2018-03-02,61.25,89.94000244140625,1.2270842790603638,1.377543330192566,,3.1010000705718994,106.16300201416016,2691.25,7257.8701171875,19.59000015258789,2739.048603515625,2569.787412109375,4.726561711613493,,
2018-03-05,62.56999969482422,90.08000183105469,1.2315422296524048,1.3795006275177002,,3.1054999828338623,105.55599975585938,2720.93994140625,7330.7099609375,18.729999542236328,2739.8006005859374,2571.3130114746095,5.819086562543067,,
2018-03-06,62.599998474121094,89.62000274658203,1.2336541414260864,1.3852334022521973,,3.13700008392334,106.25,2728.1201171875,7372.009765625,18.360000610351562,2740.7530029296877,2572.8890625,6.033336491261954,,
2018-03-07,61.150001525878906,89.63999938964844,1.2416653633117676,1.390008568763733,,3.114000082015991,105.53700256347656,2726.800048828125,7396.64990234375,17.760000228881836,2741.6366015625,2574.4640625,5.917192185630861,,
2018-03-08,60.119998931884766,90.12000274658203,1.2414649724960327,1.390627145767212,,3.058500051498413,106.18599700927734,2738.969970703125,7427.9501953125,16.540000915527344,2742.6652001953125,2576.008612060547,6.32611854943394,,
2018-03-09,62.040000915527344,90.08999633789062,1.2306632995605469,1.3805670738220215,,3.115999937057495,106.40599822998047,2786.570068359375,7560.81005859375,14.640000343322754,2744.9243994140625,2577.7461120605467,8.101028853144223,,
2018-03-12,61.36000061035156,89.9000015258789,1.2308752536773682,1.38554048538208,,3.1040000915527344,106.89099884033203,2783.02001953125,7588.31982421875,15.779999732971191,2747.11259765625,2579.4807116699217,7.890708658548553,,
2018-03-13,60.709999084472656,89.66000366210938,1.2339584827423096,1.3907625675201416,,3.11899995803833,106.26000213623047,2765.31005859375,7511.009765625,16.350000381469727,2748.50259765625,2581.1606115722657,7.134366075318077,,
2018-03-14,60.959999084472656,89.69999694824219,1.239234209060669,1.397233486175537,,3.140000104904175,106.50800323486328,2749.47998046875,7496.81005859375,17.229999542236328,2749.23099609375,2582.7423120117187,6.45583834212086,,
2018-03-15,61.189998626708984,90.13999938964844,1.2375624179840088,1.3971552848815918,,3.1110000610351562,106.15499877929688,2747.330078125,7481.740234375,16.59000015258789,2749.6977978515624,2584.3100122070314,6.308069277599849,,
2018-03-16,62.34000015258789,90.2300033569336,1.2309207916259766,1.3938642740249634,,3.0929999351501465,106.30899810791016,2752.010009765625,7481.990234375,15.800000190734863,2749.875,2585.911212158203,6.423221216044611,,
2018-03-19,62.060001373291016,89.9000015258789,1.228078842163086,1.3943500518798828,,3.069499969482422,105.96900177001953,2712.919921875,7344.240234375,19.020000457763672,2749.17919921875,2587.3288623046874,4.854081806146637,,
2018-03-20,63.400001525878906,90.37000274658203,1.2336845397949219,1.4025245904922485,,3.0255000591278076,105.99600219726562,2716.93994140625,7364.2998046875,18.200000762939453,2748.492197265625,2588.7118115234375,4.95335669702651,,
2018-03-21,65.16999816894531,89.77999877929688,1.2251899242401123,1.4004818201065063,,3.0485000610351562,106.46900177001953,2711.929931640625,7345.2900390625,17.860000610351562,2747.7661962890625,2590.0818615722656,4.704409998624276,,
2018-03-22,64.30000305175781,89.86000061035156,1.2347661256790161,1.414627194404602,,3.01200008392334,105.92900085449219,2643.68994140625,7166.68017578125,23.34000015258789,2745.2887939453126,2591.1380114746094,2.0281409056144213,,
2018-03-23,65.87999725341797,89.44000244140625,1.2324985265731812,1.4114724397659302,,2.984499931335449,104.96800231933594,2588.260009765625,6992.669921875,24.8700008392334,2741.3291943359377,2591.9135620117186,-0.1409596484868059,,
2018-03-26,65.55000305175781,89.02999877929688,1.235437273979187,1.4147672653198242,,2.9605000019073486,104.85900115966797,2658.550048828125,7220.5400390625,21.030000686645508,2738.7753955078124,2592.939012451172,2.5303732969380275,,
2018-03-27,65.25,89.37000274658203,1.2457488775253296,1.423892855644226,,2.991499900817871,105.5,2612.6201171875,7008.81005859375,22.5,2735.4993994140623,2593.816962890625,0.724922173225376,,
2018-03-28,64.37999725341797,90.05999755859375,1.240787148475647,1.417635440826416,,2.99399995803833,105.49299621582031,2605.0,6949.22998046875,22.8700008392334,2731.5481982421875,2594.6639123535156,0.3983594020509955,,
2018-03-29,64.94000244140625,90.1500015258789,1.2310267686843872,1.4080342054367065,,3.0190000534057617,106.81199645996094,2640.8701171875,7063.4501953125,19.969999313354492,2728.405,2595.6957629394533,1.7403562810800965,,
2018-03-30,64.94000244140625,90.1500015258789,1.2302846908569336,1.4029377698898315,,3.0190000534057617,106.47899627685547,2640.8701171875,7063.4501953125,19.969999313354492,2725.0164013671874,2596.70861328125,1.7006722926237987,,
2018-04-02,63.0099983215332,90.05000305175781,1.231420874595642,1.403823971748352,,3.0404999256134033,106.31199645996094,2581.8798828125,6870.1201171875,23.6200008392334,2719.994599609375,2597.4226623535155,-0.598392389744235,,
2018-04-03,63.5099983215332,90.19999694824219,1.229271411895752,1.4046719074249268,,3.058000087738037,105.79900360107422,2614.449951171875,6941.27978515625,21.100000381469727,2715.5010009765624,2598.3980126953124,0.6177628830585471,,
2018-04-04,63.369998931884766,90.13999938964844,1.2278525829315186,1.4068654775619507,,3.006999969482422,106.43599700927734,2644.68994140625,7042.10986328125,20.059999465942383,2711.6439990234376,2599.4180126953124,1.7416178733021679,,
2018-04-05,63.540000915527344,90.45999908447266,1.228682279586792,1.4088078737258911,,3.069499969482422,106.77400207519531,2662.840087890625,7076.5498046875,18.940000534057617,2708.11580078125,2600.633713378906,2.39196985687371,,
2018-04-06,62.060001373291016,90.11000061035156,1.2251598834991455,1.400874137878418,,3.053999900817871,107.052001953125,2604.469970703125,6915.10986328125,21.489999771118164,2702.7477978515626,2601.539013671875,0.11266242850277283,,
2018-04-09,63.41999816894531,89.83999633789062,1.227144479751587,1.4091651439666748,,3.071500062942505,106.96800231933594,2613.159912109375,6950.33984375,21.770000457763672,2697.9403955078124,2602.4597631835936,0.41115521081839385,,
2018-04-10,65.51000213623047,89.58999633789062,1.2322403192520142,1.4138271808624268,,3.13100004196167,106.7490005493164,2656.8701171875,7094.2998046875,20.469999313354492,2694.62919921875,2603.5990637207033,2.0460544101851506,,
2018-04-11,66.81999969482422,89.56999969482422,1.2363078594207764,1.4182183742523193,,3.111999988555908,107.11299896240234,2642.18994140625,7069.02978515625,20.239999771118164,2690.996796875,2604.6473132324218,1.4413708905270959,,
2018-04-12,67.06999969482422,89.75,1.2371643781661987,1.4189025163650513,,3.059999942779541,106.8290023803711,2663.989990234375,7140.25,18.489999771118164,2687.8369970703125,2605.918513183594,2.2284456231839913,,
2018-04-13,67.38999938964844,89.80000305175781,1.2329696416854858,1.4238117933273315,,3.067500114440918,107.22200012207031,2656.300048828125,7106.64990234375,17.40999984741211,2685.720400390625,2607.0741137695313,1.8881678429700872,,
2018-04-16,66.22000122070312,89.43000030517578,1.233258605003357,1.4246840476989746,,3.0915000438690186,107.49800109863281,2677.840087890625,7156.27978515625,16.559999465942383,2686.2984033203124,2608.3261645507814,2.6650778681206693,,
2018-04-17,66.5199966430664,89.5199966430664,1.2385127544403076,1.4342057704925537,,3.075000047683716,107.0459976196289,2706.389892578125,7281.10009765625,15.25,2686.5234033203124,2609.7304638671876,3.7038088817687385,,
2018-04-18,68.47000122070312,89.62000274658203,1.237317442893982,1.4296538829803467,,3.1535000801086426,107.01599884033203,2708.639892578125,7295.240234375,15.600000381469727,2687.0630029296876,2611.057413330078,3.7372781904321597,,
2018-04-19,68.29000091552734,89.94000244140625,1.237914800643921,1.4204343557357788,,3.128000020980835,107.34600067138672,2693.1298828125,7238.06005859375,15.960000038146973,2689.3056005859376,2612.2839123535155,3.0948385846064883,,
2018-04-20,68.37999725341797,90.31999969482422,1.2345526218414307,1.4086490869522095,,3.131500005722046,107.43199920654297,2670.139892578125,7146.1298828125,16.8799991607666,2690.3173974609376,2613.33826171875,2.1735276941155566,,
2018-04-23,68.63999938964844,90.94000244140625,1.2273402214050293,1.4001679420471191,,3.1080000400543213,107.86900329589844,2670.2900390625,7128.60009765625,16.34000015258789,2690.6031982421873,2614.394012451172,2.1380108103491944,,
2018-04-24,67.69999694824219,90.7699966430664,1.22089684009552,1.3938252925872803,,3.1384999752044678,108.76100158691406,2634.56005859375,7007.35009765625,18.020000457763672,2690.0356005859376,2615.263762207031,0.737833661964357,,
2018-04-25,68.05000305175781,91.16999816894531,1.2241400480270386,1.3993842601776123,,3.131999969482422,108.8030014038086,2639.39990234375,7003.740234375,17.84000015258789,2688.8510009765623,2616.091611328125,0.8909585166932247,,
2018-04-26,68.19000244140625,91.55999755859375,1.2171669006347656,1.3939224481582642,,3.11299991607666,109.36399841308594,2666.93994140625,7118.68017578125,16.239999771118164,2687.56580078125,2617.0590612792967,1.905989851928297,,
2018-04-27,68.0999984741211,91.54000091552734,1.2109616994857788,1.391943335533142,,3.0460000038146973,109.30000305175781,2669.909912109375,7119.7998046875,15.40999984741211,2686.319599609375,2618.0459106445314,1.98101955561487,,
2018-04-30,68.56999969482422,91.83999633789062,1.2122827768325806,1.37710702419281,,3.052500009536743,109.0979995727539,2648.050048828125,7066.27001953125,15.930000305175781,2684.636201171875,2618.936611328125,1.1116510943438236,,
2018-05-01,67.25,92.44999694824219,1.2081234455108643,1.3772207498550415,,3.015000104904175,109.322998046875,2654.800048828125,7130.7001953125,15.489999771118164,2683.407001953125,2619.824962158203,1.3350161623435153,,
2018-05-02,67.93000030517578,92.51000213623047,1.1991558074951172,1.3609329462051392,,3.047499895095825,109.87200164794922,2635.669921875,7100.89990234375,15.970000267028809,2682.093798828125,2620.6141613769532,0.5745126741639828,,
2018-05-03,68.43000030517578,92.41000366210938,1.19510018825531,1.3573862314224243,,3.059000015258789,109.8270034790039,2629.72998046875,7088.14990234375,15.899999618530273,2680.60919921875,2621.385711669922,0.31831518580729995,,
2018-05-04,69.72000122070312,92.56999969482422,1.1989257335662842,1.3572388887405396,,3.065500020980835,109.09600067138672,2663.419921875,7209.6201171875,14.770000457763672,2678.9315966796876,2622.3423107910157,1.5664473289756522,,
2018-05-07,70.7300033569336,92.75,1.195500135421753,1.3531982898712158,,3.059499979019165,109.14600372314453,2672.6298828125,7265.2099609375,14.75,2676.7921923828126,2623.3539599609376,1.8783558606134934,,
2018-05-08,69.05999755859375,93.12000274658203,1.1933743953704834,1.3570362329483032,,3.0404999256134033,108.94300079345703,2671.919921875,7266.89990234375,14.710000038146973,2675.344990234375,2624.331809082031,1.8133420716191637,,
2018-05-09,71.13999938964844,93.04000091552734,1.1867886781692505,1.3553440570831299,,3.0394999980926514,109.02400207519531,2697.7900390625,7339.91015625,13.420000076293945,2675.024189453125,2625.432908935547,2.756007585670489,,
2018-05-10,71.36000061035156,92.6500015258789,1.184721827507019,1.3544628620147705,,3.0924999713897705,109.84700012207031,2723.070068359375,7404.97021484375,13.229999542236328,2675.9321923828124,2626.687459716797,3.6693596067561702,,
2018-05-11,70.69999694824219,92.54000091552734,1.1917530298233032,1.352338194847107,,3.0950000286102295,109.43599700927734,2727.719970703125,7402.8798828125,12.649999618530273,2676.661591796875,2627.9419091796876,3.7968138174935198,,
2018-05-14,70.95999908447266,92.58999633789062,1.1952143907546997,1.355380892753601,,3.0785000324249268,109.33799743652344,2730.1298828125,7411.31982421875,12.930000305175781,2676.845390625,2629.1880090332033,3.8392794061317312,,
2018-05-15,71.30999755859375,93.22000122070312,1.1931180953979492,1.3562448024749756,,3.0425000190734863,109.73100280761719,2711.449951171875,7351.6298828125,14.630000114440918,2676.5119873046874,2630.3706591796877,3.0824283911938433,,
2018-05-16,71.48999786376953,93.38999938964844,1.1820889711380005,1.3500195741653442,,3.058500051498413,110.2969970703125,2722.4599609375,7398.2998046875,13.420000076293945,2676.425185546875,2631.6128588867186,3.4521453922828695,,
2018-05-17,71.48999786376953,93.47000122070312,1.1816978454589844,1.354830026626587,,3.0769999027252197,110.35900115966797,2720.1298828125,7382.47021484375,13.430000305175781,2676.0483837890624,2633.022458496094,3.308267426103134,,
2018-05-18,71.27999877929688,93.63999938964844,1.1795234680175781,1.3515340089797974,,3.0510001182556152,110.8280029296875,2712.969970703125,7354.33984375,13.420000076293945,2674.5763818359374,2634.3807080078127,2.9832158448633472,,
2018-05-21,72.23999786376953,93.68000030517578,1.1766643524169922,1.3477089405059814,,3.0855000019073486,110.87999725341797,2733.010009765625,7394.0400390625,13.079999923706055,2673.576181640625,2635.7165576171874,3.691347306191205,,
2018-05-22,72.12999725341797,93.61000061035156,1.1792453527450562,1.3431833982467651,,3.11899995803833,110.97799682617188,2724.43994140625,7378.4599609375,13.220000267028809,2672.758779296875,2637.0157067871096,3.3152716684291748,,
2018-05-23,71.83999633789062,94.01000213623047,1.1788560152053833,1.3441040515899658,,3.060499906539917,110.72599792480469,2733.2900390625,7425.9599609375,12.579999923706055,2672.43498046875,2638.3416064453127,3.598792225587237,,
2018-05-24,70.70999908447266,93.77999877929688,1.1710150241851807,1.3371307849884033,,3.0855000019073486,109.86900329589844,2727.760009765625,7424.43017578125,12.529999732971191,2672.0435791015625,2639.8303564453126,3.330882725309471,,
2018-05-25,67.87999725341797,94.19000244140625,1.1722642183303833,1.3383476734161377,,3.066999912261963,109.31199645996094,2721.330078125,7433.85009765625,13.220000267028809,2671.42998046875,2641.309256591797,3.0295892589441693,,
2018-05-28,67.87999725341797,94.19000244140625,1.1688934564590454,1.3309022188186646,,3.066999912261963,109.62300109863281,2721.330078125,7433.85009765625,13.220000267028809,2671.59818359375,2642.7740563964844,2.9724834606417128,,
2018-05-29,66.7300033569336,94.83000183105469,1.162696123123169,1.3315579891204834,,3.052000045776367,109.38899993896484,2689.860107421875,7396.58984375,17.020000457763672,2671.0565869140623,2643.9608068847656,1.7360053302450444,,
2018-05-30,68.20999908447266,94.1500015258789,1.1539349555969238,1.3253810405731201,,3.059499979019165,108.39399719238281,2724.010009765625,7462.4501953125,14.9399995803833,2671.2981884765627,2645.3606567382812,2.973105116196824,,
2018-05-31,67.04000091552734,93.98999786376953,1.1667250394821167,1.328356385231018,,3.058000087738037,108.71199798583984,2705.27001953125,7442.1201171875,15.430000305175781,2672.5297900390624,2646.6921569824217,2.213248049807757,,
2018-06-01,65.80999755859375,94.19000244140625,1.1693171262741089,1.3289390802383423,,3.0915000438690186,108.7490005493164,2734.6201171875,7554.330078125,13.460000038146973,2675.4569921875,2648.1500073242187,3.265302555524552,,
2018-06-04,64.75,94.0199966430664,1.1668611764907837,1.3356484174728394,,3.126499891281128,109.5979995727539,2746.8701171875,7606.4599609375,12.739999771118164,2677.2233935546874,2649.6631579589844,3.668653463989492,,
2018-06-05,65.5199966430664,93.88999938964844,1.1700559854507446,1.3316465616226196,,3.190999984741211,109.96299743652344,2748.800048828125,7637.85986328125,12.399999618530273,2679.9469921875,2651.175657958984,3.682305643387555,,
2018-06-06,64.7300033569336,93.66000366210938,1.1726216077804565,1.3406083583831787,,3.254499912261963,109.85900115966797,2772.35009765625,7689.240234375,11.640000343322754,2683.293994140625,2652.7494580078123,4.50855391893121,,
2018-06-07,65.94999694824219,93.4000015258789,1.178550362586975,1.3421558141708374,,3.2679998874664307,110.125,2770.3701171875,7635.06982421875,12.130000114440918,2685.883994140625,2654.2430590820313,4.375147848955143,,
2018-06-08,65.73999786376953,93.55000305175781,1.1795234680175781,1.3419216871261597,,3.2929999828338623,109.69400024414062,2779.030029296875,7645.509765625,12.180000305175781,2688.6471923828126,2655.755458984375,4.641789208997553,,
2018-06-11,66.0999984741211,93.58000183105469,1.1783976554870605,1.341381549835205,,3.250499963760376,109.44300079345703,2782.0,7659.93017578125,12.350000381469727,2692.6495947265626,2657.2827087402343,4.693414473723488,,
2018-06-12,66.36000061035156,93.80000305175781,1.177412509918213,1.3374348878860474,,3.242500066757202,110.38600158691406,2786.85009765625,7703.7900390625,12.34000015258789,2696.09759765625,2658.9277087402343,4.811051782096916,,
2018-06-13,66.63999938964844,93.70999908447266,1.17482590675354,1.3372559547424316,,3.247999906539917,110.4520034790039,2775.6298828125,7695.7001953125,12.9399995803833,2698.716396484375,2660.4781579589844,4.328234175087366,,
2018-06-14,66.88999938964844,94.7699966430664,1.1807769536972046,1.3382760286331177,,3.2165000438690186,110.24199676513672,2782.489990234375,7761.0400390625,12.119999885559082,2701.10939453125,2662.065107421875,4.52373920069625,,
2018-06-15,65.05999755859375,94.79000091552734,1.1566576957702637,1.3256621360778809,,3.1410000324249268,110.6449966430664,2779.659912109375,7746.3798828125,11.979999542236328,2704.613193359375,2663.6562573242186,4.355053489585331,,
2018-06-18,65.8499984741211,94.75,1.159595012664795,1.3275099992752075,,3.1034998893737793,110.61699676513672,2773.75,7747.02978515625,12.3100004196167,2707.8249951171874,2665.0844567871095,4.0773770953545,,
2018-06-19,65.06999969482422,95.08999633789062,1.1630746126174927,1.3258730173110962,,3.0464999675750732,110.13800048828125,2762.590087890625,7725.58984375,13.350000381469727,2709.93939453125,2666.4150073242185,3.606905913079126,,
2018-06-20,66.22000122070312,95.05999755859375,1.1588560342788696,1.317332148551941,,3.0464999675750732,110.07099914550781,2767.320068359375,7781.509765625,12.789999961853027,2712.4419970703125,2667.759757080078,3.7319819003592687,,
2018-06-21,65.54000091552734,94.87000274658203,1.1579033136367798,1.3175230026245117,,3.0250000953674316,110.35199737548828,2749.760009765625,7712.9501953125,14.640000343322754,2714.1573974609373,2669.0304565429688,3.0246771079270593,,
2018-06-22,68.58000183105469,94.5199966430664,1.1605775356292725,1.3247840404510498,,3.0325000286102295,109.9520034790039,2754.8798828125,7692.81982421875,13.770000457763672,2716.128994140625,2670.3037060546876,3.1672867983534263,,
2018-06-25,68.08000183105469,94.27999877929688,1.1661399602890015,1.3262423276901245,,2.992000102996826,109.93699645996094,2717.070068359375,7532.009765625,17.329999923706055,2716.91359375,2671.3697058105467,1.7107464552519454,,
2018-06-26,70.52999877929688,94.68000030517578,1.1702749729156494,1.3278449773788452,,2.996999979019165,109.64299774169922,2723.06005859375,7561.6298828125,15.920000076293945,2717.2469970703123,2672.4517565917968,1.8937031090317784,,
2018-06-27,72.76000213623047,95.29000091552734,1.1650259494781494,1.3221042156219482,,2.989500045776367,110.09700012207031,2699.6298828125,7445.080078125,17.90999984741211,2717.066796875,2673.4087060546876,0.9808143699998854,,
2018-06-28,73.44999694824219,95.38999938964844,1.1563634872436523,1.3120431900024414,,2.9535000324249268,110.21499633789062,2716.31005859375,7503.68017578125,16.850000381469727,2717.530400390625,2674.487255859375,1.5637690044230994,,
2018-06-29,74.1500015258789,94.62999725341797,1.1562966108322144,1.3075141906738281,,2.9509999752044678,110.48600006103516,2718.3701171875,7510.2998046875,16.09000015258789,2718.4950048828123,2675.568006591797,1.5997392138884767,,
2018-07-02,73.94000244140625,94.87000274658203,1.1678558588027954,1.3207770586013794,,2.93149995803833,110.70999908447266,2726.7099609375,7567.68994140625,15.600000381469727,2719.6234033203127,2676.7182568359376,1.8676490876053564,,
2018-07-03,74.13999938964844,94.58999633789062,1.1642121076583862,1.314405918121338,,2.9059998989105225,110.87100219726562,2713.219970703125,7502.669921875,16.139999389648438,2721.1966015625,2677.80015625,1.3227206059591525,,
2018-07-04,74.13999938964844,94.58999633789062,1.1659224033355713,1.3194352388381958,,2.9059998989105225,110.40799713134766,2713.219970703125,7502.669921875,16.139999389648438,2722.6730029296873,2678.8310559082033,1.2837283903767052,,
2018-07-05,72.94000244140625,94.47000122070312,1.166235089302063,1.3229262828826904,,2.813999891281128,110.50199890136719,2736.610107421875,7586.43017578125,14.970000267028809,2724.06640625,2679.9638061523438,2.113696503642675,,
2018-07-06,73.80000305175781,94.04000091552734,1.1695905923843384,1.3225764036178589,,2.812999963760376,110.5790023803711,2759.820068359375,7688.39013671875,13.369999885559082,2725.864609375,2681.166105957031,2.9335729042520007,,
2018-07-09,73.8499984741211,94.08000183105469,1.1752262115478516,1.329787254333496,,2.8389999866485596,110.4219970703125,2784.169921875,7756.2001953125,12.6899995803833,2728.5870068359377,2682.4413549804685,3.79238736032953,,
2018-07-10,74.11000061035156,94.11000061035156,1.1756960153579712,1.325556755065918,,2.8285000324249268,110.9530029296875,2793.840087890625,7759.2001953125,12.640000343322754,2731.3678076171873,2683.737655029297,4.102578083777941,,
2018-07-11,70.37999725341797,94.72000122070312,1.1727042198181152,1.3257324695587158,,2.7335000038146973,110.83100128173828,2774.02001953125,7716.60986328125,13.630000114440918,2734.1348095703124,2684.919055175781,3.3185717157359704,,
2018-07-12,70.33000183105469,94.80999755859375,1.1676785945892334,1.3210039138793945,,2.7679998874664307,111.95800018310547,2798.2900390625,7823.919921875,12.579999923706055,2737.5060107421873,2686.150155029297,4.174743687475655,,
2018-07-13,71.01000213623047,94.75,1.1665889024734497,1.3180439472198486,,2.7699999809265137,112.66500091552734,2801.31005859375,7825.97998046875,12.180000305175781,2740.2638134765625,2687.410054931641,4.238281517667627,,
2018-07-16,68.05999755859375,94.51000213623047,1.1679104566574097,1.3227688074111938,,2.756999969482422,112.39900207519531,2798.429931640625,7805.72021484375,12.829999923706055,2742.779814453125,2688.6785546875,4.081982086024461,,
2018-07-17,68.08000183105469,94.97000122070312,1.170946478843689,1.3236442804336548,,2.739500045776367,112.3740005493164,2809.550048828125,7855.1201171875,12.0600004196167,2745.5324169921873,2689.97310546875,4.445283973890801,,
2018-07-18,68.76000213623047,95.08000183105469,1.1653246879577637,1.3106160163879395,,2.752000093460083,113.01200103759766,2815.6201171875,7854.43994140625,12.100000381469727,2747.8890185546875,2691.275006103516,4.620304903883222,,
2018-07-19,69.45999908447266,95.16999816894531,1.164564609527588,1.3078221082687378,,2.686000108718872,112.79100036621094,2804.489990234375,7825.2998046875,12.869999885559082,2749.5174169921875,2692.5428063964846,4.157675175003545,,
2018-07-20,70.45999908447266,94.45999908447266,1.1655147075653076,1.3023037910461426,,2.746000051498413,112.36299896240234,2801.830078125,7820.2001953125,12.859999656677246,2750.999619140625,2693.7861071777343,4.01085931282283,,
2018-07-23,67.88999938964844,94.66999816894531,1.1741912364959717,1.3147169351577759,,2.736999988555908,111.0530014038086,2806.97998046875,7841.8701171875,12.619999885559082,2752.53662109375,2695.0328076171877,4.1538333980631705,,
2018-07-24,68.5199966430664,94.61000061035156,1.1694128513336182,1.3102725744247437,,2.799999952316284,111.45999908447266,2820.39990234375,7840.77001953125,12.40999984741211,2754.7156201171874,2696.338006591797,4.601125506099621,,
2018-07-25,69.30000305175781,94.36000061035156,1.1685519218444824,1.3152183294296265,,2.805999994277954,111.24099731445312,2846.070068359375,7932.240234375,12.289999961853027,2757.187822265625,2697.7620568847656,5.497445969933604,,
2018-07-26,69.61000061035156,94.75,1.1737502813339233,1.3199577331542969,,2.803999900817871,110.84500122070312,2837.43994140625,7852.18017578125,12.140000343322754,2759.5340234375,2699.138756103516,5.123900540125851,,
2018-07-27,68.69000244140625,94.68000030517578,1.1642934083938599,1.3108737468719482,,2.7874999046325684,111.14600372314453,2818.820068359375,7737.419921875,13.029999732971191,2761.651025390625,2700.356806640625,4.386948473899046,,
2018-07-30,70.12999725341797,94.36000061035156,1.16604483127594,1.3111830949783325,,2.7790000438690186,110.93399810791016,2802.60009765625,7630.0,14.260000228881836,2763.0428271484375,2701.5449072265624,3.740644479363183,,
2018-07-31,68.76000213623047,94.48999786376953,1.1707408428192139,1.3135426044464111,,2.819000005722046,110.99400329589844,2816.2900390625,7671.7900390625,12.829999923706055,2764.8798291015623,2702.7807080078123,4.199724036744144,,
2018-08-01,67.66000366210938,94.62000274658203,1.168961763381958,1.3121638298034668,,2.734999895095825,111.80799865722656,2813.360107421875,7707.2900390625,13.149999618530273,2766.48123046875,2704.061759033203,4.042006364076163,,
2018-08-02,68.95999908447266,95.16999816894531,1.1665889024734497,1.3126115798950195,,2.7269999980926514,111.62000274658203,2827.219970703125,7802.68994140625,12.1899995803833,2768.4704296875,2705.395859375,4.503005018876199,,
2018-08-03,68.48999786376953,95.13999938964844,1.1586008071899414,1.3018121719360352,,2.753499984741211,111.69000244140625,2840.35009765625,7812.009765625,11.640000343322754,2770.850830078125,2706.692259521484,4.938050776352211,,
2018-08-06,69.01000213623047,95.36000061035156,1.1562297344207764,1.3003562688827515,,2.7209999561309814,111.23400115966797,2850.39990234375,7859.68017578125,11.270000457763672,2773.4322265625,2708.080108642578,5.255376059481103,,
2018-08-07,69.16999816894531,95.22000122070312,1.1558021306991577,1.2944984436035156,,2.740999937057495,111.33999633789062,2858.449951171875,7883.66015625,10.930000305175781,2776.8040234375,2709.4960583496095,5.497475900112412,,
2018-08-08,66.94000244140625,95.0999984741211,1.1602946519851685,1.2946659326553345,,2.740499973297119,111.34500122070312,2857.699951171875,7888.330078125,10.850000381469727,2779.477822265625,2710.8877575683596,5.4156500280632995,,
2018-08-09,66.80999755859375,95.5,1.1610760688781738,1.2881617546081543,,2.755500078201294,110.89199829101562,2853.580078125,7891.77978515625,11.270000457763672,2782.4440234375,2712.256407470703,5.210557168010806,,
2018-08-10,67.62999725341797,96.36000061035156,1.1523923873901367,1.2828407287597656,,2.7325000762939453,111.09100341796875,2833.280029296875,7839.10986328125,13.15999984741211,2784.4172216796874,2713.4836071777345,4.414857042152523,,
2018-08-13,67.19999694824219,96.38999938964844,1.1394712924957275,1.2758845090866089,,2.7219998836517334,110.62899780273438,2821.929931640625,7819.7099609375,14.779999732971191,2785.91841796875,2714.637607421875,3.952362699367696,,
2018-08-14,67.04000091552734,96.7300033569336,1.1402509212493896,1.2762752771377563,,2.67549991607666,110.66100311279297,2839.9599609375,7870.89013671875,13.3100004196167,2787.7416162109375,2715.884207763672,4.5685214715392926,,
2018-08-15,65.01000213623047,96.69999694824219,1.1345715522766113,1.271779179573059,,2.556999921798706,111.24600219726562,2818.3701171875,7774.1201171875,14.640000343322754,2788.6620166015623,2717.004158935547,3.7307987887536282,,
2018-08-16,65.45999908447266,96.6500015258789,1.134429931640625,1.2693899869918823,,2.6135001182556152,110.57599639892578,2840.68994140625,7806.52001953125,13.449999809265137,2790.0684130859377,2718.284508056641,4.503039802743807,,
2018-08-17,65.91000366210938,96.0999984741211,1.1371389627456665,1.2714558839797974,,2.624500036239624,111.00399780273438,2850.1298828125,7816.330078125,12.640000343322754,2791.49041015625,2719.6236572265625,4.798686952114032,,
2018-08-20,66.43000030517578,95.9000015258789,1.1437721252441406,1.2747135162353516,,2.6635000705718994,110.4749984741211,2857.050048828125,7821.009765625,12.489999771118164,2792.9914111328126,2720.98470703125,5.000591934429878,,
2018-08-21,67.3499984741211,95.26000213623047,1.149134635925293,1.2804261445999146,,2.689500093460083,109.947998046875,2862.9599609375,7859.169921875,12.859999656677246,2794.5136083984376,2722.40515625,5.162890775637103,,
2018-08-22,67.86000061035156,95.1500015258789,1.1576753854751587,1.290555715560913,,2.6684999465942383,110.13400268554688,2861.820068359375,7889.10009765625,12.25,2796.237412109375,2723.8911560058596,5.063671947735445,,
2018-08-23,67.83000183105469,95.62000274658203,1.1584800481796265,1.2904725074768066,,2.6524999141693115,110.58799743652344,2856.97998046875,7878.4599609375,12.40999984741211,2797.7272119140625,2725.2478564453127,4.83376672370867,,
2018-08-24,68.72000122070312,95.1500015258789,1.154334545135498,1.281065821647644,,2.6989998817443848,111.36699676513672,2874.68994140625,7945.97998046875,11.989999771118164,2799.6278125,2726.7270556640624,5.42639152073668,,
2018-08-27,68.87000274658203,94.77999877929688,1.164890170097351,1.2860909700393677,,2.7049999237060547,111.28199768066406,2896.739990234375,8017.89990234375,12.15999984741211,2802.0876123046874,2728.3000561523436,6.173805322555989,,
2018-08-28,68.52999877929688,94.72000122070312,1.1683608293533325,1.2896735668182373,,2.7339999675750732,111.13700103759766,2897.52001953125,8030.0400390625,12.5,2804.7862109375,2729.7925061035157,6.144331961228335,,
2018-08-29,69.51000213623047,94.5999984741211,1.1691256761550903,1.2867693901062012,,2.7090001106262207,111.16200256347656,2914.0400390625,8109.68994140625,12.25,2807.7206103515623,2731.377305908203,6.687568676769103,,
2018-08-30,70.25,94.72000122070312,1.1709738969802856,1.3035939931869507,,2.690500020980835,111.71199798583984,2901.1298828125,8088.35986328125,13.529999732971191,2810.7480078125,2732.8975549316406,6.155822693656276,,
2018-08-31,69.80000305175781,95.13999938964844,1.1664663553237915,1.301100730895996,,2.6489999294281006,110.9990005493164,2901.52001953125,8109.5400390625,12.859999656677246,2813.680810546875,2734.393055419922,6.112031471849329,,
2018-09-03,69.80000305175781,95.13999938964844,1.1601063013076782,1.292306900024414,,2.6489999294281006,111.14399719238281,2901.52001953125,8109.5400390625,12.859999656677246,2817.3698095703126,2735.8935559082033,6.053834341082965,,
2018-09-04,69.87000274658203,95.41999816894531,1.161548137664795,1.2869019508361816,,2.5834999084472656,111.08799743652344,2896.719970703125,8091.25,13.15999984741211,2820.8430078125,2737.2419555664064,5.826230115039956,,
2018-09-05,68.72000122070312,95.12999725341797,1.1586545705795288,1.2858428955078125,,2.5924999713897705,111.46099853515625,2888.60009765625,7995.169921875,13.90999984741211,2824.622412109375,2738.5546057128904,5.479003107345391,,
2018-09-06,67.7699966430664,95.0199966430664,1.1635212898254395,1.2914891242980957,,2.618499994277954,111.4489974975586,2878.050048828125,7922.72998046875,14.649999618530273,2827.8572119140626,2739.706955566406,5.049558055128486,,
2018-09-07,67.75,95.37000274658203,1.1620069742202759,1.2925406694412231,,2.6034998893737793,110.49500274658203,2871.679931640625,7902.5400390625,14.880000114440918,2830.923408203125,2740.8542553710936,4.773171576458686,,
2018-09-10,67.54000091552734,95.1500015258789,1.1561094522476196,1.2930254936218262,,2.6105000972747803,110.91999816894531,2877.1298828125,7924.16015625,14.15999984741211,2833.931806640625,2742.042705078125,4.926516187519631,,
2018-09-11,69.25,95.05999755859375,1.159595012664795,1.302643060684204,,2.6040000915527344,111.14800262451172,2887.889892578125,7972.47021484375,13.220000267028809,2837.425205078125,2743.334304199219,5.269339145347144,,
2018-09-12,70.37000274658203,94.80000305175781,1.1596084833145142,1.3015578985214233,,2.6584999561309814,111.60700225830078,2888.919921875,7954.22998046875,13.140000343322754,2840.9392041015626,2744.6325537109374,5.257074137992566,,
2018-09-13,68.58999633789062,94.54000091552734,1.1629259586334229,1.3045463562011719,,2.6644999980926514,111.22000122070312,2904.179931640625,8013.7099609375,12.369999885559082,2844.2906005859377,2745.968553466797,5.761587399611169,,
2018-09-14,68.98999786376953,94.9800033569336,1.1691803932189941,1.311131477355957,,2.627500057220459,112.01200103759766,2904.97998046875,8010.0400390625,12.069999694824219,2847.193798828125,2747.2359533691406,5.741917686617202,,
2018-09-17,68.91000366210938,94.51000213623047,1.1628988981246948,1.307326316833496,,2.633500099182129,111.9530029296875,2888.800048828125,7895.7900390625,13.680000305175781,2849.2864013671874,2748.380003662109,5.109193233064991,,
2018-09-18,69.8499984741211,94.62000274658203,1.1669156551361084,1.3146305084228516,,2.7119998931884766,111.69000244140625,2904.31005859375,7956.10986328125,12.789999961853027,2851.49580078125,2749.5810034179685,5.627368496634206,,
2018-09-19,71.12000274658203,94.55000305175781,1.167992353439331,1.3168463706970215,,2.7100000381469727,112.2770004272461,2907.949951171875,7950.0400390625,11.75,2854.1743994140625,2750.806502685547,5.712631852982483,,
2018-09-20,70.80000305175781,93.91000366210938,1.167460560798645,1.3141123056411743,,2.7209999561309814,112.31700134277344,2930.75,8028.22998046875,11.800000190734863,2856.8235986328127,2752.2002026367186,6.487529402556672,,
2018-09-21,70.77999877929688,94.22000122070312,1.1775927543640137,1.327087163925171,,2.8364999294281006,112.49500274658203,2929.669921875,7986.9599609375,11.680000305175781,2859.3907958984373,2753.469501953125,6.399214510888547,,
2018-09-24,72.08000183105469,94.26000213623047,1.1751019954681396,1.30804443359375,,2.815999984741211,112.52400207519531,2919.3701171875,7993.25,12.199999809265137,2861.809599609375,2754.6155529785156,5.981036592595956,,
2018-09-25,72.27999877929688,94.12999725341797,1.175295352935791,1.311733365058899,,2.803499937057495,112.78600311279297,2915.56005859375,8007.47021484375,12.420000076293945,2863.9297998046877,2755.786003417969,5.797767133500758,,
2018-09-26,71.56999969482422,94.19000244140625,1.1763184070587158,1.3179919719696045,,2.806999921798706,112.96900177001953,2905.969970703125,7990.3701171875,12.890000343322754,2865.736796875,2756.9196032714844,5.406409648463114,,
2018-09-27,72.12000274658203,95.0,1.1748534440994263,1.3172800540924072,,2.7644999027252197,112.7040023803711,2914.0,8041.97021484375,12.40999984741211,2867.9269970703126,2758.0667529296875,5.653715484031571,,
2018-09-28,73.25,95.19000244140625,1.1637378931045532,1.3078734874725342,,2.7869999408721924,113.35700225830078,2913.97998046875,8046.35009765625,12.119999885559082,2870.1699951171877,2759.2199523925783,5.60883259567531,,
2018-10-01,75.30000305175781,95.30000305175781,1.1605371236801147,1.3039000034332275,,2.7739999294281006,113.7959976196289,2924.590087890625,8037.2998046875,12.0,2872.522197265625,2760.426202392578,5.947048515760327,,
2018-10-02,75.2300033569336,95.51000213623047,1.157755732536316,1.3043591976165771,,2.7950000762939453,113.94599914550781,2923.429931640625,7999.5498046875,12.050000190734863,2874.5827978515626,2761.640852050781,5.858440262777111,,
2018-10-03,76.41000366210938,95.76000213623047,1.1551746129989624,1.2981956005096436,,2.822499990463257,113.5770034790039,2925.510009765625,8025.08984375,11.609999656677246,2876.1715966796874,2762.8553015136717,5.887196052679285,,
2018-10-04,74.33000183105469,95.75,1.147631287574768,1.294062852859497,,2.765000104904175,114.48600006103516,2901.610107421875,7879.509765625,14.220000267028809,2877.455,2763.925651855469,4.981481881539622,,
2018-10-05,74.33999633789062,95.62000274658203,1.1518083810806274,1.3024225234985352,,2.750999927520752,113.89399719238281,2885.570068359375,7788.4501953125,14.819999694824219,2878.79,2764.9854516601563,4.361130241275488,,
2018-10-08,74.29000091552734,95.7699966430664,1.1522595882415771,1.31271493434906,,2.755000114440918,113.71499633789062,2884.429931640625,7735.9501953125,15.6899995803833,2880.4265966796875,2766.03955078125,4.2801405650883195,,
2018-10-09,74.95999908447266,95.68000030517578,1.1494120359420776,1.309311866760254,,2.7950000762939453,113.09700012207031,2880.340087890625,7738.02001953125,15.949999809265137,2881.70759765625,2766.9622009277346,4.097558214740917,,
2018-10-10,73.16999816894531,95.51000213623047,1.1506949663162231,1.3157029151916504,,2.7690000534057617,112.99800109863281,2785.679931640625,7422.0498046875,22.959999084472656,2881.153994140625,2767.3253002929687,0.6632625136521959,,
2018-10-11,70.97000122070312,95.0199966430664,1.1533360481262207,1.3206725120544434,,2.796999931335449,112.09200286865234,2728.3701171875,7329.06005859375,24.979999542236328,2879.1769970703126,2767.3472009277343,-1.4084638070411808,,
2018-10-12,71.33999633789062,95.22000122070312,1.1590440273284912,1.3234164714813232,,2.7929999828338623,112.08000183105469,2767.1298828125,7496.89013671875,21.309999465942383,2877.7125927734373,2767.467100830078,-0.012185077736851117,,
2018-10-15,71.77999877929688,95.06999969482422,1.1551345586776733,1.3103927373886108,,2.7804999351501465,112.19200134277344,2750.7900390625,7430.740234375,21.299999237060547,2875.7203955078126,2767.482501220703,-0.6031641446997442,,
2018-10-16,71.91999816894531,95.05000305175781,1.1583458185195923,1.315477967262268,,2.7704999446868896,111.84100341796875,2809.919921875,7645.490234375,17.6200008392334,2874.749794921875,2767.7756506347655,1.5226765663094506,,
2018-10-17,69.75,95.58000183105469,1.1575279235839844,1.318721890449524,,2.7669999599456787,112.34200286865234,2809.2099609375,7642.7001953125,17.399999618530273,2873.7799951171874,2768.0805505371095,1.4858458650132085,,
2018-10-18,68.6500015258789,95.9000015258789,1.1500862836837769,1.3104442358016968,,2.737499952316284,112.62799835205078,2768.780029296875,7485.14013671875,20.059999465942383,2872.083994140625,2768.086650390625,0.025049031834034906,,
2018-10-19,69.12000274658203,95.70999908447266,1.1460003852844238,1.3024225234985352,,2.7679998874664307,112.18499755859375,2767.780029296875,7449.02978515625,19.889999389648438,2870.773994140625,2767.9943505859374,-0.007742836939569126,,
2018-10-22,69.16999816894531,96.01000213623047,1.1509466171264648,1.3065404891967773,,2.7739999294281006,112.4800033569336,2755.8798828125,7468.6298828125,19.639999389648438,2869.4529931640627,2767.8425500488283,-0.43220186914596376,,
2018-10-23,66.43000030517578,95.95999908447266,1.1467890739440918,1.2965964078903198,,2.746999979019165,112.75700378417969,2740.68994140625,7437.5400390625,20.709999084472656,2867.4675927734374,2767.6639001464846,-0.9746110696030301,,
2018-10-24,66.81999969482422,96.43000030517578,1.147315263748169,1.2981280088424683,,2.746500015258789,112.44400024414062,2656.10009765625,7108.39990234375,25.229999542236328,2864.2221923828124,2766.931600341797,-4.005574357958692,,
2018-10-25,67.33000183105469,96.68000030517578,1.1399258375167847,1.2888258695602417,,2.748500108718872,112.01200103759766,2705.570068359375,7318.33984375,24.219999313354492,2861.519794921875,2766.4693005371096,-2.201334103577835,,
2018-10-26,67.58999633789062,96.36000061035156,1.1377859115600586,1.2824623584747314,,2.74399995803833,112.3499984741211,2658.68994140625,7167.2099609375,24.15999984741211,2857.69099609375,2765.71125,-3.869576355584837,,
2018-10-29,67.04000091552734,96.58000183105469,1.1398738622665405,1.2831040620803833,,2.7385001182556152,111.90799713134766,2641.25,7050.2900390625,24.700000762939453,2853.3749951171876,2764.7526501464845,-4.467041568436184,,
2018-10-30,66.18000030517578,97.01000213623047,1.137617588043213,1.2802459001541138,,2.6630001068115234,112.3239974975586,2682.6298828125,7161.64990234375,23.350000381469727,2849.7683935546875,2763.9701501464842,-2.9428779225301467,,
2018-10-31,65.30999755859375,97.12999725341797,1.1346358060836792,1.2708903551101685,,2.6635000705718994,113.052001953125,2711.739990234375,7305.89990234375,21.229999542236328,2846.7667919921873,2763.3411499023437,-1.8673466962192575,,
2018-11-01,63.689998626708984,96.27999877929688,1.1316697597503662,1.276943564414978,,2.7214999198913574,112.85099792480469,2740.3701171875,7434.06005859375,19.34000015258789,2844.4345947265624,2762.846750488281,-0.8135316697101898,,
2018-11-02,63.13999938964844,96.54000091552734,1.1403288841247559,1.3003731966018677,,2.802999973297119,112.71499633789062,2723.06005859375,7356.990234375,19.510000228881836,2841.4019970703125,2762.0977001953124,-1.4133331199255554,,
2018-11-05,63.099998474121094,96.3499984741211,1.1397570371627808,1.3005592823028564,,2.755500078201294,113.13899993896484,2738.31005859375,7328.85009765625,19.959999084472656,2838.2333984375,2761.521600341797,-0.8405344989941003,,
2018-11-06,62.209999084472656,96.31999969482422,1.141291856765747,1.3058068752288818,,2.7304999828338623,113.24600219726562,2755.449951171875,7375.9599609375,19.90999984741211,2835.3919970703123,2761.186700439453,-0.2077639033486946,,
2018-11-07,61.66999816894531,96.0,1.1438506841659546,1.3112518787384033,,2.752500057220459,113.36299896240234,2813.889892578125,7570.75,16.360000610351562,2833.388994140625,2761.137099609375,1.9105459477623525,,
2018-11-08,60.66999816894531,96.63999938964844,1.1434059143066406,1.3128528594970703,,2.736999988555908,113.5469970703125,2806.830078125,7530.8798828125,16.719999313354492,2831.502998046875,2761.061350097656,1.6576498028819668,,
2018-11-09,60.189998626708984,96.91000366210938,1.1368415355682373,1.3066771030426025,,2.686500072479248,113.9530029296875,2781.010009765625,7406.89990234375,17.360000610351562,2829.0927978515624,2761.155750732422,0.7190561064125623,,
2018-11-12,59.93000030517578,97.54000091552734,1.132502794265747,1.2938451766967773,,2.677999973297119,113.84600067138672,2726.219970703125,7200.8701171875,20.450000762939453,2825.586796875,2761.5421508789063,-1.2790744535454392,,
2018-11-13,55.689998626708984,97.30000305175781,1.1233429908752441,1.2857933044433594,,2.687000036239624,113.69599914550781,2722.179931640625,7200.8701171875,20.020000457763672,2822.09599609375,2761.6773510742187,-1.4301967396093624,,
2018-11-14,56.25,96.80000305175781,1.1311193704605103,1.3014055490493774,,2.7095000743865967,113.78900146484375,2701.580078125,7136.39013671875,21.25,2818.355595703125,2761.7769519042968,-2.1796428468921034,,
2018-11-15,56.459999084472656,96.93000030517578,1.131183385848999,1.2986170053482056,,2.749000072479248,113.56400299072266,2730.199951171875,7259.02978515625,19.979999542236328,2815.39859375,2762.522951660156,-1.170053644942804,,
2018-11-16,56.459999084472656,96.47000122070312,1.1324899196624756,1.276650071144104,,2.803999900817871,113.55500030517578,2736.27001953125,7247.8701171875,18.139999389648438,2812.6903955078124,2763.106551513672,-0.9712449187933249,,
2018-11-19,56.7599983215332,96.19000244140625,1.141396164894104,1.2833181619644165,,2.804500102996826,112.7300033569336,2690.72998046875,7028.47998046875,20.100000381469727,2808.9623974609376,2763.2802014160156,-2.625510829849539,,
2018-11-20,53.43000030517578,96.80999755859375,1.1455016136169434,1.2859750986099243,,2.7664999961853027,112.44300079345703,2641.889892578125,6908.81982421875,22.479999542236328,2804.0423974609375,2763.174951171875,-4.389336930776402,,
2018-11-21,54.630001068115234,96.70999908447266,1.1372424364089966,1.2789195775985718,,2.7945001125335693,112.7030029296875,2649.929931640625,6972.25,20.799999237060547,2799.26259765625,2762.9314514160155,-4.089913983116618,,
2018-11-22,54.630001068115234,96.70999908447266,1.1388354301452637,1.277726650238037,,2.7945001125335693,113.02100372314453,2649.929931640625,6972.25,20.799999237060547,2794.17759765625,2762.5251013183592,-4.075806211643126,,
2018-11-23,50.41999816894531,96.91999816894531,1.1403158903121948,1.287597894668579,,2.7704999446868896,112.97799682617188,2632.56005859375,6938.97998046875,21.520000457763672,2788.72919921875,2762.0268017578123,-4.687381856022069,,
2018-11-26,51.630001068115234,97.06999969482422,1.1337354183197021,1.2812299728393555,,2.758500099182129,112.91899871826172,2673.449951171875,7081.85009765625,18.899999618530273,2784.422197265625,2761.7329516601562,-3.196652320609486,,
2018-11-27,51.560001373291016,97.37000274658203,1.1333370208740234,1.2812299728393555,,2.7105000019073486,113.50399780273438,2682.169921875,7082.7001953125,19.020000457763672,2779.97939453125,2761.5625012207033,-2.874915172501406,,
2018-11-28,50.290000915527344,96.79000091552734,1.1298797130584717,1.2743724584579468,,2.7960000038146973,113.76699829101562,2743.7900390625,7291.58984375,18.489999771118164,2776.6961962890623,2761.774801025391,-0.6512030581281815,,
2018-11-29,51.45000076293945,96.77999877929688,1.1368545293807983,1.2824130058288574,,2.7780001163482666,113.55500030517578,2737.800048828125,7273.080078125,18.790000915527344,2772.837197265625,2761.944001464844,-0.8741651758295532,,
2018-11-30,50.93000030517578,97.2699966430664,1.1392766237258911,1.2784454822540283,,2.7774999141693115,113.41100311279297,2760.169921875,7330.5400390625,18.06999969482422,2769.447197265625,2762.008350830078,-0.06656131052339621,,
2018-12-03,52.95000076293945,97.04000091552734,1.1342240571975708,1.2753475904464722,,2.799499988555908,113.76300048828125,2790.3701171875,7441.509765625,16.440000534057617,2766.867197265625,2762.0622009277345,1.0248833733815748,,
2018-12-04,53.25,96.97000122070312,1.135486125946045,1.2725884914398193,,2.748500108718872,113.58699798583984,2700.06005859375,7158.43017578125,20.739999771118164,2762.557197265625,2761.841101074219,-2.2369513748071563,,
2018-12-05,53.25,96.97000122070312,1.1342884302139282,1.2720541954040527,,2.748500108718872,112.6989974975586,2700.06005859375,7158.43017578125,20.739999771118164,2758.4389990234376,2761.7722509765626,-2.2345141733171956,,
2018-12-06,51.4900016784668,96.80999755859375,1.13490629196167,1.2727665901184082,,2.740499973297119,113.0510025024414,2695.949951171875,7188.259765625,21.190000534057617,2754.077998046875,2761.863651123047,-2.386566039361493,,
2018-12-07,52.61000061035156,96.51000213623047,1.1374752521514893,1.2778573036193848,,2.757499933242798,112.68900299072266,2633.080078125,6969.25,23.229999542236328,2748.46,2761.572801513672,-4.652881985158696,,
2018-12-10,51.0,97.22000122070312,1.1400948762893677,1.2721028327941895,,2.7184998989105225,112.50199890136719,2637.719970703125,7020.52001953125,22.639999389648438,2742.72259765625,2761.156701660156,-4.470471773036798,,
2018-12-11,51.650001525878906,97.38999938964844,1.1356538534164429,1.2561235427856445,,2.7660000324249268,113.18099975585938,2636.780029296875,7031.830078125,21.760000228881836,2736.989599609375,2760.700001220703,-4.488715610860805,,
2018-12-12,51.150001525878906,97.04000091552734,1.1323105096817017,1.2492972612380981,,2.7685000896453857,113.38400268554688,2651.070068359375,7098.31005859375,21.459999084472656,2731.50080078125,2760.3213513183596,-3.9579189903670082,,
2018-12-13,52.58000183105469,97.05999755859375,1.1373459100723267,1.2628655433654785,,2.762500047683716,113.28500366210938,2650.5400390625,7070.330078125,20.649999618530273,2726.4793994140623,2759.8792016601565,-3.961737257626545,,
2018-12-14,51.20000076293945,97.44000244140625,1.1363636255264282,1.2655024528503418,,2.760499954223633,113.55999755859375,2599.949951171875,6910.66015625,21.6299991607666,2720.7669970703123,2758.946101074219,-5.762930629215169,,
2018-12-17,49.880001068115234,97.0999984741211,1.1305949687957764,1.2585581541061401,,2.753000020980835,113.38999938964844,2545.93994140625,6753.72998046875,24.520000457763672,2713.997197265625,2757.7607006835938,-7.680897012740723,,
2018-12-18,46.2400016784668,97.13999938964844,1.1349835395812988,1.2615749835968018,,2.6710000038146973,112.8290023803711,2546.159912109375,6783.91015625,25.579999923706055,2707.31359375,2756.664949951172,-7.636221363990043,,
2018-12-19,47.20000076293945,97.04000091552734,1.1375399827957153,1.2655024528503418,,2.7214999198913574,112.52400207519531,2506.9599609375,6636.830078125,25.579999923706055,2701.7391943359376,2755.4523498535154,-9.018206717645679,,
2018-12-20,45.880001068115234,96.27999877929688,1.1389521360397339,1.262785792350769,,2.7019999027252197,112.41000366210938,2467.419921875,6528.41015625,28.3799991607666,2696.5201904296873,2754.0527990722658,-10.40767545538057,,
2018-12-21,45.59000015258789,96.95999908447266,1.1456853151321411,1.2669775485992432,,2.678499937057495,111.1709976196289,2416.6201171875,6332.990234375,30.110000610351562,2689.5099951171874,2752.375849609375,-12.198760299016811,,
2018-12-24,42.529998779296875,96.55000305175781,1.1372811794281006,1.2648941278457642,,2.6684999465942383,111.05400085449219,2351.10009765625,6192.919921875,36.06999969482422,2681.5161962890625,2750.5667504882813,-14.523067028317632,,
2018-12-25,42.529998779296875,96.55000305175781,1.140393853187561,1.2710840702056885,,2.6684999465942383,110.31099700927734,2351.10009765625,6192.919921875,36.06999969482422,2672.3397998046876,2748.737551269531,-14.466184791983085,,
2018-12-26,46.220001220703125,97.05000305175781,1.1415525674819946,1.2688745260238647,,2.7084999084472656,110.4020004272461,2467.699951171875,6554.35986328125,30.40999984741211,2665.509599609375,2747.5164013671874,-10.184341394871142,,
2018-12-27,44.61000061035156,96.4800033569336,1.1361312866210938,1.2648781538009644,,2.6675000190734863,111.20600128173828,2488.830078125,6579.490234375,29.959999084472656,2659.9106005859376,2746.7421020507813,-9.389742988000885,,
2018-12-28,45.33000183105469,96.38999938964844,1.143105387687683,1.2646220922470093,,2.678999900817871,110.8550033569336,2485.739990234375,6584.52001953125,28.34000015258789,2654.2697998046874,2746.229501953125,-9.48535115268003,,
2018-12-31,45.40999984741211,96.16999816894531,1.1439945697784424,1.269357681274414,,2.628000020980835,110.33000183105469,2506.85009765625,6635.27978515625,25.420000076293945,2649.2892041015625,2745.4710021972655,-8.691437802476937,,
2019-01-01,45.40999984741211,96.16999816894531,1.1493064165115356,1.2738043069839478,,2.628000020980835,109.62999725341797,2506.85009765625,6635.27978515625,25.420000076293945,2644.6124072265625,2744.9421520996093,-8.673845977455024,,
2019-01-02,46.540000915527344,96.81999969482422,1.14617121219635,1.2754288911819458,,2.625,109.66799926757812,2510.030029296875,6665.93994140625,23.219999313354492,2641.691005859375,2744.467302246094,-8.542177666221546,,
2019-01-03,47.09000015258789,96.30999755859375,1.1318106651306152,1.2521913051605225,,2.570499897003174,107.44100189208984,2447.889892578125,6463.5,25.450000762939453,2636.53740234375,2743.502401123047,-10.775004549801514,,
2019-01-04,47.959999084472656,96.19000244140625,1.1391078233718872,1.2628813982009888,,2.6514999866485596,107.80799865722656,2531.93994140625,6738.85986328125,21.3799991607666,2634.00240234375,2742.9577502441407,-7.693075433593856,,
2019-01-07,48.52000045776367,95.70999908447266,1.1410444974899292,1.2734960317611694,,2.6410000324249268,108.52200317382812,2549.68994140625,6823.47021484375,21.399999618530273,2632.171201171875,2742.7968005371094,-7.040509128968074,,
2019-01-08,49.779998779296875,95.9000015258789,1.1479737758636475,1.278608798980713,,2.6605000495910645,108.61599731445312,2574.409912109375,6897.0,20.469999313354492,2630.0068017578124,2742.596600341797,-6.132388854104965,,
2019-01-09,52.36000061035156,95.22000122070312,1.1456066370010376,1.2737879753112793,,2.6619999408721924,108.7760009765625,2584.9599609375,6957.080078125,19.979999542236328,2627.471201171875,2742.297950439453,-5.737450574133987,,
2019-01-10,52.59000015258789,95.54000091552734,1.1554949283599854,1.279967188835144,,2.6435000896453857,108.18900299072266,2596.639892578125,6986.06982421875,19.5,2624.5965966796875,2741.9669494628906,-5.300102428777742,,
2019-01-11,51.59000015258789,95.66999816894531,1.151012897491455,1.2753963470458984,,2.6695001125335693,108.2979965209961,2596.260009765625,6971.47998046875,18.190000534057617,2622.060595703125,2741.925899658203,-5.3125392597493635,,
2019-01-14,50.5099983215332,95.58999633789062,1.146013617515564,1.2849836349487305,,2.6454999446868896,108.45800018310547,2582.610107421875,6905.919921875,19.06999969482422,2618.9465966796874,2741.7731506347654,-5.805113496572158,,
2019-01-15,52.11000061035156,95.97000122070312,1.1472889184951782,1.2874983549118042,,2.6505000591278076,108.25,2610.300048828125,7023.830078125,18.600000381469727,2616.0435986328125,2741.540300292969,-4.787099115443209,,
2019-01-16,52.310001373291016,96.05999755859375,1.1416828632354736,1.2872166633605957,,2.69350004196167,108.64399719238281,2616.10009765625,7034.68994140625,19.040000915527344,2612.087802734375,2741.4098510742188,-4.570996685113181,,
2019-01-17,52.06999969482422,96.06999969482422,1.1398088932037354,1.2885768413543701,,2.700000047683716,109.03700256347656,2635.9599609375,7084.4599609375,18.059999465942383,2608.670400390625,2741.2697009277344,-3.841640972232474,,
2019-01-18,53.79999923706055,96.33999633789062,1.13926362991333,1.2983977794647217,,2.740999937057495,109.15299987792969,2670.7099609375,7157.22998046875,17.799999237060547,2606.4643994140624,2741.3417504882814,-2.576540832174632,,
2019-01-21,53.79999923706055,96.33999633789062,1.1365574598312378,1.2853471040725708,,2.740999937057495,109.66100311279297,2670.7099609375,7157.22998046875,17.799999237060547,2605.35419921875,2741.3060998535157,-2.575273841902881,,
2019-01-22,52.56999969482422,96.30000305175781,1.136932134628296,1.2891747951507568,,2.688999891281128,109.66999816894531,2632.89990234375,7020.35986328125,20.799999237060547,2603.5685986328126,2740.938649902344,-3.9416696744541597,,
2019-01-23,52.619998931884766,96.12000274658203,1.1364023685455322,1.2957731485366821,,2.694000005722046,109.3550033569336,2638.699951171875,7025.77001953125,19.520000457763672,2602.31099609375,2740.5889501953125,-3.7177774877978758,,
2019-01-24,53.130001068115234,96.5999984741211,1.1388224363327026,1.308215618133545,,2.6735000610351562,109.49199676513672,2642.330078125,7073.4599609375,18.889999389648438,2600.5535986328123,2740.334951171875,-3.5763829894212193,,
2019-01-25,53.689998626708984,95.79000091552734,1.1313496828079224,1.3121638298034668,,2.73799991607666,109.59700012207031,2664.760009765625,7164.85986328125,17.420000076293945,2599.1233984375,2740.3080517578123,-2.756917856141243,,
2019-01-28,51.9900016784668,95.75,1.1413049697875977,1.3208470344543457,,2.6875,109.4000015258789,2643.85009765625,7085.68017578125,18.8700008392334,2598.18580078125,2740.175852050781,-3.515312870246618,,
2019-01-29,53.310001373291016,95.81999969482422,1.143000841140747,1.3160146474838257,,2.7320001125335693,109.25399780273438,2640.0,7028.2900390625,19.1299991607666,2598.1480029296877,2740.2030517578123,-3.656774693887487,,
2019-01-30,54.22999954223633,95.33999633789062,1.1435366868972778,1.30804443359375,,2.7730000019073486,109.41699981689453,2681.050048828125,7183.080078125,17.65999984741211,2598.7704052734375,2740.4113024902344,-2.1661439510254312,,
2019-01-31,53.790000915527344,95.58000183105469,1.1487650871276855,1.3117163181304932,,2.7890000343322754,108.98100280761719,2704.10009765625,7281.740234375,16.56999969482422,2599.85380859375,2740.5971032714842,-1.331717295171454,,
2019-02-01,55.2599983215332,95.58000183105469,1.1449507474899292,1.3109424114227295,,2.7750000953674316,108.84400177001953,2706.530029296875,7263.8701171875,16.139999389648438,2601.3332080078126,2740.780203857422,-1.249650537914078,,
2019-02-04,54.560001373291016,95.8499984741211,1.1455278396606445,1.3077365159988403,,2.7950000762939453,109.43800354003906,2724.8701171875,7347.5400390625,15.729999542236328,2602.361611328125,2741.164304199219,-0.5944257696175879,,
2019-02-05,53.65999984741211,96.0999984741211,1.1436283588409424,1.3031013011932373,,2.816999912261963,109.96099853515625,2737.699951171875,7402.080078125,15.569999694824219,2603.4722119140624,2741.5788037109373,-0.1414824382874573,,
2019-02-06,54.0099983215332,96.41999816894531,1.140992522239685,1.2957228422164917,,2.8355000019073486,109.94100189208984,2731.610107421875,7375.27978515625,15.380000114440918,2603.22861328125,2742.058504638672,-0.3810420966263677,,
2019-02-07,52.63999938964844,96.51000213623047,1.1365960836410522,1.2934435606002808,,2.8285000324249268,109.9739990234375,2706.050048828125,7288.35009765625,16.3700008392334,2602.59361328125,2742.4401049804687,-1.3269225492384236,,
2019-02-08,52.720001220703125,96.63999938964844,1.1338768005371094,1.2949174642562866,,2.809999942779541,109.75599670410156,2707.8798828125,7298.2001953125,15.720000267028809,2601.5478125,2742.6624047851565,-1.26820282044086,,
2019-02-11,52.40999984741211,97.05999755859375,1.1324259042739868,1.293677806854248,,2.7915000915527344,109.80999755859375,2709.800048828125,7307.89990234375,15.970000267028809,2599.9364111328123,2742.8482556152344,-1.2048864431144592,,
2019-02-12,53.099998474121094,96.70999908447266,1.1279042959213257,1.2864052057266235,,2.7744998931884766,110.4000015258789,2744.72998046875,7414.6201171875,15.430000305175781,2600.8298095703126,2743.2123059082032,0.0553247212138145,,
2019-02-13,53.900001525878906,97.12999725341797,1.1334655284881592,1.2892080545425415,,2.7739999294281006,110.51499938964844,2753.030029296875,7420.3798828125,15.649999618530273,2601.889208984375,2743.488505859375,0.34778798661346005,,
2019-02-14,54.40999984741211,96.9800033569336,1.12649405002594,1.2856775522232056,,2.7760000228881836,110.9229965209961,2745.72998046875,7426.9501953125,16.219999313354492,2602.8848095703124,2743.6018054199217,0.07756865608646869,,
2019-02-15,55.59000015258789,96.91999816894531,1.1295350790023804,1.2798361778259277,,2.802500009536743,110.53800201416016,2775.60009765625,7472.41015625,14.90999984741211,2605.7352099609375,2743.8412060546875,1.1574609905078266,,
2019-02-18,55.59000015258789,96.91999816894531,1.1298030614852905,1.290555715560913,,2.802500009536743,110.56400299072266,2775.60009765625,7472.41015625,14.90999984741211,2608.4928125,2744.0685571289064,1.1490799107561214,,
2019-02-19,56.09000015258789,96.5199966430664,1.131196141242981,1.2924071550369263,,2.881500005722046,110.59100341796875,2779.760009765625,7486.77001953125,14.880000114440918,2611.352412109375,2744.410107421875,1.288069237471139,,
2019-02-20,56.91999816894531,96.44999694824219,1.1343011856079102,1.3061310052871704,,2.930000066757202,110.5719985961914,2784.699951171875,7489.06982421875,14.020000457763672,2614.025009765625,2744.721307373047,1.45656477732129,,
2019-02-21,56.959999084472656,96.61000061035156,1.1346358060836792,1.30451238155365,,2.9024999141693115,110.76499938964844,2774.8798828125,7459.7099609375,14.460000038146973,2616.511806640625,2744.995057373047,1.0887023406174225,,
2019-02-22,57.2599983215332,96.51000213623047,1.1343011856079102,1.3041380643844604,,2.9609999656677246,110.70800018310547,2792.669921875,7527.5400390625,13.510000228881836,2620.3662060546876,2745.393557128906,1.7220250489527178,,
2019-02-25,55.47999954223633,96.41000366210938,1.1342240571975708,1.306557536125183,,2.950000047683716,110.77200317382812,2796.110107421875,7554.4599609375,14.850000381469727,2625.369609375,2745.7090576171877,1.8356296587529537,,
2019-02-26,55.5,96.0,1.1367511749267578,1.31271493434906,,2.944000005722046,111.0459976196289,2793.89990234375,7549.2998046875,15.170000076293945,2630.3244091796873,2746.056357421875,1.7422637664579026,,
2019-02-27,56.939998626708984,96.1500015258789,1.1393154859542847,1.3258028030395508,,2.9590001106262207,110.55599975585938,2792.3798828125,7554.509765625,14.699999809265137,2636.0328076171877,2746.351806640625,1.6759715947745664,,
2019-02-28,57.220001220703125,96.16000366210938,1.1380189657211304,1.3318239450454712,,2.950000047683716,110.86199951171875,2784.489990234375,7532.52978515625,14.779999732971191,2642.374208984375,2746.6354565429688,1.3782147026912537,,
2019-03-01,55.79999923706055,96.52999877929688,1.1373459100723267,1.3264886140823364,,2.933500051498413,111.35700225830078,2803.68994140625,7595.35009765625,13.569999694824219,2650.11560546875,2747.047255859375,2.0619479852797435,,
2019-03-04,56.59000015258789,96.68000030517578,1.1375917196273804,1.3239772319793701,,2.9110000133514404,111.93800354003906,2792.81005859375,7577.56982421875,14.630000114440918,2658.9498046875,2747.404655761719,1.6526652794596222,,
2019-03-05,56.560001373291016,96.8499984741211,1.1337354183197021,1.3178529739379883,,2.936000108718872,111.7770004272461,2789.64990234375,7576.35986328125,14.739999771118164,2667.72080078125,2747.903604736328,1.5192053147522186,,
2019-03-06,56.220001220703125,96.87000274658203,1.1307101249694824,1.3156682252883911,,2.9184999465942383,111.86599731445312,2771.449951171875,7505.919921875,15.739999771118164,2673.79580078125,2748.1408044433592,0.8481787647426268,,
2019-03-07,56.65999984741211,97.66999816894531,1.1314009428024292,1.3182177543640137,,2.9114999771118164,111.62300109863281,2748.929931640625,7421.4599609375,16.59000015258789,2678.9977978515626,2748.3591040039064,0.020769761705702966,,
2019-03-08,56.06999969482422,97.37000274658203,1.1198333501815796,1.3092432022094727,,2.8940000534057617,111.63400268554688,2743.070068359375,7408.14013671875,16.049999237060547,2684.1443994140627,2748.4013537597657,-0.1939776879056471,,
2019-03-11,56.790000915527344,97.22000122070312,1.1232421398162842,1.2988362312316895,,2.9000000953674316,111.08000183105469,2783.300048828125,7558.06005859375,14.329999923706055,2689.6733984375,2748.5835034179686,1.263070427621539,,
2019-03-12,56.869998931884766,96.94000244140625,1.1259232759475708,1.3248542547225952,,2.927500009536743,111.34200286865234,2791.52001953125,7591.02978515625,13.770000457763672,2695.366796875,2748.7971032714845,1.5542404424436698,,
2019-03-13,58.2599983215332,96.55000305175781,1.1287446022033691,1.3066771030426025,,2.933500051498413,111.30599975585938,2810.919921875,7643.41015625,13.40999984741211,2701.3845947265627,2748.9899523925783,2.2528263309409726,,
2019-03-14,58.61000061035156,96.79000091552734,1.133105993270874,1.3285682201385498,,2.8884999752044678,111.19599914550781,2808.47998046875,7630.91015625,13.5,2708.596396484375,2749.1805017089846,2.156987463096833,,
2019-03-15,58.52000045776367,96.5999984741211,1.1308379173278809,1.3258554935455322,,2.9035000801086426,111.75299835205078,2822.47998046875,7688.52978515625,12.880000114440918,2714.407197265625,2749.3977514648436,2.6581177265082547,,
2019-03-18,59.09000015258789,96.5199966430664,1.1319772005081177,1.329716444015503,,2.9035000801086426,111.56099700927734,2832.93994140625,7714.47998046875,13.100000381469727,2720.072197265625,2749.652451171875,3.029018820137753,,
2019-03-19,59.029998779296875,96.37999725341797,1.133619785308838,1.326435923576355,,2.9195001125335693,111.37300109863281,2832.570068359375,7723.9501953125,13.5600004196167,2725.235400390625,2749.8810510253907,3.007003423044455,,
2019-03-20,59.83000183105469,95.76000213623047,1.135486125946045,1.3271400928497314,,2.9154999256134033,111.4010009765625,2824.22998046875,7728.97021484375,13.90999984741211,2730.02080078125,2750.124051513672,2.694639498690616,,
2019-03-21,59.97999954223633,96.5,1.1427918672561646,1.320533037185669,,2.9000000953674316,110.66000366210938,2854.8798828125,7838.9599609375,13.630000114440918,2735.1856005859377,2750.4860009765625,3.795470393191324,,
2019-03-22,59.040000915527344,96.6500015258789,1.1375011205673218,1.313232183456421,,2.8359999656677246,110.80599975585938,2800.7099609375,7642.669921875,16.479999542236328,2739.274599609375,2750.5912512207033,1.8221067813894272,,
2019-03-25,58.81999969482422,96.56999969482422,1.129586100578308,1.3206549882888794,,2.8494999408721924,110.08100128173828,2798.360107421875,7637.5400390625,16.329999923706055,2743.589599609375,2750.7143017578123,1.7321248387597052,,
2019-03-26,59.939998626708984,96.73999786376953,1.131580114364624,1.3215277194976807,,2.8505001068115234,110.06800079345703,2818.4599609375,7691.52001953125,14.680000305175781,2747.7527978515627,2750.9936511230467,2.4524342245177975,,
2019-03-27,59.40999984741211,96.7699966430664,1.127484679222107,1.321143627166748,,2.8580000400543213,110.55400085449219,2805.3701171875,7643.3798828125,15.149999618530273,2751.5381982421877,2751.1839013671874,1.9695599335756864,,
2019-03-28,59.29999923706055,97.19999694824219,1.1251758337020874,1.3152703046798706,,2.868499994277954,110.48999786376953,2815.43994140625,7669.169921875,14.430000305175781,2755.1277978515627,2751.5123010253906,2.323363786417959,,
2019-03-29,60.13999938964844,97.27999877929688,1.1230024099349976,1.30565345287323,,2.936000108718872,110.63700103759766,2834.39990234375,7729.31982421875,13.710000038146973,2758.4015966796874,2751.909901123047,2.9975545778965786,,
2019-04-01,61.59000015258789,97.25,1.1223849058151245,1.3022867441177368,,2.9205000400543213,110.99500274658203,2867.18994140625,7828.91015625,13.399999618530273,2762.3311962890625,2752.6605004882813,4.1606816713377075,,
2019-04-02,62.58000183105469,97.36000061035156,1.1205737590789795,1.3068991899490356,,2.9040000438690186,111.45099639892578,2867.239990234375,7848.68994140625,13.359999656677246,2767.017998046875,2753.3814001464843,4.135227690643701,,
2019-04-03,62.459999084472656,97.08999633789062,1.1203854084014893,1.312766671180725,,2.946500062942505,111.30500030517578,2873.39990234375,7895.5498046875,13.739999771118164,2771.7119970703125,2754.2502502441407,4.326028547661844,,
2019-04-04,62.099998474121094,97.30999755859375,1.1246949434280396,1.3176966905593872,,2.9084999561309814,111.3949966430664,2879.389892578125,7891.77978515625,13.579999923706055,2776.453193359375,2755.0656494140626,4.512569172008778,,
2019-04-05,63.08000183105469,97.4000015258789,1.1225864887237549,1.3077024221420288,,2.8924999237060547,111.65799713134766,2892.739990234375,7938.68994140625,12.819999694824219,2781.01279296875,2755.9374987792967,4.963918503800359,,
2019-04-08,64.4000015258789,97.05000305175781,1.121956706047058,1.3038150072097778,,2.929500102996826,111.71099853515625,2895.77001953125,7953.8798828125,13.180000305175781,2786.05119140625,2756.782799072266,5.041645664132745,,
2019-04-09,63.97999954223633,97.01000213623047,1.1256444454193115,1.306335687637329,,2.93149995803833,111.45600128173828,2878.199951171875,7909.27978515625,14.279999732971191,2790.8151904296874,2757.6076989746093,4.37307497517166,,
2019-04-10,64.61000061035156,96.94999694824219,1.126697063446045,1.305721640586853,,2.922499895095825,111.1050033569336,2888.2099609375,7964.240234375,13.300000190734863,2794.958388671875,2758.482648925781,4.702850389950349,,
2019-04-11,63.58000183105469,97.18000030517578,1.1276500225067139,1.3099292516708374,,2.885999917984009,110.98500061035156,2888.320068359375,7947.35986328125,13.020000457763672,2798.6427880859374,2759.2411987304686,4.678056767501726,,
2019-04-12,63.88999938964844,96.97000122070312,1.1260753870010376,1.3056023120880127,,2.946000099182129,111.62100219726562,2907.409912109375,7984.16015625,12.010000228881836,2802.6603857421874,2759.9791479492187,5.341734710919957,,
2019-04-15,63.400001525878906,96.94000244140625,1.1305055618286133,1.3083868026733398,,2.934000015258789,112.02799987792969,2905.580078125,7976.009765625,12.319999694824219,2806.2745849609373,2760.586198730469,5.2522858899030425,,
2019-04-16,64.05000305175781,97.04000091552734,1.1304928064346313,1.3102725744247437,,2.930500030517578,111.94300079345703,2907.06005859375,8000.22998046875,12.180000305175781,2809.661787109375,2761.1522985839842,5.284306848433981,,
2019-04-17,63.7599983215332,97.01000213623047,1.128502607345581,1.3046314716339111,,2.9755001068115234,111.99299621582031,2900.449951171875,7996.080078125,12.600000381469727,2813.038583984375,2761.7844482421874,5.020866238056522,,
2019-04-18,64.0,97.47000122070312,1.129713773727417,1.3039339780807495,,2.927500009536743,112.03600311279297,2905.030029296875,7998.06005859375,12.09000015258789,2817.01818359375,2762.3181481933593,5.166381041114096,,
2019-04-19,64.0,97.47000122070312,1.1235954761505127,1.2994438409805298,,2.927500009536743,111.98899841308594,2905.030029296875,7998.06005859375,12.09000015258789,2820.9611865234374,2762.836748046875,5.146640725353036,,
2019-04-22,65.69999694824219,97.27999877929688,1.1244546175003052,1.299376368522644,,2.9065001010894775,111.91000366210938,2907.969970703125,8015.27001953125,12.420000076293945,2824.9245849609374,2763.3844482421873,5.232189916712811,,
2019-04-23,66.30000305175781,97.56999969482422,1.1258978843688965,1.2981449365615845,,2.8984999656677246,111.92900085449219,2933.679931640625,8120.81982421875,12.279999732971191,2828.703583984375,2764.00509765625,6.1387308629876,,
2019-04-24,65.88999938964844,98.0999984741211,1.122435212135315,1.2938116788864136,,2.9175000190734863,111.87699890136719,2927.25,8102.009765625,13.140000343322754,2832.1879833984376,2764.5632470703126,5.884718069014743,,
2019-04-25,65.20999908447266,98.19999694824219,1.1153494119644165,1.2904890775680542,,2.877500057220459,112.12999725341797,2926.169921875,8118.68017578125,13.25,2835.7967822265623,2765.1716467285155,5.822360985690062,,
2019-04-26,63.29999923706055,98.01000213623047,1.113684892654419,1.289607048034668,,2.9700000286102295,111.53900146484375,2939.8798828125,8146.39990234375,12.729999542236328,2839.0823779296875,2765.861895751953,6.29163687918832,,
2019-04-29,63.5,97.86000061035156,1.1150261163711548,1.2920230627059937,,2.8949999809265137,111.59300231933594,2943.030029296875,8161.85009765625,13.109999656677246,2842.4309765625,2766.542145996094,6.379367238493183,,
2019-04-30,63.90999984741211,97.4800033569336,1.1185182332992554,1.2932428121566772,,2.9014999866485596,111.677001953125,2945.830078125,8095.39013671875,13.119999885559082,2845.7523779296876,2767.169296875,6.456445633874446,,
2019-05-01,63.599998474121094,97.69000244140625,1.121604323387146,1.3039849996566772,,2.802999973297119,111.3949966430664,2923.72998046875,8049.64013671875,14.800000190734863,2848.532978515625,2767.5575964355467,5.642967800718739,,
2019-05-02,61.810001373291016,97.83000183105469,1.1200841665267944,1.3053126335144043,,2.7839999198913574,111.4520034790039,2917.52001953125,8036.77001953125,14.420000076293945,2851.38578125,2767.957996826172,5.403334258560666,,
2019-05-03,61.939998626708984,97.5199966430664,1.1173559427261353,1.3033220767974854,,2.825000047683716,111.49500274658203,2945.639892578125,8164.0,12.869999885559082,2854.4451806640627,2768.5920959472655,6.394867517321402,,
2019-05-06,62.25,97.5199966430664,1.1185808181762695,1.3150626420974731,,2.8369998931884766,110.62300109863281,2932.469970703125,8123.2900390625,15.4399995803833,2857.1723779296876,2769.2414453125,5.894340692716484,,
2019-05-07,61.400001525878906,97.62999725341797,1.1201846599578857,1.3099292516708374,,2.7939999103546143,110.80500030517578,2884.050048828125,7963.759765625,19.31999969482422,2858.975380859375,2769.5802453613283,4.133110194532842,,
2019-05-08,62.119998931884766,97.62000274658203,1.1191065311431885,1.3068820238113403,,2.7855000495910645,110.25700378417969,2879.419921875,7943.31982421875,19.399999618530273,2860.716181640625,2769.9105444335937,3.9535348049949155,,
2019-05-09,61.70000076293945,97.37000274658203,1.1198333501815796,1.3012022972106934,,2.7834999561309814,110.02799987792969,2870.719970703125,7910.58984375,19.100000381469727,2862.44078125,2770.128044433594,3.631309623815568,,
2019-05-10,61.65999984741211,97.33000183105469,1.1222084760665894,1.3009653091430664,,2.7850000858306885,109.80699920654297,2881.39990234375,7916.93994140625,16.040000915527344,2863.99498046875,2770.3332934570312,4.009142479319571,,
2019-05-13,61.040000915527344,97.31999969482422,1.1236460208892822,1.3010668754577637,,2.7295000553131104,109.65399932861328,2811.8701171875,7647.02001953125,20.549999237060547,2864.376181640625,2770.14064453125,1.5064026708763463,,
2019-05-14,61.779998779296875,97.52999877929688,1.1232547760009766,1.2963106632232666,,2.734499931335449,109.15399932861328,2834.409912109375,7734.490234375,18.059999465942383,2865.2713818359375,2770.0204443359376,2.324512366148751,,
2019-05-15,62.02000045776367,97.56999969482422,1.1204482316970825,1.2906556129455566,,2.753499984741211,109.6709976196289,2850.9599609375,7822.14990234375,16.440000534057617,2866.86158203125,2769.9867443847656,2.923234803086363,,
2019-05-16,62.869998931884766,97.83999633789062,1.1207244396209717,1.2847524881362915,,2.758500099182129,109.4749984741211,2876.320068359375,7898.0498046875,15.289999961853027,2869.409384765625,2770.1004443359375,3.8345044216943918,,
2019-05-17,62.7599983215332,98.0,1.1173559427261353,1.2797706127166748,,2.747999906539917,109.87100219726562,2859.530029296875,7816.27978515625,15.960000038146973,2871.738583984375,2770.2316943359374,3.2234969783761587,,
2019-05-20,63.099998474121094,97.93000030517578,1.1165324449539185,1.2731555700302124,,2.7360000610351562,110.16000366210938,2840.22998046875,7702.3798828125,16.309999465942383,2872.8771826171874,2770.323194580078,2.5234162579095156,,
2019-05-21,62.9900016784668,98.05999755859375,1.1168566942214966,1.2729123830795288,,2.7235000133514404,110.06999969482422,2864.360107421875,7785.72021484375,14.949999809265137,2874.333984375,2770.4451953125,3.3898852165809306,,
2019-05-22,61.41999816894531,98.11000061035156,1.1168566942214966,1.2729123830795288,,2.686000108718872,110.06999969482422,2856.27001953125,7750.83984375,14.75,2875.240986328125,2770.634694824219,3.090819762959191,,
2019-05-23,57.90999984741211,97.8499984741211,1.1155484914779663,1.2664159536361694,,2.686500072479248,110.22100067138672,2822.239990234375,7628.27978515625,16.920000076293945,2875.5161865234377,2770.5424450683595,1.8659719600412024,,
2019-05-24,58.630001068115234,97.61000061035156,1.1184556484222412,1.2664639949798584,,2.7065000534057617,109.55799865722656,2826.06005859375,7637.009765625,15.850000381469727,2875.5877880859375,2770.4220959472655,2.0082846844123496,,
2019-05-27,58.630001068115234,97.61000061035156,1.1209630966186523,1.2724751234054565,,2.7065000534057617,109.4010009765625,2826.06005859375,7637.009765625,15.850000381469727,2875.4501904296876,2770.267145996094,2.0139903358524256,,
2019-05-28,59.13999938964844,97.95999908447266,1.1193821430206299,1.2682307958602905,,2.7035000324249268,109.50900268554688,2802.389892578125,7607.35009765625,17.5,2874.8465869140623,2769.964295654297,1.1706142557396622,,
2019-05-29,58.810001373291016,98.13999938964844,1.1170687675476074,1.2659670114517212,,2.672499895095825,109.34600067138672,2783.02001953125,7547.31005859375,17.899999618530273,2874.0223876953123,2769.570295410156,0.48562494129082945,,
2019-05-30,56.59000015258789,98.13999938964844,1.1137346029281616,1.2629451751708984,,2.6605000495910645,109.54199981689453,2788.860107421875,7567.72021484375,17.299999237060547,2872.7019921875,2769.229696044922,0.7088762411073922,,
2019-05-31,53.5,97.75,1.1131147146224976,1.2609704732894897,,2.6459999084472656,109.35700225830078,2752.06005859375,7453.14990234375,18.709999084472656,2871.728994140625,2768.6165466308594,-0.5980058183664702,,
2019-06-03,53.25,97.13999938964844,1.1174057722091675,1.2639508247375488,,2.6554999351501465,108.21199798583984,2744.449951171875,7333.02001953125,18.860000610351562,2870.650791015625,2767.855096435547,-0.845605873436547,,
2019-06-04,53.47999954223633,97.06999969482422,1.124631643295288,1.2664159536361694,,2.6735000610351562,108.0270004272461,2803.27001953125,7527.1201171875,16.969999313354492,2870.3469921875,2767.3838464355467,1.2967544470538657,,
2019-06-05,51.68000030517578,97.37000274658203,1.1254037618637085,1.2702767848968506,,2.627000093460083,108.25399780273438,2826.14990234375,7575.47998046875,16.09000015258789,2870.762587890625,2766.944395751953,2.1397432735798514,,
2019-06-06,52.59000015258789,97.02999877929688,1.1229015588760376,1.2688584327697754,,2.6540000438690186,108.3280029296875,2843.489990234375,7615.5498046875,15.930000305175781,2871.3235888671875,2766.6561962890623,2.7771355923576784,,
2019-06-07,53.9900016784668,96.61000061035156,1.1276500225067139,1.269841194152832,,2.630500078201294,108.4540023803711,2873.340087890625,7742.10009765625,16.299999237060547,2872.102392578125,2766.515296630859,3.861348295809535,,
2019-06-10,53.2599983215332,96.76000213623047,1.1320157051086426,1.2722970247268677,,2.6640000343322754,108.4489974975586,2886.72998046875,7823.169921875,15.9399995803833,2872.493193359375,2766.441346435547,4.348136069763061,,
2019-06-11,53.27000045776367,96.69000244140625,1.1318106651306152,1.2691160440444946,,2.67549991607666,108.35900115966797,2885.719970703125,7822.56982421875,15.989999771118164,2872.86279296875,2766.386346435547,4.313700594327255,,
2019-06-12,51.13999938964844,97.0,1.1329518556594849,1.2724426984786987,,2.6589999198913574,108.4739990234375,2879.840087890625,7792.72021484375,15.90999984741211,2872.9915966796875,2766.342546386719,4.1028014282667895,,
2019-06-13,52.279998779296875,97.01000213623047,1.1295605897903442,1.2693415880203247,,2.6610000133514404,108.48799896240234,2891.639892578125,7837.1298828125,15.819999694824219,2873.2365966796874,2766.410495605469,4.5267828896538305,,
2019-06-14,52.5099983215332,97.56999969482422,1.1280443668365479,1.268005609512329,,2.634500026702881,108.32099914550781,2886.97998046875,7796.66015625,15.279999732971191,2873.121396484375,2766.4869958496092,4.355450967234222,,
2019-06-17,51.93000030517578,97.55999755859375,1.1217050552368164,1.2596044540405273,,2.6510000228881836,108.57599639892578,2889.669921875,7845.02001953125,15.350000381469727,2872.99939453125,2766.549696044922,4.450316797348398,,
2019-06-18,53.900001525878906,97.63999938964844,1.1224603652954102,1.2541544437408447,,2.7070000171661377,108.53900146484375,2917.75,7953.8798828125,15.149999618530273,2873.7903955078127,2766.698996582031,5.4596110239883915,,
2019-06-19,53.7599983215332,97.12000274658203,1.1198208332061768,1.2566603422164917,,2.684499979019165,108.572998046875,2926.4599609375,7987.31982421875,14.329999923706055,2874.5553955078126,2766.886696777344,5.767249679794075,,
2019-06-20,56.650001525878906,96.62999725341797,1.1238480806350708,1.2656625509262085,,2.7155001163482666,108.11499786376953,2954.179931640625,8051.33984375,14.75,2875.8725927734376,2767.136696777344,6.759450484723615,,
2019-06-21,57.43000030517578,96.22000122070312,1.1295605897903442,1.2707933187484741,,2.7060000896453857,107.2770004272461,2950.4599609375,8031.7099609375,15.399999618530273,2876.73359375,2767.3640966796875,6.6162549581926315,,
2019-06-24,57.900001525878906,95.9800033569336,1.1384724378585815,1.2750873565673828,,2.7054998874664307,107.31199645996094,2945.35009765625,8005.7001953125,15.260000228881836,2877.528994140625,2767.646846923828,6.420734311891521,,
2019-06-25,57.83000183105469,96.16000366210938,1.140029788017273,1.2739664316177368,,2.7355000972747803,107.3270034790039,2917.3798828125,7884.72021484375,16.280000686645508,2877.735390625,2767.7121960449217,5.407631869435498,,
2019-06-26,59.380001068115234,96.20999908447266,1.1369967460632324,1.2690677642822266,,2.7109999656677246,107.16600036621094,2913.780029296875,7909.97021484375,16.209999084472656,2878.0019921875,2767.741346435547,5.276457030546046,,
2019-06-27,59.43000030517578,96.19000244140625,1.1374752521514893,1.269841194152832,,2.7125000953674316,107.73799896240234,2924.919921875,7967.759765625,15.819999694824219,2878.3997900390623,2767.7121960449217,5.680060450459015,,
2019-06-28,58.470001220703125,96.12999725341797,1.1372941732406616,1.267748475074768,,2.7054998874664307,107.74700164794922,2941.760009765625,8006.240234375,15.079999923706055,2879.1343896484377,2767.772646484375,6.286186963450515,,
2019-07-01,59.09000015258789,96.83999633789062,1.1364928483963013,1.2694543600082397,,2.679500102996826,108.38200378417969,2964.330078125,8091.16015625,14.0600004196167,2880.261591796875,2767.9974462890623,7.09294844542406,,
2019-07-02,56.25,96.7300033569336,1.1287446022033691,1.2644623517990112,,2.6575000286102295,108.36599731445312,2973.010009765625,8109.08984375,12.930000305175781,2881.048193359375,2768.284696044922,7.395385092190711,,
2019-07-03,57.34000015258789,96.7699966430664,1.1293054819107056,1.25982666015625,,2.679500102996826,107.80500030517578,2995.820068359375,8170.22998046875,12.569999694824219,2882.4195947265625,2768.733946533203,8.201803647855439,,
2019-07-04,57.34000015258789,96.7699966430664,1.1287955045700073,1.2582731246948242,,2.679500102996826,107.77899932861328,2995.820068359375,8170.22998046875,12.569999694824219,2883.81259765625,2769.143046875,8.185818415562961,,
2019-07-05,57.5099983215332,97.25,1.128579020500183,1.2583048343658447,,2.6584999561309814,107.80799865722656,2990.409912109375,8161.7900390625,13.279999732971191,2884.8231982421876,2769.525196533203,7.975544539283043,,
2019-07-08,57.65999984741211,97.37999725341797,1.1227376461029053,1.2525520324707031,,2.6559998989105225,108.4739990234375,2975.949951171875,8098.3798828125,13.960000038146973,2885.4815966796873,2769.7819958496093,7.443472288837132,,
2019-07-09,57.83000183105469,97.48999786376953,1.121604323387146,1.2516427040100098,,2.624500036239624,108.72100067138672,2979.6298828125,8141.72998046875,14.09000015258789,2886.1575927734375,2770.0629956054686,7.56541954242543,,
2019-07-10,60.43000030517578,97.0999984741211,1.120824933052063,1.2458575963974,,2.693000078201294,108.92400360107422,2993.070068359375,8202.5302734375,13.029999732971191,2887.54439453125,2770.4007958984375,8.037438943513084,,
2019-07-11,60.20000076293945,97.05000305175781,1.125885248184204,1.2508130073547363,,2.682499885559082,108.33399963378906,2999.909912109375,8196.0400390625,12.930000305175781,2889.1921923828127,2770.892294921875,8.265121585823211,,
2019-07-12,60.209999084472656,96.80999755859375,1.1252391338348389,1.2523481845855713,,2.691499948501587,108.58799743652344,3013.77001953125,8244.1396484375,12.390000343322754,2890.554794921875,2771.5332946777344,8.74017011878193,,
2019-07-15,59.58000183105469,96.93000030517578,1.1272051334381104,1.2571974992752075,,2.7074999809265137,107.83200073242188,3014.300048828125,8258.1904296875,12.680000305175781,2892.191396484375,2772.182645263672,8.733818602396756,,
2019-07-16,57.619998931884766,97.4000015258789,1.1261768341064453,1.251799464225769,,2.69350004196167,107.88899993896484,3004.0400390625,8222.7998046875,12.859999656677246,2894.5911962890623,2772.8011450195313,8.33954120577009,,
2019-07-17,56.779998779296875,97.22000122070312,1.1212271451950073,1.2412029504776,,2.7100000381469727,108.20099639892578,2984.419921875,8185.2099609375,13.970000267028809,2896.6911962890626,2773.7948449707033,7.593390595782197,,
2019-07-18,55.29999923706055,96.79000091552734,1.12296462059021,1.2434717416763306,,2.7039999961853027,107.93699645996094,2995.110107421875,8207.240234375,13.529999732971191,2899.1789990234374,2775.128544921875,7.9268963199033715,,
2019-07-19,55.630001068115234,97.1500015258789,1.1261515617370605,1.2541857957839966,,2.744499921798706,107.4010009765625,2976.610107421875,8146.490234375,14.449999809265137,2901.083203125,2776.175946044922,7.219793171340649,,
2019-07-22,56.220001220703125,97.26000213623047,1.1218308210372925,1.2512825727462769,,2.7144999504089355,107.80999755859375,2985.030029296875,8204.1396484375,13.529999732971191,2904.5464013671876,2777.347145996094,7.4777430542013095,,
2019-07-23,56.77000045776367,97.70999908447266,1.1206114292144775,1.2474894523620605,,2.694000005722046,107.90399932861328,3005.469970703125,8251.400390625,12.609999656677246,2907.9676025390627,2778.3248962402345,8.175612390411013,,
2019-07-24,55.880001068115234,97.7300033569336,1.1151255369186401,1.243904948234558,,2.7039999961853027,108.23200225830078,3019.56005859375,8321.5,12.069999694824219,2911.3396044921874,2779.3766467285154,8.641628767657098,,
2019-07-25,56.02000045776367,97.81999969482422,1.1142433881759644,1.2485953569412231,,2.695499897003174,108.18900299072266,3003.669921875,8238.5400390625,12.739999771118164,2913.8866015625,2780.551096191406,8.024266340194421,,
2019-07-26,56.20000076293945,98.01000213623047,1.1146159172058105,1.2453454732894897,,2.676500082015991,108.66600036621094,3025.860107421875,8330.2099609375,12.15999984741211,2917.213203125,2781.841496582031,8.771837329325288,,
2019-07-29,56.869998931884766,98.04000091552734,1.1132138967514038,1.2376697063446045,,2.7095000743865967,108.63300323486328,3020.969970703125,8293.330078125,12.829999923706055,2920.8280029296875,2783.1669470214842,8.544331986125913,,
2019-07-30,58.04999923706055,98.05000305175781,1.1143054962158203,1.2217471599578857,,2.6705000400543213,108.86599731445312,3013.179931640625,8273.6103515625,13.9399995803833,2923.8043994140626,2784.5293969726563,8.2114606122154,,
2019-07-31,58.58000183105469,98.5199966430664,1.1157974004745483,1.2161602973937988,,2.6579999923706055,108.56199645996094,2980.3798828125,8175.419921875,16.1200008392334,2926.2865966796876,2786.1507958984375,6.971233832712572,,
2019-08-01,53.95000076293945,98.38999938964844,1.1071745157241821,1.215376853942871,,2.6600000858306885,108.81999969482422,2953.56005859375,8111.1201171875,17.8700008392334,2928.912998046875,2787.390745849609,5.961464605978366,,
2019-08-02,55.65999984741211,98.0999984741211,1.1078859567642212,1.2124298810958862,,2.565000057220459,107.43099975585938,2932.050048828125,8004.06982421875,17.610000610351562,2931.0327978515625,2788.757546386719,5.1382201592628425,,
2019-08-05,54.689998626708984,97.5,1.1108025312423706,1.215214490890503,,2.5369999408721924,106.5770034790039,2844.739990234375,7726.0400390625,24.59000015258789,2931.406396484375,2789.7749963378906,1.9702303579549039,,
2019-08-06,53.630001068115234,97.62999725341797,1.1243788003921509,1.2158203125,,2.5510001182556152,105.59300231933594,2881.77001953125,7833.27001953125,20.170000076293945,2932.9939990234375,2790.7706970214845,3.260723735091769,,
2019-08-07,51.09000015258789,97.54000091552734,1.1206992864608765,1.2169743776321411,,2.565000057220459,106.33699798583984,2883.97998046875,7862.830078125,19.489999771118164,2935.0131982421876,2791.6318969726562,3.3080322515385805,,
2019-08-08,52.540000915527344,97.62000274658203,1.1204355955123901,1.2143291234970093,,2.6019999980926514,106.12100219726562,2938.090087890625,8039.16015625,16.90999984741211,2937.9977978515626,2792.620496826172,5.209071237204632,,
2019-08-09,54.5,97.48999786376953,1.1187183856964111,1.2143733501434326,,2.5840001106262207,105.8740005493164,2918.64990234375,7959.14013671875,17.969999313354492,2941.3295947265624,2793.5984460449217,4.476357598060369,,
2019-08-12,54.93000030517578,97.37999725341797,1.1208499670028687,1.2021976709365845,,2.5799999237060547,105.38200378417969,2882.699951171875,7863.41015625,21.09000015258789,2944.0945947265627,2794.3203955078125,3.162828278609093,,
2019-08-13,57.099998474121094,97.80999755859375,1.1218308210372925,1.207875370979309,,2.624500036239624,105.35800170898438,2926.320068359375,8016.35986328125,17.520000457763672,2946.555595703125,2795.17474609375,4.691846992711291,,
2019-08-14,55.22999954223633,97.98999786376953,1.1177055835723877,1.2064181566238403,,2.5864999294281006,106.58999633789062,2840.60009765625,7773.93994140625,22.100000381469727,2946.844599609375,2795.3082971191407,1.6202792580620642,,
2019-08-15,54.470001220703125,98.13999938964844,1.1143302917480469,1.2060399055480957,,2.5894999504089355,105.91600036621094,2847.60009765625,7766.6201171875,21.18000030517578,2946.9268017578124,2795.512147216797,1.8632704025740514,,
2019-08-16,54.869998931884766,98.13999938964844,1.1113580465316772,1.209160566329956,,2.5899999141693115,106.08300018310547,2888.679931640625,7895.990234375,18.469999313354492,2947.2335986328126,2796.050496826172,3.312867021521879,,
2019-08-19,56.209999084472656,98.3499984741211,1.109385371208191,1.2161011695861816,,2.5969998836517334,106.43000030517578,2923.64990234375,8002.81005859375,16.8799991607666,2947.9719970703127,2797.037646484375,4.526655406962985,,
2019-08-20,56.34000015258789,98.19000244140625,1.1083157062530518,1.2131506204605103,,2.5739998817443848,106.5739974975586,2900.510009765625,7948.56005859375,17.5,2948.2677978515626,2797.929296875,3.6663082589398184,,
2019-08-21,55.68000030517578,98.30000305175781,1.1097793579101562,1.2162343263626099,,2.5815000534057617,106.27400207519531,2924.429931640625,8020.2099609375,15.800000190734863,2949.1595947265623,2799.043546142578,4.479615391151898,,
2019-08-22,55.349998474121094,98.16999816894531,1.10907781124115,1.213224172592163,,2.553499937057495,106.59700012207031,2922.949951171875,7991.39013671875,16.68000030517578,2949.7857958984373,2800.007296142578,4.3907976668013875,,
2019-08-23,54.16999816894531,97.63999938964844,1.1084016561508179,1.2251899242401123,,2.5260000228881836,106.46800231933594,2847.110107421875,7751.77001953125,19.8700008392334,2948.9883984375,2800.5614965820314,1.662117075331295,,
2019-08-26,53.63999938964844,98.08000183105469,1.1143054962158203,1.2262415885925293,,2.5399999618530273,104.85199737548828,2878.3798828125,7853.740234375,19.31999969482422,2948.76259765625,2801.49974609375,2.744249283832598,,
2019-08-27,54.93000030517578,98.0,1.1103708744049072,1.222195029258728,,2.5434999465942383,105.97799682617188,2869.159912109375,7826.9501953125,20.309999465942383,2947.7907958984374,2802.636096191406,2.3736158971323578,,
2019-08-28,55.779998779296875,98.20999908447266,1.109004020690918,1.2283201217651367,,2.5510001182556152,105.73799896240234,2887.93994140625,7856.8798828125,19.350000381469727,2947.0203955078123,2803.8261462402343,2.999964718882709,,
2019-08-29,56.709999084472656,98.51000213623047,1.1085859537124634,1.2218515872955322,,2.559499979019165,106.06999969482422,2924.580078125,7973.39013671875,17.8799991607666,2946.4283984375,2805.1993969726564,4.255693241670381,,
2019-08-30,55.099998474121094,98.91999816894531,1.1061947345733643,1.218650221824646,,2.5329999923706055,106.43800354003906,2926.4599609375,7962.8798828125,18.979999542236328,2945.9483984375,2806.668896484375,4.2680867915404885,,
2019-09-02,55.099998474121094,98.91999816894531,1.0991789102554321,1.21592378616333,,2.5329999923706055,106.12799835205078,2926.4599609375,7962.8798828125,18.979999542236328,2945.570595703125,2807.933946533203,4.221111203510828,,
2019-09-03,53.939998626708984,98.94999694824219,1.0968520641326904,1.2066656351089478,,2.512500047683716,106.19300079345703,2906.27001953125,7874.16015625,19.65999984741211,2945.3483984375,2809.0544470214845,3.4607934571309484,,
2019-09-04,56.2599983215332,98.44999694824219,1.0974539518356323,1.2090436220169067,,2.5789999961853027,105.86100006103516,2937.780029296875,7976.8798828125,17.329999923706055,2945.8283984375,2810.024396972656,4.5464243108299955,,
2019-09-05,56.29999923706055,98.41000366210938,1.10349702835083,1.2248897552490234,,2.624500036239624,106.32499694824219,2976.0,8116.830078125,16.270000457763672,2946.85,2811.2153967285158,5.861685428418197,,
2019-09-06,56.52000045776367,98.38999938964844,1.1036310195922852,1.2323921918869019,,2.615499973297119,107.0719985961914,2978.7099609375,8103.06982421875,15.0,2947.5889990234373,2812.308096923828,5.916914444604642,,
2019-09-09,57.849998474121094,98.27999877929688,1.1020619869232178,1.2283051013946533,,2.6105000972747803,106.94499969482422,2978.429931640625,8087.43994140625,15.270000457763672,2947.87099609375,2813.2483959960937,5.871558866953343,,
2019-09-10,57.400001525878906,98.33000183105469,1.1048381328582764,1.2345373630523682,,2.6105000972747803,107.33699798583984,2979.389892578125,8084.16015625,15.199999809265137,2947.99859375,2814.6450451660157,5.853130493134424,,
2019-09-11,55.75,98.6500015258789,1.1050333976745605,1.2354830503463745,,2.5975000858306885,107.5999984741211,3000.929931640625,8169.68017578125,14.609999656677246,2948.100791015625,2816.14939453125,6.561460747366773,,
2019-09-12,55.09000015258789,98.30999755859375,1.1013457775115967,1.233471393585205,,2.623500108718872,108.02100372314453,3009.570068359375,8194.4697265625,14.220000267028809,2948.375791015625,2817.7174951171874,6.808793769235145,,
2019-09-13,54.849998474121094,98.26000213623047,1.1058276891708374,1.2329391241073608,,2.680999994277954,108.1760025024414,3007.389892578125,8176.7099609375,13.739999771118164,2948.715390625,2819.589044189453,6.660575191824064,,
2019-09-16,62.900001525878906,98.6500015258789,1.1083402633666992,1.2497344017028809,,2.621000051498413,107.76499938964844,2997.9599609375,8153.5400390625,14.670000076293945,2949.1555908203127,2821.390244140625,6.258252191931605,,
2019-09-17,59.34000015258789,98.26000213623047,1.100594401359558,1.2428536415100098,,2.609499931335449,108.16100311279297,3005.699951171875,8186.02001953125,14.4399995803833,2949.6769921875,2823.23484375,6.462980145835592,,
2019-09-18,58.11000061035156,98.5999984741211,1.1074687242507935,1.2502655982971191,,2.5954999923706055,108.08699798583984,3006.72998046875,8177.39013671875,13.949999809265137,2949.9501904296876,2825.013143310547,6.432424485829276,,
2019-09-19,58.130001068115234,98.2699966430664,1.1031439304351807,1.247053861618042,,2.5910000801086426,108.42500305175781,3006.7900390625,8182.8798828125,14.050000190734863,2950.08779296875,2826.794393310547,6.367482763440549,,
2019-09-20,58.09000015258789,98.51000213623047,1.1048502922058105,1.2525050640106201,,2.5899999141693115,108.04100036621094,2992.070068359375,8117.669921875,15.319999694824219,2949.6537939453124,2828.7549938964844,5.7733905840297375,,
2019-09-23,58.63999938964844,98.5999984741211,1.1019041538238525,1.2471938133239746,,2.5945000648498535,107.6520004272461,2991.780029296875,8112.4599609375,14.90999984741211,2949.2033935546874,2830.9841943359374,5.67985632991693,,
2019-09-24,57.290000915527344,98.33999633789062,1.0993722677230835,1.243456244468689,,2.5894999504089355,107.61399841308594,2966.60009765625,7993.6298828125,17.049999237060547,2948.4545947265624,2833.086395263672,4.712659049712889,,
2019-09-25,56.4900016784668,99.04000091552734,1.1016855239868164,1.2485953569412231,,2.5950000286102295,107.16300201416016,2984.8701171875,8077.3798828125,15.960000038146973,2948.4635986328126,2835.475946044922,5.268751136858045,,
2019-09-26,56.40999984741211,99.20999908447266,1.0952903032302856,1.2359564304351807,,2.559999942779541,107.69200134277344,2977.6201171875,8030.66015625,16.06999969482422,2948.113798828125,2838.0269470214844,4.918669652256789,,
2019-09-27,55.90999984741211,99.11000061035156,1.0922753810882568,1.2331976890563965,,2.5829999446868896,107.75599670410156,2961.7900390625,7939.6298828125,17.219999313354492,2947.8173974609376,2840.7527966308594,4.260745340995214,,
2019-09-30,54.06999969482422,99.37999725341797,1.0942714214324951,1.2293167114257812,,2.564500093460083,107.94400024414062,2976.739990234375,7999.33984375,16.239999771118164,2947.6515966796874,2843.88099609375,4.671749427037034,,
2019-10-01,53.619998931884766,99.12999725341797,1.0899657011032104,1.2289994955062866,,2.552000045776367,108.06900024414062,2940.25,7908.68017578125,18.559999465942383,2946.347197265625,2846.8267456054687,3.281662803637244,,
2019-10-02,52.63999938964844,99.04000091552734,1.0934937000274658,1.2292261123657227,,2.561500072479248,107.73699951171875,2887.610107421875,7785.25,20.559999465942383,2943.7081982421873,2848.9262963867186,1.3578382524047363,,
2019-10-03,52.45000076293945,98.86000061035156,1.0963709354400635,1.230436086654663,,2.5455000400543213,107.16300201416016,2910.6298828125,7872.259765625,19.1200008392334,2941.8473974609374,2851.0352954101563,2.09027883654349,,
2019-10-04,52.810001373291016,98.80999755859375,1.0975382328033447,1.2342326641082764,,2.555500030517578,106.82599639892578,2952.010009765625,7982.47021484375,17.040000915527344,2940.3703955078126,2853.3666455078123,3.4570868911330233,,
2019-10-07,52.75,98.98999786376953,1.098659634590149,1.2334411144256592,,2.572000026702881,106.76399993896484,2938.7900390625,7956.2900390625,17.860000610351562,2938.726796875,2855.526345214844,2.9158790282984284,,
2019-10-08,52.630001068115234,99.13999938964844,1.0972130298614502,1.2288031578063965,,2.563499927520752,107.2509994506836,2893.06005859375,7823.77978515625,20.280000686645508,2936.3243994140626,2857.4573950195313,1.2459560599669184,,
2019-10-09,52.59000015258789,99.12000274658203,1.0960105657577515,1.2219561338424683,,2.562000036239624,106.96099853515625,2919.39990234375,7903.740234375,18.639999389648438,2935.1047998046874,2859.5042443847656,2.094616858030621,,
2019-10-10,53.54999923706055,98.70999908447266,1.0987803936004639,1.2212995290756226,,2.6050000190734863,107.1780014038086,2938.1298828125,7950.77978515625,17.56999969482422,2934.7961962890627,2861.9554443359375,2.661622095735922,,
2019-10-11,54.70000076293945,98.30000305175781,1.1011033058166504,1.2433171272277832,,2.618499994277954,107.87999725341797,2970.27001953125,8057.0400390625,15.579999923706055,2935.560595703125,2864.1470947265625,3.7052190859917746,,
2019-10-14,53.59000015258789,98.44999694824219,1.1030004024505615,1.261899709701538,,2.623500108718872,108.45899963378906,2966.14990234375,8048.64990234375,14.569999694824219,2937.9887939453124,2866.22939453125,3.4861308729562217,,
2019-10-15,52.810001373291016,98.29000091552734,1.1029006242752075,1.2611771821975708,,2.6040000915527344,108.38800048828125,2995.679931640625,8148.7099609375,13.539999961853027,2940.2669921875,2868.3357446289065,4.43965415311567,,
2019-10-16,53.36000061035156,98.01000213623047,1.1034727096557617,1.2760635614395142,,2.5794999599456787,108.81700134277344,2989.68994140625,8124.18017578125,13.680000305175781,2942.38119140625,2870.35939453125,4.157338175224831,,
2019-10-17,53.93000030517578,97.61000061035156,1.107493281364441,1.2823801040649414,,2.5869998931884766,108.677001953125,2997.949951171875,8156.85009765625,13.789999961853027,2943.578388671875,2872.365944824219,4.372145080397882,,
2019-10-18,53.779998779296875,97.27999877929688,1.1127183437347412,1.286860466003418,,2.625,108.58100128173828,2986.199951171875,8089.5400390625,14.25,2944.9293896484373,2874.31564453125,3.892554627864162,,
2019-10-21,53.310001373291016,97.33000183105469,1.1155734062194824,1.2900229692459106,,2.634999990463257,108.40799713134766,3006.719970703125,8162.990234375,14.0,2947.4097900390625,2876.4361938476563,4.529347013993553,,
2019-10-22,54.15999984741211,97.52999877929688,1.1151753664016724,1.297168254852295,,2.621999979019165,108.60099792480469,2995.989990234375,8104.2998046875,14.460000038146973,2948.8031884765624,2878.3646435546875,4.086533891495553,,
2019-10-23,55.970001220703125,97.47000122070312,1.112928867340088,1.2884771823883057,,2.6624999046325684,108.48300170898438,3004.52001953125,8119.7900390625,14.010000228881836,2952.0815869140624,2880.3067431640625,4.312501668858271,,
2019-10-24,56.22999954223633,97.62999725341797,1.1132385730743408,1.2923235893249512,,2.6589999198913574,108.64199829101562,3010.2900390625,8185.7998046875,13.710000038146973,2955.3353857421876,2882.1783935546873,4.444958916988073,,
2019-10-25,56.65999984741211,97.83000183105469,1.1103955507278442,1.2840267419815063,,2.6665000915527344,108.60600280761719,3022.550048828125,8243.1201171875,12.649999618530273,2958.0127880859377,2883.9375939941406,4.806361105824472,,
2019-10-28,55.810001373291016,97.76000213623047,1.1084262132644653,1.283202886581421,,2.672499895095825,108.73400115966797,3039.419921875,8325.990234375,13.109999656677246,2960.3281884765624,2885.781143798828,5.323992722258995,,
2019-10-29,55.540000915527344,97.69000244140625,1.1099148988723755,1.2857435941696167,,2.682499885559082,108.96399688720703,3036.889892578125,8276.849609375,13.199999809265137,2963.0557861328125,2887.80109375,5.162710103226796,,
2019-10-30,55.060001373291016,97.6500015258789,1.1114816665649414,1.2866700887680054,,2.680500030517578,108.8740005493164,3046.77001953125,8303.98046875,12.329999923706055,2965.502587890625,2889.841444091797,5.430352442355945,,
2019-10-31,54.18000030517578,97.3499984741211,1.1154489517211914,1.290172815322876,,2.632999897003174,108.78900146484375,3037.56005859375,8292.3603515625,13.220000267028809,2967.7947900390627,2891.8175939941407,5.039822183193503,,
2019-11-01,56.20000076293945,97.23999786376953,1.1157102584838867,1.2939623594284058,,2.6510000228881836,107.99600219726562,3066.909912109375,8386.400390625,12.300000190734863,2972.1907861328127,2893.8283435058593,5.981058586005425,,
2019-11-04,56.540000915527344,97.51000213623047,1.1166571378707886,1.2937614917755127,,2.6670000553131104,108.22000122070312,3078.27001953125,8433.2001953125,12.829999923706055,2976.1885888671877,2896.0004431152342,6.2938380016250255,,
2019-11-05,57.22999954223633,97.9800033569336,1.1128545999526978,1.2891582250595093,,2.694999933242798,108.69400024414062,3074.6201171875,8434.6796875,13.100000381469727,2980.29779296875,2898.173543701172,6.08819902692898,,
2019-11-06,56.349998474121094,97.94999694824219,1.107419729232788,1.288062334060669,,2.6610000133514404,109.14600372314453,3076.780029296875,8410.6298828125,12.619999885559082,2984.0745947265623,2900.1521936035156,6.090295401838711,,
2019-11-07,57.150001525878906,98.13999938964844,1.1070396900177002,1.2856775522232056,,2.7239999771118164,108.91300201416016,3085.179931640625,8434.51953125,12.729999542236328,2987.286591796875,2902.0575927734376,6.310086309906107,,
2019-11-08,57.2400016784668,98.3499984741211,1.1019697189331055,1.2779992818832397,,2.677999973297119,109.27400207519531,3093.080078125,8475.3095703125,12.069999694824219,2990.618994140625,2903.990343017578,6.511376167695376,,
2019-11-11,56.86000061035156,98.19999694824219,1.102244257926941,1.2796396017074585,,2.6600000858306885,109.22599792480469,3087.010009765625,8464.2802734375,12.6899995803833,2993.8299951171875,2905.801042480469,6.236110615834572,,
2019-11-12,56.79999923706055,98.30999755859375,1.1035456657409668,1.2858428955078125,,2.6419999599456787,109.04199981689453,3091.840087890625,8486.08984375,12.680000305175781,2997.541396484375,2907.5717431640624,6.3375338943842925,,
2019-11-13,57.119998931884766,98.37000274658203,1.1012367010116577,1.285214900970459,,2.6364998817443848,108.99299621582031,3094.0400390625,8482.099609375,13.0,3000.6665966796877,2909.383892822266,6.346915809075555,,
2019-11-14,56.77000045776367,98.16000366210938,1.1013215780258179,1.2853800058364868,,2.618499994277954,108.7979965209961,3096.6298828125,8479.01953125,13.050000190734863,3003.0791943359377,2911.3367919921875,6.364536433227946,,
2019-11-15,57.720001220703125,98.0,1.1020498275756836,1.2881784439086914,,2.634999990463257,108.49199676513672,3120.4599609375,8540.830078125,12.050000190734863,3005.9141943359373,2913.3996923828126,7.107169987559682,,
2019-11-18,57.04999923706055,97.79000091552734,1.105509877204895,1.2921231985092163,,2.617500066757202,108.6989974975586,3122.030029296875,8549.9404296875,12.460000038146973,3008.7861962890624,2915.460842285156,7.085301370393597,,
2019-11-19,55.209999084472656,97.86000061035156,1.1072357892990112,1.2950851917266846,,2.6535000801086426,108.66200256347656,3120.179931640625,8570.66015625,12.859999656677246,3011.6019970703123,2917.3380920410154,6.952976761692307,,
2019-11-20,57.11000061035156,97.93000030517578,1.1080001592636108,1.2929502725601196,,2.6465001106262207,108.44499969482422,3108.4599609375,8526.73046875,12.779999732971191,3013.75259765625,2919.1152416992186,6.4863735605060855,,
2019-11-21,58.58000183105469,97.98999786376953,1.1078859567642212,1.2927078008651733,,2.621000051498413,108.47799682617188,3103.5400390625,8506.2099609375,13.130000114440918,3015.6319970703125,2920.9042919921876,6.2527124757568355,,
2019-11-22,57.77000045776367,98.2699966430664,1.1065863370895386,1.2919896841049194,,2.6475000381469727,108.58499908447266,3110.2900390625,8519.8798828125,12.34000015258789,3017.69,2922.5777416992187,6.422833332540996,,
2019-11-25,58.0099983215332,98.31999969482422,1.1022562980651855,1.2853471040725708,,2.6475000381469727,108.7300033569336,3133.639892578125,8632.490234375,11.869999885559082,3020.4035986328126,2924.3679406738283,7.156143007643441,,
2019-11-26,58.40999984741211,98.25,1.1014429330825806,1.289723515510559,,2.674499988555908,108.99199676513672,3140.52001953125,8647.9296875,11.539999961853027,3023.1,2926.171740722656,7.325211839946818,,
2019-11-27,58.11000061035156,98.41000366210938,1.1022562980651855,1.2860909700393677,,2.674499988555908,109.09700012207031,3153.6298828125,8705.1796875,11.75,3026.037998046875,2928.0163903808593,7.705335706891114,,
2019-11-28,58.11000061035156,98.41000366210938,1.1004853248596191,1.2929919958114624,,2.674499988555908,109.36699676513672,3153.6298828125,8705.1796875,11.75,3028.974794921875,2929.9101403808595,7.635720268286423,,
2019-11-29,55.16999816894531,98.2699966430664,1.101176142692566,1.29128897190094,,2.6419999599456787,109.51200103759766,3140.97998046875,8665.4697265625,12.619999885559082,3031.9529931640627,2931.651690673828,7.140285132126621,,
2019-12-02,55.959999084472656,97.86000061035156,1.1019041538238525,1.29128897190094,,2.632499933242798,109.53500366210938,3113.8701171875,8567.990234375,14.90999984741211,3034.394794921875,2933.2404907226564,6.158023081849052,,
2019-12-03,56.099998474121094,97.73999786376953,1.1079105138778687,1.294062852859497,,2.6080000400543213,109.02200317382812,3093.199951171875,8520.6396484375,15.960000038146973,3036.9267919921876,2934.736990966797,5.399562573846707,,
2019-12-04,58.43000030517578,97.6500015258789,1.1085245609283447,1.2997816801071167,,2.6440000534057617,108.65299987792969,3112.760009765625,8566.669921875,14.800000190734863,3039.48458984375,2936.3388916015624,6.008200166154443,,
2019-12-05,58.43000030517578,97.41000366210938,1.108303427696228,1.311131477355957,,2.6484999656677246,108.83200073242188,3117.429931640625,8570.7001953125,14.520000457763672,3042.2807861328124,2938.003591308594,6.107083764731346,,
2019-12-06,59.20000076293945,97.69999694824219,1.1105434894561768,1.3158414363861084,,2.7109999656677246,108.73799896240234,3145.909912109375,8656.5302734375,13.619999885559082,3045.96318359375,2939.7146911621094,7.01412356672456,,
2019-12-09,59.02000045776367,97.63999938964844,1.105888843536377,1.3139568567276,,2.746500015258789,108.62699890136719,3135.9599609375,8621.830078125,15.859999656677246,3049.1475830078125,2941.4304406738283,6.613432620188307,,
2019-12-10,59.2400016784668,97.41000366210938,1.106499433517456,1.314578652381897,,2.755500078201294,108.58200073242188,3132.52001953125,8616.1796875,15.680000305175781,3052.9929833984374,2943.1447912597655,6.434451639412056,,
2019-12-11,58.7599983215332,97.16000366210938,1.1092746257781982,1.3131287097930908,,2.7825000286102295,108.76399993896484,3141.6298828125,8654.0498046875,14.989999771118164,3058.07337890625,2944.9956909179687,6.676892346597612,,
2019-12-12,59.18000030517578,97.4000015258789,1.1135857105255127,1.3200099468231201,,2.7894999980926514,108.54900360107422,3168.570068359375,8717.3203125,13.9399995803833,3063.2321826171874,2947.0938916015625,7.515070265964752,,
2019-12-13,60.06999969482422,97.16999816894531,1.1186057329177856,1.347527265548706,,2.7804999351501465,109.41300201416016,3168.800048828125,8734.8798828125,12.630000114440918,3067.5679833984377,2949.222541503906,7.445267497930118,,
2019-12-16,60.209999084472656,97.06999969482422,1.1124460697174072,1.335327386856079,,2.820499897003174,109.4000015258789,3191.449951171875,8814.23046875,12.140000343322754,3072.621181640625,2951.263291015625,8.138435526489205,,
2019-12-17,60.939998626708984,97.20999908447266,1.1136974096298218,1.3272457122802734,,2.819499969482422,109.57599639892578,3192.52001953125,8823.3603515625,12.289999961853027,3078.610380859375,2953.268291015625,8.101252745762109,,
2019-12-18,60.93000030517578,97.41000366210938,1.115138053894043,1.3122154474258423,,2.816999912261963,109.51599884033203,3191.139892578125,8827.740234375,12.579999923706055,3084.0451806640626,2955.1693908691404,7.98500764247506,,
2019-12-19,61.220001220703125,97.41999816894531,1.1115927696228027,1.3087291717529297,,2.8315000534057617,109.5510025024414,3205.3701171875,8887.2197265625,12.5,3089.3899853515627,2957.1538415527343,8.393755919862219,,
2019-12-20,60.439998626708984,97.70999908447266,1.1125946044921875,1.3017443418502808,,2.811000108718872,109.38300323486328,3221.219970703125,8924.9599609375,12.510000228881836,3094.408984375,2959.1475415039063,8.856348847885684,,
2019-12-23,60.52000045776367,97.66000366210938,1.1079840660095215,1.3005423545837402,,2.816999912261963,109.4990005493164,3224.010009765625,8945.650390625,12.609999656677246,3099.5661865234374,2961.102891845703,8.878689039949151,,
2019-12-24,61.11000061035156,97.6500015258789,1.109385371208191,1.2944984436035156,,2.8385000228881836,109.38200378417969,3223.3798828125,8952.8798828125,12.670000076293945,3104.120185546875,2963.056940917969,8.785620630492572,,
2019-12-25,61.11000061035156,97.6500015258789,1.1090162992477417,1.2934937477111816,,2.8385000228881836,109.38300323486328,3223.3798828125,8952.8798828125,12.670000076293945,3108.793984375,2965.0526904296876,8.712398036521108,,
2019-12-26,61.68000030517578,97.58999633789062,1.1095454692840576,1.2973533868789673,,2.864500045776367,109.36900329589844,3239.909912109375,9022.3896484375,12.649999618530273,3113.63318359375,2966.9778405761717,9.198992584326186,,
2019-12-27,61.720001220703125,96.91999816894531,1.110111951828003,1.3002209663391113,,2.8364999294281006,109.54199981689453,3240.02001953125,9006.6201171875,13.430000305175781,3118.7095849609377,2969.1743908691406,9.121917173171736,,
2019-12-30,61.68000030517578,96.73999786376953,1.1182304620742798,1.3091918230056763,,2.827500104904175,109.4280014038086,3221.2900390625,8945.990234375,14.819999694824219,3123.000986328125,2971.289040527344,8.413890238385765,,
2019-12-31,61.060001373291016,96.38999938964844,1.120229721069336,1.3113033771514893,,2.7939999103546143,108.87300109863281,3230.780029296875,8972.599609375,13.779999732971191,3127.696787109375,2973.3506408691405,8.65788867580331,,
2020-01-01,61.060001373291016,96.38999938964844,1.1220825910568237,1.326259970664978,,2.7939999103546143,108.68099975585938,3230.780029296875,8972.599609375,13.779999732971191,3132.2219873046874,2975.4776904296873,8.580213512887056,,
2020-01-02,61.18000030517578,96.8499984741211,1.1220825910568237,1.3250298500061035,,2.8329999446868896,108.71299743652344,3257.85009765625,9092.1904296875,12.470000267028809,3137.1731884765627,2977.6897412109374,9.4086483412936,,
2020-01-03,63.04999923706055,96.83999633789062,1.1171437501907349,1.3152703046798706,,2.7985000610351562,108.54299926757812,3234.85009765625,9020.76953125,14.020000457763672,3141.419189453125,2979.6919921875,8.563237614416282,,
2020-01-06,63.27000045776367,96.66999816894531,1.1161960363388062,1.308010220527649,,2.80049991607666,107.96399688720703,3246.280029296875,9071.4697265625,13.850000381469727,3145.5563916015626,2981.587442626953,8.877572493286074,,
2020-01-07,62.70000076293945,96.9800033569336,1.1197994947433472,1.317002534866333,,2.803999900817871,108.40599822998047,3237.179931640625,9068.580078125,13.789999961853027,3149.5621923828126,2983.4371423339844,8.50504894861415,,
2020-01-08,59.61000061035156,97.30000305175781,1.1154738664627075,1.31137216091156,,2.819000005722046,108.01599884033203,3253.050048828125,9129.240234375,13.449999809265137,3153.68779296875,2985.335393066406,8.967657583248428,,
2020-01-09,59.560001373291016,97.44999694824219,1.1113210916519165,1.3105130195617676,,2.810499906539917,109.03099822998047,3274.699951171875,9203.4296875,12.539999961853027,3158.4305908203123,2987.311943359375,9.620287846113529,,
2020-01-10,59.040000915527344,97.36000061035156,1.1111111640930176,1.3070186376571655,,2.81850004196167,109.50700378417969,3265.35009765625,9178.8603515625,12.5600004196167,3162.39939453125,2989.1749938964845,9.23917483331287,,
2020-01-13,58.08000183105469,97.3499984741211,1.1116669178009033,1.3045634031295776,,2.8615000247955322,109.56600189208984,3288.1298828125,9273.9296875,12.319999694824219,3166.596591796875,2991.1367932128906,9.929104221295013,,
2020-01-14,58.22999954223633,97.37000274658203,1.1135733127593994,1.2988194227218628,,2.875999927520752,109.99199676513672,3283.14990234375,9251.330078125,12.390000343322754,3170.7671875,2993.16154296875,9.688363130824433,,
2020-01-15,57.810001373291016,97.2300033569336,1.113089919090271,1.3022528886795044,,2.869999885559082,109.85399627685547,3289.2900390625,9258.7001953125,12.420000076293945,3175.0173876953127,2995.166943359375,9.819923271897384,,
2020-01-16,58.52000045776367,97.31999969482422,1.1154004335403442,1.3041210174560547,,2.8519999980926514,109.88300323486328,3316.81005859375,9357.1298828125,12.319999694824219,3179.649990234375,2997.309393310547,10.659582424032394,,
2020-01-17,58.540000915527344,97.61000061035156,1.1139578819274902,1.3078734874725342,,2.8494999408721924,110.17500305175781,3329.6201171875,9388.9404296875,12.100000381469727,3184.380791015625,2999.4204443359376,11.008782495802036,,
2020-01-20,58.540000915527344,97.61000061035156,1.1094592809677124,1.3007283210754395,,2.8494999408721924,110.18000030517578,3329.6201171875,9388.9404296875,12.100000381469727,3189.2329931640625,3001.54064453125,10.930369150722795,,
2020-01-21,58.34000015258789,97.52999877929688,1.109693169593811,1.3005592823028564,,2.7985000610351562,110.1729965209961,3320.7900390625,9370.8095703125,12.850000381469727,3193.8119921875,3003.6092944335937,10.55998678712035,,
2020-01-22,56.7400016784668,97.52999877929688,1.108561396598816,1.3048017024993896,,2.7669999599456787,109.90799713134766,3321.75,9383.76953125,12.90999984741211,3198.36619140625,3005.7157946777343,10.514440715980939,,
2020-01-23,55.59000015258789,97.69000244140625,1.1096439361572266,1.3144749402999878,,2.7260000705718994,109.72799682617188,3325.5400390625,9402.48046875,12.979999542236328,3202.94439453125,3007.8183447265624,10.563194246520275,,
2020-01-24,54.189998626708984,97.8499984741211,1.1055220365524292,1.311991572380066,,2.685499906539917,109.552001953125,3295.469970703125,9314.91015625,14.5600004196167,3206.4445947265626,3009.770544433594,9.492398907216254,,
2020-01-27,53.13999938964844,97.95999908447266,1.1025358438491821,1.3061821460723877,,2.5964999198913574,108.802001953125,3243.6298828125,9139.3095703125,18.229999542236328,3208.876591796875,3011.4488439941406,7.709944642805667,,
2020-01-28,53.47999954223633,98.0199966430664,1.101976990699768,1.3060115575790405,,2.5794999599456787,108.91999816894531,3276.239990234375,9269.6796875,16.280000686645508,3211.99779296875,3013.1616442871095,8.73097354222786,,
2020-01-29,53.33000183105469,97.98999786376953,1.1022562980651855,1.3024563789367676,,2.553499937057495,109.13200378417969,3273.39990234375,9275.16015625,16.389999389648438,3215.296591796875,3014.892393798828,8.574352738977764,,
2020-01-30,52.13999938964844,97.87000274658203,1.1016855239868164,1.3022021055221558,,2.5234999656677246,108.98699951171875,3283.659912109375,9298.9296875,15.489999771118164,3218.8989892578124,3016.67984375,8.850129353716733,,
2020-01-31,51.560001373291016,97.38999938964844,1.1029127836227417,1.3089004755020142,,2.5199999809265137,108.87699890136719,3225.52001953125,9150.9404296875,18.84000015258789,3221.2035888671876,3018.108044433594,6.872251491466433,,
2020-02-03,50.11000061035156,97.80000305175781,1.1089794635772705,1.31816565990448,,2.513000011444092,108.37200164794922,3248.919921875,9273.400390625,17.969999313354492,3223.509189453125,3019.6374938964846,7.593044808920213,,
2020-02-04,49.61000061035156,97.95999908447266,1.1062926054000854,1.2997479438781738,,2.547499895095825,108.61199951171875,3297.590087890625,9467.9697265625,16.049999237060547,3226.6505908203126,3021.3962939453127,9.14126341184661,,
2020-02-05,50.75,98.2699966430664,1.1047282218933105,1.3032711744308472,,2.5789999961853027,109.4469985961914,3334.68994140625,9508.6796875,15.149999618530273,3230.2717919921874,3023.45109375,10.294158496548365,,
2020-02-06,50.95000076293945,98.5,1.1002310514450073,1.2997140884399414,,2.5985000133514404,109.81400299072266,3345.780029296875,9572.150390625,14.960000038146973,3234.114794921875,3025.592393798828,10.582642795979217,,
2020-02-07,50.31999969482422,98.68000030517578,1.0982975959777832,1.2930254936218262,,2.559000015258789,109.96800231933594,3327.7099609375,9520.509765625,15.470000267028809,3237.84939453125,3027.502744140625,9.916001476064412,,
2020-02-10,49.56999969482422,98.83000183105469,1.0949305295944214,1.2891582250595093,,2.557499885559082,109.6449966430664,3352.090087890625,9628.3896484375,15.039999961853027,3242.6137939453124,3029.6008447265626,10.644611607017449,,
2020-02-11,49.939998626708984,98.72000122070312,1.0913456678390503,1.2918227910995483,,2.5885000228881836,109.76599884033203,3357.75,9638.9404296875,15.180000305175781,3247.904794921875,3031.969344482422,10.744853212663038,,
2020-02-12,51.16999816894531,99.05000305175781,1.091941475868225,1.2956557273864746,,2.6059999465942383,109.84300231933594,3379.449951171875,9725.9599609375,13.739999771118164,3253.23859375,3034.4694946289064,11.368723829769696,,
2020-02-13,51.41999816894531,99.06999969482422,1.0875948667526245,1.295756459236145,,2.619499921798706,109.84600067138672,3373.93994140625,9711.9697265625,14.149999618530273,3258.3687939453125,3036.9855944824217,11.095026184385105,,
2020-02-14,52.04999923706055,99.12000274658203,1.0845986604690552,1.3046824932098389,,2.6054999828338623,109.75800323486328,3380.159912109375,9731.1796875,13.680000305175781,3263.0537939453125,3039.47939453125,11.20851545139904,,
2020-02-17,52.04999923706055,99.12000274658203,1.0841753482818604,1.3052955865859985,,2.6054999828338623,109.79100036621094,3380.159912109375,9731.1796875,13.680000305175781,3267.93779296875,3042.3208435058596,11.104649574507139,,
2020-02-18,52.04999923706055,99.45999908447266,1.0840108394622803,1.3008975982666016,,2.609999895095825,109.83000183105469,3370.2900390625,9732.740234375,14.829999923706055,3272.693193359375,3045.000244140625,10.682751029259109,,
2020-02-19,53.290000915527344,99.5999984741211,1.079540491104126,1.3002209663391113,,2.612499952316284,109.91899871826172,3386.14990234375,9817.1796875,14.380000114440918,3277.58359375,3047.676193847656,11.105960310986147,,
2020-02-20,53.779998779296875,99.87000274658203,1.081009864807129,1.2928247451782227,,2.5950000286102295,111.20999908447266,3373.22998046875,9750.9697265625,15.5600004196167,3281.6767919921876,3050.160743408203,10.59187578093194,,
2020-02-21,53.380001068115234,99.26000213623047,1.078799843788147,1.2883278131484985,,2.618000030517578,111.9540023803711,3337.75,9576.58984375,17.079999923706055,3285.055791015625,3052.5518432617187,9.342942278534435,,
2020-02-24,51.43000030517578,99.29000091552734,1.0839051008224487,1.29537034034729,,2.5924999713897705,111.55699920654297,3225.889892578125,9221.2802734375,25.030000686645508,3285.74458984375,3054.4801428222654,5.611748701613138,,
2020-02-25,49.900001525878906,98.97000122070312,1.0849199295043945,1.292657732963562,,2.5964999198913574,110.85700225830078,3128.2099609375,8965.6103515625,27.850000381469727,3284.458388671875,3055.799392089844,2.369611337547094,,
2020-02-26,48.72999954223633,99.0,1.0881996154785156,1.3003394603729248,,2.5764999389648438,110.28600311279297,3116.389892578125,8980.7802734375,27.559999465942383,3282.963388671875,3057.099991455078,1.939416482573963,,
2020-02-27,47.09000015258789,98.44000244140625,1.0885894298553467,1.2906889915466309,,2.571500062942505,110.36299896240234,2978.760009765625,8566.48046875,39.15999984741211,3278.4311865234376,3057.8825915527345,-2.5874957398849183,,
2020-02-28,44.7599983215332,98.12999725341797,1.0997228622436523,1.2888922691345215,,2.5460000038146973,109.66000366210938,2954.219970703125,8567.3701171875,40.11000061035156,3273.0911865234375,3058.5233911132814,-3.410254134829116,,
2020-03-02,46.75,97.36000061035156,1.1051311492919922,1.2807048559188843,,2.6010000705718994,107.6969985961914,3090.22998046875,8952.169921875,33.41999816894531,3270.4155859375,3059.844240722656,0.9930485788033929,,
2020-03-03,47.18000030517578,97.1500015258789,1.1144047975540161,1.2767152786254883,,2.5794999599456787,108.48699951171875,3003.3701171875,8684.08984375,36.81999969482422,3266.015390625,3060.8491418457033,-1.8778783923843851,,
2020-03-04,46.779998779296875,97.33999633789062,1.118067979812622,1.2820841073989868,,2.5929999351501465,107.03700256347656,3130.1201171875,9018.08984375,31.989999771118164,3264.1501953125,3062.5846423339844,2.205179047787787,,
2020-03-05,45.900001525878906,96.81999969482422,1.113908290863037,1.2874983549118042,,2.5824999809265137,107.677001953125,3023.93994140625,8738.58984375,39.619998931884766,3259.8307958984374,3063.7600415039065,-1.2997134096086054,,
2020-03-06,41.279998779296875,95.94999694824219,1.1223849058151245,1.295068383216858,,2.572999954223633,106.24800109863281,2972.3701171875,8575.6201171875,41.939998626708984,3254.4777978515626,3064.861591796875,-3.017802658917099,,
2020-03-09,31.1299991607666,94.9000015258789,1.1386020183563232,1.3099292516708374,,2.5239999294281006,103.93800354003906,2746.56005859375,7950.68017578125,54.459999084472656,3244.9831982421874,3064.8721423339844,-10.3858193411563,,
2020-03-10,34.36000061035156,96.41000366210938,1.1397960186004639,1.3075313568115234,,2.5339999198913574,103.11199951171875,2882.22998046875,8344.25,47.29999923706055,3238.012197265625,3065.2669421386718,-5.971322078142231,,
2020-03-11,32.97999954223633,96.51000213623047,1.1316505670547485,1.2909722328186035,,2.51200008392334,105.0260009765625,2741.3798828125,7952.0498046875,53.900001525878906,3228.2241943359377,3064.8430920410156,-10.55398920970884,,
2020-03-12,31.5,97.47000122070312,1.1261515617370605,1.2818212509155273,,2.4809999465942383,104.55000305175781,2480.639892578125,7201.7998046875,75.47000122070312,3212.679990234375,3063.0288415527343,-19.01349870017483,,
2020-03-13,31.729999542236328,98.75,1.1184931993484497,1.257023572921753,,2.4739999771118164,104.61000061035156,2711.02001953125,7874.8798828125,57.83000183105469,3202.203388671875,3062.2172412109376,-11.468723281722772,,
2020-03-16,28.700000762939453,98.08999633789062,1.115536093711853,1.2399870157241821,,2.3984999656677246,106.68800354003906,2386.1298828125,6904.58984375,82.69000244140625,3185.0003857421875,3059.714240722656,-22.014616559455767,,
2020-03-17,26.950000762939453,99.58000183105469,1.1163206100463867,1.2266627550125122,,2.315500020980835,106.17500305175781,2529.18994140625,7334.77978515625,75.91000366210938,3170.8405859375,3057.931590576172,-17.29082660970506,,
2020-03-18,20.3700008392334,101.16000366210938,1.101552128791809,1.2121652364730835,,2.1605000495910645,107.37699890136719,2398.10009765625,6989.83984375,76.44999694824219,3153.7415869140623,3055.522890625,-21.51588505475983,,
2020-03-19,25.219999313354492,102.76000213623047,1.0961546897888184,1.1625338792800903,,2.200000047683716,108.36000061035156,2409.389892578125,7150.580078125,72.0,3136.4353857421875,3053.111640625,-21.084120851705872,,
2020-03-20,22.43000030517578,102.81999969482422,1.0657345056533813,1.149438500404358,,2.190500020980835,111.29100036621094,2304.919921875,6879.52001953125,66.04000091552734,3117.2267822265626,3050.201340332031,-24.433843386086217,,
2020-03-23,23.360000610351562,102.48999786376953,1.0694386959075928,1.162304162979126,,2.119499921798706,110.46199798583984,2237.39990234375,6860.669921875,61.59000015258789,3096.2121826171874,3046.939990234375,-26.5689541141358,,
2020-03-24,24.010000228881836,101.73999786376953,1.0764610767364502,1.1595547199249268,,2.197499990463257,110.8270034790039,2447.330078125,7417.85986328125,61.66999816894531,3079.4957861328126,3044.587890625,-19.617033042110457,,
2020-03-25,24.489999771118164,101.05000305175781,1.080263614654541,1.1792036294937134,,2.2339999675750732,111.12000274658203,2475.56005859375,7384.2998046875,63.95000076293945,3063.2211865234376,3042.3333911132813,-18.629560263680762,,
2020-03-26,22.600000381469727,99.41999816894531,1.0889569520950317,1.1851149797439575,,2.2079999446868896,110.8759994506836,2630.070068359375,7797.5400390625,61.0,3049.48638671875,3040.712841796875,-13.504819257935432,,
2020-03-27,21.510000228881836,98.37000274658203,1.1048258543014526,1.2200626134872437,,2.197000026702881,109.10900115966797,2541.469970703125,7502.3798828125,65.54000091552734,3033.7233837890626,3038.6678918457033,-16.362364655802434,,
2020-03-30,20.09000015258789,99.18000030517578,1.113908290863037,1.245319128036499,,2.1619999408721924,107.41300201416016,2626.64990234375,7774.14990234375,57.08000183105469,3019.6639794921875,3037.0743908691406,-13.513810848997235,,
2020-03-31,20.479999542236328,99.05000305175781,1.1030466556549072,1.2371643781661987,,2.240000009536743,108.03500366210938,2584.590087890625,7700.10009765625,53.540000915527344,3004.93998046875,3035.4104418945312,-14.852039374369738,,
2020-04-01,20.309999465942383,99.66999816894531,1.102657437324524,1.2408487796783447,,2.191999912261963,107.50800323486328,2470.5,7360.580078125,57.060001373291016,2987.91498046875,3033.194041748047,-18.551204901608045,,
2020-04-02,25.31999969482422,100.18000030517578,1.0953621864318848,1.238236665725708,,2.2330000400543213,107.25700378417969,2526.89990234375,7487.31005859375,50.90999984741211,2971.942177734375,3031.203941650391,-16.63708707874218,,
2020-04-03,28.34000015258789,100.58000183105469,1.0847399234771729,1.2394952774047852,,2.2100000381469727,108.0009994506836,2488.64990234375,7373.080078125,46.79999923706055,2955.8057763671877,3028.9383911132813,-17.837552931241667,,
2020-04-06,26.079999923706055,100.69000244140625,1.0806955099105835,1.2220158576965332,,2.234999895095825,108.69300079345703,2663.679931640625,7913.240234375,45.2400016784668,2944.20677734375,3027.4351403808596,-12.015293206065952,,
2020-04-07,23.6299991607666,99.9800033569336,1.0803803205490112,1.2240501642227173,,2.2885000705718994,109.11499786376953,2659.409912109375,7887.259765625,46.70000076293945,2931.87017578125,3025.867139892578,-12.110816861450589,,
2020-04-08,25.09000015258789,100.12000274658203,1.0895144939422607,1.2338672876358032,,2.2780001163482666,108.6510009765625,2749.97998046875,8090.89990234375,43.349998474121094,2921.40177734375,3024.637939453125,-9.080688812428075,,
2020-04-09,22.760000228881836,99.5199966430664,1.0863661766052246,1.23931086063385,,2.2774999141693115,108.9219970703125,2789.820068359375,8153.580078125,41.66999816894531,2911.52498046875,3023.607939453125,-7.732082855161263,,
2020-04-10,22.760000228881836,99.5199966430664,1.0927408933639526,1.2454850673675537,,2.2774999141693115,108.56099700927734,2789.820068359375,8153.580078125,41.66999816894531,2902.8109814453123,3022.604990234375,-7.701466868052432,,
2020-04-13,22.40999984741211,99.3499984741211,1.0932666063308716,1.2461059093475342,,2.320499897003174,108.33599853515625,2761.6298828125,8192.419921875,41.16999816894531,2893.0651806640626,3021.5333898925783,-8.601708918706287,,
2020-04-14,20.110000610351562,98.88999938964844,1.0922993421554565,1.2523951530456543,,2.3469998836517334,107.62300109863281,2846.06005859375,8515.740234375,37.7599983215332,2884.034580078125,3020.8655407714846,-5.786602542167165,,
2020-04-15,19.8700008392334,99.45999908447266,1.098538875579834,1.26262629032135,,2.3125,107.10399627685547,2783.360107421875,8393.1796875,40.84000015258789,2873.0079833984373,3019.8169909667968,-7.830172631395782,,
2020-04-16,19.8700008392334,100.02999877929688,1.0905101299285889,1.252097249031067,,2.304500102996826,107.60900115966797,2799.550048828125,8532.3603515625,40.11000061035156,2862.0833837890623,3018.8151916503907,-7.263284729344201,,
2020-04-17,18.270000457763672,99.77999877929688,1.0858471393585205,1.2487823963165283,,2.3534998893737793,107.94499969482422,2874.56005859375,8650.1396484375,38.150001525878906,2853.0203857421875,3018.1191418457033,-4.756574426156055,,
2020-04-20,-37.630001068115234,99.95999908447266,1.0866966247558594,1.248751163482666,,2.3345000743865967,107.66999816894531,2823.159912109375,8560.73046875,43.83000183105469,2842.4417822265623,3017.1634411621094,-6.42999734141054,,
2020-04-21,10.010000228881836,100.26000213623047,1.0864840745925903,1.2442762851715088,,2.2669999599456787,107.66899871826172,2736.56005859375,8263.23046875,45.40999984741211,2830.0179833984375,3015.8260412597656,-9.260016288915693,,
2020-04-22,13.779999732971191,100.38999938964844,1.0856467485427856,1.2298610210418701,,2.317500114440918,107.72100067138672,2799.31005859375,8495.3798828125,41.97999954223633,2818.415185546875,3014.900491943359,-7.150830812682737,,
2020-04-23,16.5,100.43000030517578,1.080964207649231,1.2323921918869019,,2.3239998817443848,107.81300354003906,2797.800048828125,8494.75,41.380001068115234,2806.8923876953127,3013.913941650391,-7.170539604190686,,
2020-04-24,16.940000534057617,100.37999725341797,1.077702283859253,1.235223650932312,,2.3480000495910645,107.66699981689453,2836.739990234375,8634.51953125,35.93000030517578,2796.0239892578124,3013.214591064453,-5.85668877860227,,
2020-04-27,12.779999732971191,100.04000091552734,1.08236825466156,1.2366595268249512,,2.381999969482422,107.49500274658203,2878.47998046875,8730.16015625,33.290000915527344,2785.990390625,3012.6818408203126,-4.454564651772895,,
2020-04-28,12.34000015258789,99.87000274658203,1.0824854373931885,1.2422668933868408,,2.378999948501587,107.28299713134766,2863.389892578125,8607.73046875,33.56999969482422,2775.8523876953127,3011.9714404296874,-4.933033091122729,,
2020-04-29,15.0600004196167,99.56999969482422,1.0836584568023682,1.2435646057128906,,2.374500036239624,106.74099731445312,2939.510009765625,8914.7099609375,31.229999542236328,2766.91958984375,3011.571190185547,-2.392810126978345,,
2020-04-30,18.84000015258789,99.0199966430664,1.087725043296814,1.2471472024917603,,2.3540000915527344,106.61000061035156,2912.429931640625,8889.5498046875,34.150001525878906,2757.7035888671876,3011.114990234375,-3.2773593474113287,,
2020-05-01,19.780000686645508,98.80000305175781,1.094546914100647,1.2581465244293213,,2.31850004196167,107.28500366210938,2830.7099609375,8604.9501953125,37.189998626708984,2747.5627880859374,3010.139239501953,-5.960829858293887,,
2020-05-04,20.389999389648438,99.4800033569336,1.0959625244140625,1.2454230785369873,,2.3239998817443848,106.73799896240234,2842.739990234375,8710.7099609375,35.970001220703125,2739.8997900390623,3009.2480895996096,-5.533212763039056,,
2020-05-05,24.559999465942383,99.70999908447266,1.0904293060302734,1.244555115699768,,2.3410000801086426,106.6969985961914,2868.43994140625,8809.1201171875,33.61000061035156,2734.7043896484374,3008.5243896484376,-4.656251042011902,,
2020-05-06,23.989999771118164,100.08999633789062,1.0838581323623657,1.2444202899932861,,2.3524999618530273,106.4520034790039,2848.419921875,8854.3896484375,34.119998931884766,2729.344990234375,3007.86458984375,-5.30092573007193,,
2020-05-07,23.549999237060547,99.88999938964844,1.0798553228378296,1.232559323310852,,2.385499954223633,106.19100189208984,2881.18994140625,8979.66015625,31.440000534057617,2727.3935888671876,3007.5027392578127,-4.199922952779553,,
2020-05-08,24.739999771118164,99.7300033569336,1.0837171077728271,1.237593173980713,,2.4084999561309814,106.35900115966797,2929.800048828125,9121.3203125,27.979999542236328,2726.9051904296875,3007.4914892578126,-2.5832638498624747,,
2020-05-11,24.139999389648438,100.23999786376953,1.0839520692825317,1.2417423725128174,,2.381999969482422,106.91899871826172,2930.18994140625,9192.33984375,27.56999969482422,2723.7043896484374,3007.9187390136717,-2.5841388797926705,,
2020-05-12,25.780000686645508,99.93000030517578,1.080940842628479,1.2333498001098633,,2.3605000972747803,107.56600189208984,2870.1201171875,9002.5498046875,33.040000915527344,2721.0393896484375,3007.860489501953,-4.579347107194466,,
2020-05-13,25.290000915527344,100.23999786376953,1.0846810340881348,1.2254902124404907,,2.3489999771118164,107.13800048828125,2820.0,8863.169921875,35.279998779296875,2714.8369873046877,3007.5405895996096,-6.2356794201928505,,
2020-05-14,27.559999465942383,100.47000122070312,1.08236825466156,1.224155068397522,,2.3510000705718994,106.93299865722656,2852.5,8943.7197265625,32.61000061035156,2711.4081884765624,3007.112639160156,-5.141564607414812,,
2020-05-15,29.43000030517578,100.4000015258789,1.0806955099105835,1.2233912944793701,,2.3334999084472656,107.36499786376953,2863.699951171875,9014.5595703125,31.889999389648438,2709.23478515625,3006.8378894042967,-4.760414212446273,,
2020-05-18,31.81999969482422,99.66999816894531,1.0821340084075928,1.2085760831832886,,2.4049999713897705,107.20800018310547,2953.909912109375,9234.830078125,29.299999237060547,2713.3817822265623,3007.1939392089844,-1.7718852916292211,,
2020-05-19,32.5,99.37000274658203,1.0915124416351318,1.2200031280517578,,2.4230000972747803,107.38099670410156,2922.93994140625,9185.099609375,30.530000686645508,2714.1959814453126,3007.177038574219,-2.8012017944878913,,
2020-05-20,33.4900016784668,99.12000274658203,1.0927767753601074,1.2255953550338745,,2.4674999713897705,107.80999755859375,2971.610107421875,9375.7802734375,27.989999771118164,2718.8005859375,3007.8320886230467,-1.2042554282926665,,
2020-05-21,33.91999816894531,99.37000274658203,1.0982975959777832,1.2236906290054321,,2.4519999027252197,107.59100341796875,2948.510009765625,9284.8798828125,29.530000686645508,2728.15798828125,3008.3366381835935,-1.9886946048063066,,
2020-05-22,33.25,99.86000061035156,1.0952903032302856,1.2223445177078247,,2.4089999198913574,107.63099670410156,2955.449951171875,9324.58984375,28.15999984741211,2733.0465869140626,3008.67048828125,-1.7689054789040104,,
2020-05-25,33.25,99.86000061035156,1.0907801389694214,1.218605637550354,,2.4089999198913574,107.73500061035156,2955.449951171875,9324.58984375,28.15999984741211,2744.43298828125,3008.829488525391,-1.7740964570138147,,
2020-05-26,34.349998474121094,98.91000366210938,1.0902997255325317,1.220137119293213,,2.438499927520752,107.68699645996094,2991.77001953125,9340.2197265625,28.010000228881836,2753.68458984375,3009.2857885742187,-0.5820573476096327,,
2020-05-27,32.810001373291016,99.05999755859375,1.0981770753860474,1.23350191116333,,2.4024999141693115,107.49099731445312,3036.1298828125,9412.3603515625,27.6200008392334,2766.445185546875,3009.844288330078,0.8733207423499516,,
2020-05-28,33.709999084472656,98.37999725341797,1.1016855239868164,1.2264822721481323,,2.4130001068115234,107.7979965209961,3029.72998046875,9368.990234375,28.59000015258789,2778.8519873046876,3010.3781884765626,0.6428359089985493,,
2020-05-29,35.4900016784668,98.33999633789062,1.1079105138778687,1.2321492433547974,,2.426500082015991,107.64299774169922,3044.31005859375,9489.8701171875,27.510000228881836,2793.6397900390625,3011.364188232422,1.0940513435761607,,
2020-06-01,35.439998626708984,97.83000183105469,1.1118524074554443,1.2347996234893799,,2.4744999408721924,107.70800018310547,3055.72998046875,9552.0498046875,28.229999542236328,2810.0063916015624,3012.2509387207033,1.4434070279188682,,
2020-06-02,36.810001373291016,97.66999816894531,1.1125946044921875,1.248704433441162,,2.494499921798706,107.5479965209961,3080.820068359375,9608.3798828125,26.84000015258789,2822.67619140625,3013.309239501953,2.2404215263542064,,
2020-06-03,37.290000915527344,97.27999877929688,1.118943691253662,1.2581465244293213,,2.496500015258789,108.80899810791016,3122.8701171875,9682.91015625,25.65999984741211,2835.622392578125,3014.4838903808595,3.595515210829228,,
2020-06-04,37.40999984741211,96.68000030517578,1.1235954761505127,1.2575136423110962,,2.493000030517578,108.9990005493164,3112.35009765625,9615.8095703125,25.809999465942383,2845.2679931640623,3015.4227404785156,3.214387020320509,,
2020-06-05,39.54999923706055,96.94000244140625,1.1337867975234985,1.2609069347381592,,2.556999921798706,109.1500015258789,3193.929931640625,9814.080078125,24.520000457763672,2858.3171923828127,3016.7600903320313,5.872851536202006,,
2020-06-08,38.189998626708984,96.62000274658203,1.1319515705108643,1.2725722789764404,,2.569999933242798,109.63400268554688,3232.389892578125,9924.75,25.809999465942383,2870.4319921875,3018.2897399902345,7.093426113179686,,
2020-06-09,38.939998626708984,96.31999969482422,1.1305567026138306,1.2735283374786377,,2.6005001068115234,108.40899658203125,3207.179931640625,9953.75,27.56999969482422,2882.8837890625,3019.7942895507813,6.205245262508223,,
2020-06-10,39.599998474121094,95.95999908447266,1.1332215070724487,1.2711325883865356,,2.6570000648498535,107.7969970703125,3190.139892578125,10020.349609375,27.56999969482422,2897.2765869140626,3021.0560888671876,5.596844240463579,,
2020-06-11,36.34000015258789,96.7300033569336,1.1365444660186768,1.2710679769515991,,2.5864999294281006,106.98100280761719,3002.10009765625,9492.73046875,40.790000915527344,2906.7805908203127,3021.1865893554686,-0.6317548133725331,,
2020-06-12,36.2599983215332,97.31999969482422,1.1288082599639893,1.257703423500061,,2.6015000343322754,106.8030014038086,3041.31005859375,9588.8095703125,36.09000015258789,2917.8337939453127,3021.49958984375,0.655650221386407,,
2020-06-15,37.119998931884766,96.68000030517578,1.1252011060714722,1.2508755922317505,,2.56850004196167,107.31099700927734,3066.590087890625,9726.01953125,34.400001525878906,2925.8919970703123,3021.940390625,1.4775174720236806,,
2020-06-16,38.380001068115234,96.95999908447266,1.1337740421295166,1.2637752294540405,,2.565999984741211,107.46399688720703,3124.739990234375,9895.8701171875,33.66999816894531,2935.1985986328127,3022.667141113281,3.376913313832477,,
2020-06-17,37.959999084472656,97.16000366210938,1.1265701055526733,1.258510708808899,,2.5920000076293945,107.41000366210938,3113.489990234375,9910.5302734375,33.470001220703125,2942.468798828125,3023.22994140625,2.985550241876102,,
2020-06-18,38.84000015258789,97.41999816894531,1.1242902278900146,1.2552721500396729,,2.5910000801086426,106.89399719238281,3115.340087890625,9943.0498046875,32.939998626708984,2948.97919921875,3023.758791503906,3.028723608643719,,
2020-06-19,39.75,97.62000274658203,1.1211000680923462,1.2426837682724,,2.615000009536743,107.00599670410156,3097.739990234375,9946.1201171875,35.119998931884766,2955.13759765625,3024.2105419921877,2.4313600928641046,,
2020-06-22,40.459999084472656,97.04000091552734,1.1177555322647095,1.234811782836914,,2.6554999351501465,106.83100128173828,3117.860107421875,10056.48046875,31.770000457763672,2962.2622021484376,3024.8100427246095,3.076228370805404,,
2020-06-23,40.369998931884766,96.69000244140625,1.1279679536819458,1.250156283378601,,2.6600000858306885,106.90299987792969,3131.2900390625,10131.3701171875,31.3700008392334,2967.9668017578124,3025.4379931640624,3.4987346009936053,,
2020-06-24,38.0099983215332,97.1500015258789,1.1312345266342163,1.2524893283843994,,2.6505000591278076,106.43199920654297,3050.330078125,9909.169921875,33.84000015258789,2973.306201171875,3025.6559936523436,0.8154953677622728,,
2020-06-25,38.720001220703125,97.43000030517578,1.1250872611999512,1.2412954568862915,,2.6624999046325684,107.04399871826172,3083.760009765625,10017.0,32.220001220703125,2978.990400390625,3026.0408435058594,1.9074153074845595,,
2020-06-26,38.4900016784668,97.5,1.1222084760665894,1.2425447702407837,,2.671999931335449,107.15499877929688,3009.050048828125,9757.2197265625,34.72999954223633,2981.6802001953124,3026.125743408203,-0.5642757779406232,,
2020-06-29,39.70000076293945,97.54000091552734,1.1225864887237549,1.2342174053192139,,2.679500102996826,107.21800231933594,3053.239990234375,9874.150390625,31.780000686645508,2986.2818017578124,3026.4330432128904,0.8857604526094541,,
2020-06-30,39.27000045776367,97.38999938964844,1.1247202157974243,1.2310571670532227,,2.7135000228881836,107.58999633789062,3100.2900390625,10058.76953125,30.43000030517578,2993.5564013671874,3027.101492919922,2.4177764212319484,,
2020-07-01,39.81999969482422,97.19999694824219,1.1235954761505127,1.2389271259307861,,2.7170000076293945,107.98899841308594,3115.860107421875,10154.6298828125,28.6200008392334,2999.88740234375,3027.756442871094,2.909866305733499,,
2020-07-02,40.650001525878906,97.31999969482422,1.1251378059387207,1.2464786767959595,,2.7335000038146973,107.36599731445312,3130.010009765625,10207.6298828125,27.68000030517578,3006.5316015625,3028.5183923339846,3.351196997467266,,
2020-07-03,40.650001525878906,97.31999969482422,1.1237848997116089,1.2466403245925903,,2.7335000038146973,107.49700164794922,3130.010009765625,10207.6298828125,27.68000030517578,3012.397001953125,3029.3594921875,3.3225015993544287,,
2020-07-06,40.630001068115234,96.79000091552734,1.1247202157974243,1.247551679611206,,2.7660000324249268,107.5790023803711,3179.719970703125,10433.650390625,27.940000534057617,3018.4218017578123,3030.3743920898437,4.928288036063022,,
2020-07-07,40.619998931884766,96.87999725341797,1.1312856674194336,1.249547004699707,,2.7874999046325684,107.35900115966797,3145.320068359375,10343.8896484375,29.43000030517578,3024.0604052734375,3031.399742431641,3.758010675172549,,
2020-07-08,40.900001525878906,96.43000030517578,1.1275228261947632,1.2542802095413208,,2.814500093460083,107.5780029296875,3169.93994140625,10492.5,28.079999923706055,3028.66900390625,3032.8113916015627,4.521499430674211,,
2020-07-09,39.619998931884766,96.69999694824219,1.1339154243469238,1.2613521814346313,,2.828000068664551,107.28299713134766,3152.050048828125,10547.75,29.260000228881836,3033.46140625,3034.0184924316404,3.8902714894755692,,
2020-07-10,40.54999923706055,96.6500015258789,1.1287955045700073,1.2605094909667969,,2.88700008392334,107.23600006103516,3185.0400390625,10617.4404296875,27.290000915527344,3040.5480078125,3035.183642578125,4.937309043912914,,
2020-07-13,40.099998474121094,96.45999908447266,1.1310042142868042,1.2627506256103516,,2.941999912261963,106.91000366210938,3155.219970703125,10390.83984375,32.189998626708984,3046.797607421875,3036.2657922363283,3.917778831186658,,
2020-07-14,40.290000915527344,96.26000213623047,1.134549617767334,1.255177617073059,,2.9159998893737793,107.2760009765625,3197.52001953125,10488.580078125,29.520000457763672,3053.379208984375,3037.7880920410157,5.258165568188606,,
2020-07-15,41.20000076293945,96.08000183105469,1.1410704851150513,1.25692880153656,,2.870500087738037,107.24500274658203,3226.56005859375,10550.490234375,27.760000228881836,3060.94201171875,3039.3238928222654,6.160454508111678,,
2020-07-16,40.75,96.3499984741211,1.1417193412780762,1.2591001987457275,,2.885999917984009,106.91699981689453,3215.570068359375,10473.830078125,28.0,3067.6296142578126,3040.71109375,5.750594818718128,,
2020-07-17,40.59000015258789,95.94000244140625,1.139211654663086,1.2559500932693481,,2.887500047683716,107.27799987792969,3224.72998046875,10503.1904296875,25.68000030517578,3073.528212890625,3041.9833935546876,6.007481411675795,,
2020-07-20,40.810001373291016,95.83000183105469,1.1442956924438477,1.2571184635162354,,2.8984999656677246,107.08999633789062,3251.840087890625,10767.08984375,24.459999084472656,3079.9612158203126,3043.4118444824217,6.8485060208356305,,
2020-07-21,41.959999084472656,95.12000274658203,1.1458691358566284,1.266175389289856,,2.940999984741211,107.19599914550781,3257.300048828125,10680.3603515625,24.84000015258789,3087.704814453125,3044.7199450683593,6.981926337891577,,
2020-07-22,41.900001525878906,94.97000122070312,1.15340256690979,1.2730745077133179,,2.9084999561309814,106.83200073242188,3276.02001953125,10706.1298828125,24.31999969482422,3096.82521484375,3046.1515954589845,7.546191214348596,,
2020-07-23,41.06999969482422,94.69000244140625,1.1568717956542969,1.2729934453964233,,2.924499988555908,107.17500305175781,3235.659912109375,10461.419921875,26.079999923706055,3104.4884130859373,3047.3401452636717,6.179807893726575,,
2020-07-24,41.290000915527344,94.44000244140625,1.1596084833145142,1.2730745077133179,,2.881999969482422,106.83799743652344,3215.6298828125,10363.1796875,25.84000015258789,3111.52701171875,3048.487294921875,5.482804149095468,,
2020-07-27,41.599998474121094,93.66999816894531,1.1652567386627197,1.2795906066894531,,2.888000011444092,105.99299621582031,3239.409912109375,10536.26953125,24.739999771118164,3117.23701171875,3049.650744628906,6.2223245666631115,,
2020-07-28,41.040000915527344,93.76000213623047,1.1769275665283203,1.2889753580093384,,2.9049999713897705,105.26100158691406,3218.43994140625,10402.08984375,25.440000534057617,3123.14701171875,3050.7629943847655,5.496229872006139,,
2020-07-29,41.27000045776367,93.26000213623047,1.171879529953003,1.292373776435852,,2.9054999351501465,105.10700225830078,3258.43994140625,10542.9404296875,24.100000381469727,3128.8836083984374,3052.032593994141,6.762947021544995,,
2020-07-30,39.91999816894531,93.0199966430664,1.1782865524291992,1.298246145248413,,2.9045000076293945,105.03199768066406,3246.219970703125,10587.8095703125,24.760000228881836,3134.8378076171875,3053.2122436523437,6.321464465893133,,
2020-07-31,40.27000045776367,93.48999786376953,1.1872254610061646,1.311785101890564,,2.8589999675750732,104.68299865722656,3271.1201171875,10745.26953125,24.459999084472656,3141.1512109375,3054.4550939941405,7.093410003616676,,
2020-08-03,41.0099983215332,93.5,1.1782310009002686,1.3101695775985718,,2.9079999923706055,105.86599731445312,3294.610107421875,10902.7998046875,24.280000686645508,3147.9344140625,3055.731044921875,7.817411250802916,,
2020-08-04,41.70000076293945,93.37999725341797,1.1763322353363037,1.3078734874725342,,2.8894999027252197,106.02999877929688,3306.510009765625,10941.169921875,23.760000228881836,3154.2292138671874,3057.0791455078124,8.15912354197096,,
2020-08-05,42.189998626708984,92.83000183105469,1.181544303894043,1.3086093664169312,,2.9114999771118164,105.61399841308594,3327.77001953125,10998.400390625,22.989999771118164,3160.0620166015624,3058.4841455078126,8.804553537377476,,
2020-08-06,41.95000076293945,92.79000091552734,1.187281847000122,1.3126804828643799,,2.9054999351501465,105.5530014038086,3349.159912109375,11108.0703125,22.649999618530273,3166.450615234375,3060.0421447753906,9.448162922449091,,
2020-08-07,41.220001220703125,93.44000244140625,1.1876484155654907,1.3138015270233154,,2.7904999256134033,105.58100128173828,3351.280029296875,11010.98046875,22.209999084472656,3172.5900146484373,3061.463995361328,9.466583124108938,,
2020-08-10,41.939998626708984,93.58000183105469,1.1782727241516113,1.3052273988723755,,2.8585000038146973,105.8499984741211,3360.469970703125,10968.3603515625,22.1299991607666,3178.684814453125,3062.8749951171876,9.71619723496261,,
2020-08-11,41.61000061035156,93.62999725341797,1.1737778186798096,1.3077194690704346,,2.871999979019165,105.99199676513672,3333.68994140625,10782.8203125,24.030000686645508,3183.7422119140624,3064.1703442382814,8.79584249207164,,
2020-08-12,42.66999816894531,93.44000244140625,1.1736538410186768,1.3050740957260132,,2.88700008392334,106.52100372314453,3380.35009765625,11012.240234375,22.280000686645508,3188.8918115234374,3065.6881945800783,10.263989130808277,,
2020-08-13,42.2400016784668,93.33999633789062,1.179380178451538,1.3048017024993896,,2.803999900817871,106.8219985961914,3373.429931640625,11042.5,22.1299991607666,3194.113408203125,3067.129444580078,9.986552331588424,,
2020-08-14,42.0099983215332,93.0999984741211,1.1816558837890625,1.3070528507232666,,2.8559999465942383,106.98600006103516,3372.85009765625,11019.2998046875,22.049999237060547,3197.6918115234375,3068.5282946777343,9.91751659928808,,
2020-08-17,42.88999938964844,92.8499984741211,1.1852554082870483,1.3107001781463623,,2.8980000019073486,106.55400085449219,3381.989990234375,11129.73046875,21.350000381469727,3200.6838134765626,3070.0031945800783,10.16242576571556,,
2020-08-18,42.88999938964844,92.2699966430664,1.1876484155654907,1.3107877969741821,,2.9709999561309814,105.99500274658203,3389.780029296875,11210.83984375,21.510000228881836,3204.3358154296875,3071.4928942871093,10.362619936441035,,
2020-08-19,42.93000030517578,92.88999938964844,1.1947859525680542,1.325398564338684,,3.0190000534057617,105.2239990234375,3374.85009765625,11146.4599609375,22.540000915527344,3208.03001953125,3072.896944580078,9.826335165868533,,
2020-08-20,42.58000183105469,92.79000091552734,1.1843500137329102,1.311079978942871,,2.9700000286102295,106.0790023803711,3385.510009765625,11264.9501953125,22.719999313354492,3215.6982177734376,3074.341345214844,10.121474150393531,,
2020-08-21,42.34000015258789,93.25,1.1873664855957031,1.3220343589782715,,2.9135000705718994,105.66500091552734,3397.159912109375,11311.7998046875,22.540000915527344,3222.81521484375,3075.724844970703,10.45070945355431,,
2020-08-24,42.619998931884766,93.30000305175781,1.1798018217086792,1.3094146251678467,,2.922499895095825,105.87699890136719,3431.280029296875,11379.7197265625,22.3700008392334,3230.109013671875,3077.271094970703,11.503989196946016,,
2020-08-25,43.349998474121094,93.0199966430664,1.1794538497924805,1.307138204574585,,2.930999994277954,105.99299621582031,3443.6201171875,11466.4697265625,22.030000686645508,3236.4866162109374,3078.8882958984377,11.846218057827636,,
2020-08-26,43.38999938964844,93.01000213623047,1.183501958847046,1.3152183294296265,,2.9595000743865967,106.40499877929688,3478.72998046875,11665.0595703125,23.270000457763672,3243.791416015625,3080.7396459960937,12.918661756760505,,
2020-08-27,43.040000915527344,93.01000213623047,1.1842728853225708,1.3219819068908691,,2.9649999141693115,105.85600280761719,3484.550048828125,11625.33984375,24.469999313354492,3251.175615234375,3082.644696044922,13.037680057609407,,
2020-08-28,42.970001220703125,92.37000274658203,1.1819632053375244,1.3199577331542969,,2.994999885559082,106.63700103759766,3508.010009765625,11695.6298828125,22.959999084472656,3259.381015625,3084.6332958984376,13.725349928308859,,
2020-08-31,42.61000061035156,92.13999938964844,1.1918240785598755,1.3356484174728394,,3.0409998893737793,105.53500366210938,3500.31005859375,11775.4599609375,26.40999984741211,3267.0300146484374,3086.4666467285156,13.408322824543905,,
2020-09-01,42.7599983215332,92.33999633789062,1.193901538848877,1.3364516496658325,,3.009500026702881,106.00399780273438,3526.64990234375,11939.669921875,26.1200008392334,3274.9372119140626,3088.397296142578,14.19029238072937,,
2020-09-02,41.5099983215332,92.8499984741211,1.1923214197158813,1.339943766593933,,3.003000020980835,105.89600372314453,3580.840087890625,12056.4404296875,26.56999969482422,3285.547412109375,3090.5333471679687,15.8647937312164,,
2020-09-03,41.369998931884766,92.73999786376953,1.184735894203186,1.335131287574768,,2.9579999446868896,106.20800018310547,3455.06005859375,11458.099609375,33.599998474121094,3292.9734130859374,3092.040498046875,11.740452971951063,,
2020-09-04,39.77000045776367,92.72000122070312,1.1839784383773804,1.3262248039245605,,3.0464999675750732,106.08599853515625,3426.9599609375,11313.1298828125,30.75,3301.331611328125,3093.4703979492188,10.780434918962353,,
2020-09-07,39.77000045776367,92.72000122070312,1.183445930480957,1.3245735168457031,,3.0464999675750732,106.31099700927734,3426.9599609375,11313.1298828125,30.75,3308.8060107421875,3095.0358471679688,10.724402887716137,,
2020-09-08,36.7599983215332,93.4800033569336,1.1821727752685547,1.3162224292755127,,3.012500047683716,106.30500030517578,3331.840087890625,10847.6904296875,31.459999084472656,3313.43701171875,3096.2290478515624,7.609612738519793,,
2020-09-09,38.04999923706055,93.26000213623047,1.177024483680725,1.2968486547470093,,3.0399999618530273,105.96800231933594,3398.9599609375,11141.5595703125,28.809999465942383,3319.0990087890623,3097.660047607422,9.726693978662926,,
2020-09-10,37.29999923706055,93.33999633789062,1.1806375980377197,1.2999167442321777,,2.986999988555908,106.23100280761719,3339.18994140625,10919.58984375,29.709999084472656,3323.282607421875,3098.76884765625,7.7586004497186805,,
2020-09-11,37.33000183105469,93.33000183105469,1.1824384927749634,1.2808295488357544,,3.0339999198913574,106.14299774169922,3340.969970703125,10853.5498046875,26.8700008392334,3327.501806640625,3099.7441479492186,7.782120434472009,,
2020-09-14,37.2599983215332,93.06999969482422,1.1842728853225708,1.2806557416915894,,3.066499948501587,106.1449966430664,3383.5400390625,11056.650390625,25.850000381469727,3331.5782080078125,3100.982048339844,9.111887341428746,,
2020-09-15,38.279998779296875,93.05000305175781,1.187000036239624,1.2849671840667725,,3.062999963760376,105.71499633789062,3401.199951171875,11190.3203125,25.59000015258789,3336.6958056640624,3102.325447998047,9.633886198712451,,
2020-09-16,40.15999984741211,93.20999908447266,1.1844412088394165,1.2884771823883057,,3.058000087738037,105.38099670410156,3385.489990234375,11050.4697265625,26.040000915527344,3341.006806640625,3103.544748535156,9.0846198313169,,
2020-09-17,40.970001220703125,92.97000122070312,1.1803449392318726,1.2959998846054077,,3.066499948501587,105.06199645996094,3357.010009765625,10910.2802734375,26.459999084472656,3345.106005859375,3104.4869482421873,8.134131846372249,,
2020-09-18,41.11000061035156,92.93000030517578,1.1848200559616089,1.2975554466247559,,3.1135001182556152,104.697998046875,3319.469970703125,10793.2802734375,25.829999923706055,3347.7946044921873,3105.2402978515624,6.89897245632754,,
2020-09-21,39.310001373291016,93.54000091552734,1.1845533847808838,1.2932761907577515,,3.0295000076293945,104.53700256347656,3281.06005859375,10778.7998046875,27.780000686645508,3350.31140625,3105.688348388672,5.646790357959341,,
2020-09-22,39.599998474121094,93.98999786376953,1.176800012588501,1.2820513248443604,,3.059000015258789,104.69000244140625,3315.570068359375,10963.6396484375,26.860000610351562,3352.6724072265624,3106.3035986328123,6.736832478920214,,
2020-09-23,39.93000030517578,94.38999938964844,1.1708368062973022,1.2744048833847046,,2.993499994277954,105.03399658203125,3236.919921875,10632.990234375,28.579999923706055,3352.8796044921874,3106.532498779297,4.197201321632348,,
2020-09-24,40.310001373291016,94.3499984741211,1.1658544540405273,1.2717468738555908,,2.9690001010894775,105.30400085449219,3246.590087890625,10672.26953125,28.510000228881836,3353.5000048828124,3106.7385986328127,4.501553150282969,,
2020-09-25,40.25,94.58000183105469,1.1673243045806885,1.2757054567337036,,2.9730000495910645,105.43499755859375,3298.4599609375,10913.5595703125,26.3799991607666,3354.9746044921876,3107.1247985839846,6.157949060839556,,
2020-09-28,40.599998474121094,94.26000213623047,1.1635348796844482,1.2766826152801514,,2.989500045776367,105.5739974975586,3351.60009765625,11117.5302734375,26.190000534057617,3356.9698046875,3107.7627490234377,7.846073472289161,,
2020-09-29,39.290000915527344,93.88999938964844,1.167883276939392,1.2873492240905762,,2.9835000038146973,105.43299865722656,3335.469970703125,11085.25,26.270000457763672,3358.533203125,3108.3231994628904,7.307694749358268,,
2020-09-30,40.220001220703125,93.88999938964844,1.1742050647735596,1.2866535186767578,,3.0285000801086426,105.66400146484375,3363.0,11167.509765625,26.3700008392334,3360.272802734375,3109.021300048828,8.169088450670417,,
2020-10-01,38.720001220703125,93.70999908447266,1.1726078987121582,1.2917560338974,,2.8635001182556152,105.45099639892578,3380.800048828125,11326.509765625,26.700000762939453,3363.17560546875,3109.725750732422,8.716984063043432,,
2020-10-02,37.04999923706055,93.83999633789062,1.1744946241378784,1.2886265516281128,,2.9784998893737793,105.54299926757812,3348.419921875,11075.01953125,27.6299991607666,3365.83140625,3110.2677502441406,7.656966883708503,,
2020-10-05,39.220001220703125,93.51000213623047,1.1720443964004517,1.2931090593338013,,2.9649999141693115,105.51000213623047,3408.60009765625,11332.490234375,27.959999084472656,3369.2152099609375,3111.2043005371092,9.55886429791188,,
2020-10-06,40.66999816894531,93.83000183105469,1.1792453527450562,1.2992581129074097,,2.9655001163482666,105.70700073242188,3360.969970703125,11154.599609375,29.479999542236328,3372.065810546875,3111.8552502441407,8.005344093027462,,
2020-10-07,39.95000076293945,93.62999725341797,1.1737639904022217,1.2883278131484985,,3.0344998836517334,105.63999938964844,3419.43994140625,11364.599609375,28.059999465942383,3375.285810546875,3112.7985498046874,9.850987357366986,,
2020-10-08,41.189998626708984,93.61000061035156,1.176747441291809,1.2917560338974,,3.0420000553131104,105.96499633789062,3446.830078125,11420.98046875,26.360000610351562,3379.2980126953125,3113.7434497070312,10.697304829314328,,
2020-10-09,40.599998474121094,93.05999755859375,1.1767003536224365,1.29404616355896,,3.0794999599456787,106.01799774169922,3477.139892578125,11579.9404296875,25.0,3383.418408203125,3114.9548986816408,11.62729495858106,,
2020-10-12,39.43000030517578,93.06999969482422,1.181683897972107,1.3031693696975708,,3.061000108718872,105.63200378417969,3534.219970703125,11876.259765625,25.06999969482422,3388.21060546875,3116.394598388672,13.407332066693003,,
2020-10-13,40.20000076293945,93.52999877929688,1.1816140413284302,1.3065747022628784,,3.0425000190734863,105.33899688720703,3511.929931640625,11863.900390625,26.06999969482422,3392.31900390625,3117.7683483886717,12.642426864576525,,
2020-10-14,41.040000915527344,93.37999725341797,1.1742188930511475,1.2935272455215454,,3.047499895095825,105.47000122070312,3488.669921875,11768.73046875,26.399999618530273,3395.537001953125,3118.9464477539063,11.854114211782898,,
2020-10-15,40.959999084472656,93.86000061035156,1.1743981838226318,1.3012362718582153,,3.0829999446868896,105.13899993896484,3483.340087890625,11713.8701171875,26.969999313354492,3398.22060546875,3119.9896484375,11.64588605718907,,
2020-10-16,40.880001068115234,93.68000030517578,1.1707134246826172,1.2902060747146606,,3.065000057220459,105.36000061035156,3483.81005859375,11671.5595703125,27.40999984741211,3400.8712060546877,3121.0819482421875,11.62187076042182,,
2020-10-19,40.83000183105469,93.43000030517578,1.1715501546859741,1.2927746772766113,,3.0810000896453857,105.427001953125,3426.919921875,11478.8798828125,29.18000030517578,3402.200205078125,3121.7758984375,9.774693423388577,,
2020-10-20,41.459999084472656,93.06999969482422,1.176885962486267,1.2948671579360962,,3.1435000896453857,105.47000122070312,3443.1201171875,11516.490234375,29.350000381469727,3404.38880859375,3122.5757495117186,10.265383240931955,,
2020-10-21,40.029998779296875,92.61000061035156,1.1829839944839478,1.2954038381576538,,3.194499969482422,105.47699737548828,3435.56005859375,11484.6904296875,28.649999618530273,3405.4930078125,3123.307099609375,9.997510620182933,,
2020-10-22,40.63999938964844,92.94999694824219,1.1853959560394287,1.3131976127624512,,3.1500000953674316,104.6760025024414,3453.489990234375,11506.009765625,28.110000610351562,3407.094208984375,3123.9904992675783,10.547390942579629,,
2020-10-23,39.849998474121094,92.7699966430664,1.1815024614334106,1.307805061340332,,3.125499963760376,104.9209976196289,3465.389892578125,11548.2802734375,27.549999237060547,3408.9450048828126,3124.6693481445313,10.904211181126024,,
2020-10-26,38.560001373291016,93.05000305175781,1.1848480701446533,1.3054660558700562,,3.0885000228881836,104.68299865722656,3400.969970703125,11358.9404296875,32.459999084472656,3409.3246044921875,3125.0260974121093,8.830130203377497,,
2020-10-27,39.56999969482422,92.94000244140625,1.1809443235397339,1.301574945449829,,3.0899999141693115,104.83200073242188,3390.679931640625,11431.349609375,33.349998474121094,3409.3426025390627,3125.375546875,8.488720180552301,,
2020-10-28,37.38999938964844,93.41000366210938,1.1784114837646484,1.303186297416687,,3.056999921798706,104.54499816894531,3271.030029296875,11004.8701171875,40.279998779296875,3407.266201171875,3125.121947021484,4.668876439028373,,
2020-10-29,36.16999816894531,93.95999908447266,1.1748672723770142,1.2989881038665771,,3.052000045776367,104.31500244140625,3310.110107421875,11185.58984375,37.59000015258789,3405.758203125,3125.0447973632813,5.922005029007594,,
2020-10-30,35.790000915527344,94.04000091552734,1.1678695678710938,1.2931926250457764,,3.0434999465942383,104.55400085449219,3269.9599609375,10911.58984375,38.02000045776367,3403.2142041015627,3124.917247314453,4.64148974657477,,
2020-11-02,36.810001373291016,94.05000305175781,1.1642121076583862,1.2926744222640991,,3.073499917984009,104.58000183105469,3310.239990234375,10957.6103515625,37.130001068115234,3400.7934033203123,3125.2502978515627,5.919196056392109,,
2020-11-03,37.65999984741211,93.55000305175781,1.1642799377441406,1.2923903465270996,,3.0869998931884766,104.7249984741211,3369.159912109375,11160.5703125,35.54999923706055,3399.30419921875,3125.7148974609377,7.788458724952527,,
2020-11-04,39.150001525878906,93.41000366210938,1.176221489906311,1.3121638298034668,,3.1010000705718994,104.5459976196289,3443.43994140625,11590.7802734375,29.56999969482422,3398.5983984375,3126.56509765625,10.134919115790584,,
2020-11-05,38.790000915527344,92.52999877929688,1.17326819896698,1.2966804504394531,,3.1045000553131104,104.43800354003906,3510.449951171875,11890.9296875,27.579999923706055,3399.116396484375,3127.6990478515627,12.23745946986896,,
2020-11-06,37.13999938964844,92.2300033569336,1.1817537546157837,1.3139395713806152,,3.1489999294281006,103.60299682617188,3509.43994140625,11895.23046875,24.860000610351562,3399.1449951171876,3129.1186474609376,12.15426248710373,,
2020-11-09,40.290000915527344,92.7300033569336,1.1893010139465332,1.318061351776123,,3.1514999866485596,103.25299835205078,3550.5,11713.7802734375,25.75,3400.1487939453127,3130.6265478515625,13.411802581070608,,
2020-11-10,41.36000061035156,92.75,1.182732105255127,1.3169677257537842,,3.1505000591278076,105.13700103759766,3545.530029296875,11553.8603515625,24.799999237060547,3400.526396484375,3131.866247558594,13.208219925124434,,
2020-11-11,41.45000076293945,93.04000091552734,1.1818794012069702,1.3261544704437256,,3.128999948501587,105.26000213623047,3572.659912109375,11786.4296875,23.450000762939453,3400.36279296875,3133.0560974121095,14.031150449568278,,
2020-11-12,41.119998931884766,92.95999908447266,1.1780297756195068,1.3224189281463623,,3.1429998874664307,105.41500091552734,3537.010009765625,11709.58984375,25.350000381469727,3402.0017919921875,3134.012247314453,12.858844530569478,,
2020-11-13,40.130001068115234,92.76000213623047,1.1803393363952637,1.3121638298034668,,3.17549991607666,105.08999633789062,3585.14990234375,11829.2900390625,23.100000381469727,3405.1655908203124,3135.2994470214844,14.3479263439931,,
2020-11-16,41.34000015258789,92.56999969482422,1.1845253705978394,1.3220518827438354,,3.2200000286102295,104.6760025024414,3626.909912109375,11924.1298828125,22.450000762939453,3409.16458984375,3136.6735461425783,15.62918036432832,,
2020-11-17,41.43000030517578,92.41999816894531,1.1859441995620728,1.322209119796753,,3.196500062942505,104.54100036621094,3609.530029296875,11899.33984375,22.709999084472656,3414.718388671875,3137.9324462890627,15.028927202225987,,
2020-11-18,41.81999969482422,92.31999969482422,1.186366319656372,1.3259083032608032,,3.197999954223633,104.18099975585938,3567.7900390625,11801.599609375,23.84000015258789,3418.094990234375,3138.874146728516,13.664641278498557,,
2020-11-19,41.7400016784668,92.29000091552734,1.1847639083862305,1.325644612312317,,3.2035000324249268,103.89399719238281,3581.8701171875,11904.7099609375,23.110000610351562,3422.94859375,3139.9137976074217,14.075428437457232,,
2020-11-20,42.150001525878906,92.38999938964844,1.1866477727890015,1.3249244689941406,,3.2934999465942383,103.82499694824219,3557.5400390625,11854.9697265625,23.700000762939453,3427.2799951171874,3140.8006982421875,13.268570051374128,,
2020-11-23,43.060001373291016,92.51000213623047,1.1866477727890015,1.3305126428604126,,3.259500026702881,103.81700134277344,3577.590087890625,11880.6298828125,22.65999984741211,3431.16099609375,3141.7878491210936,13.871154250324249,,
2020-11-24,44.90999984741211,92.2300033569336,1.1842728853225708,1.332906723022461,,3.299999952316284,104.5250015258789,3635.409912109375,12036.7900390625,21.639999389648438,3435.8451953125,3143.1134484863283,15.662701066680512,,
2020-11-25,45.709999084472656,91.98999786376953,1.1900511980056763,1.3363267183303833,,3.312000036239624,104.51300048828125,3629.64990234375,12094.400390625,21.25,3440.7283935546875,3144.330948486328,15.434728780412035,,
2020-11-26,45.709999084472656,91.98999786376953,1.1920002698898315,1.3385447263717651,,3.312000036239624,104.4000015258789,3629.64990234375,12094.400390625,21.25,3446.18119140625,3145.613048095703,15.387679503080456,,
2020-11-27,45.529998779296875,91.79000091552734,1.191599726676941,1.3354523181915283,,3.3994998931884766,104.24199676513672,3638.35009765625,12205.849609375,20.84000015258789,3452.5587939453126,3147.1160485839846,15.609022403012165,,
2020-11-30,45.34000015258789,91.87000274658203,1.1971460580825806,1.333191156387329,,3.4205000400543213,104.08200073242188,3621.6298828125,12198.740234375,20.56999969482422,3459.3701904296877,3149.094748535156,15.005427654952264,,
2020-12-01,44.54999923706055,91.30999755859375,1.193816065788269,1.3336889743804932,,3.4679999351501465,104.29900360107422,3662.449951171875,12355.1103515625,20.770000457763672,3466.3077880859373,3151.765948486328,16.203106798929944,,
2020-12-02,45.279998779296875,91.12000274658203,1.2074378728866577,1.3422638177871704,,3.4749999046325684,104.30899810791016,3669.010009765625,12349.3701171875,21.170000076293945,3474.94958984375,3154.5290490722655,16.309279537136177,,
2020-12-03,45.63999938964844,90.70999908447266,1.2114603519439697,1.3370771408081055,,3.4790000915527344,104.45800018310547,3666.719970703125,12377.1796875,21.280000686645508,3483.3521875,3157.968848876953,16.11007410687714,,
2020-12-04,46.2599983215332,90.69999694824219,1.2145650386810303,1.345496654510498,,3.5139999389648438,103.822998046875,3699.1201171875,12464.23046875,20.790000915527344,3491.365390625,3161.693349609375,16.99806743258398,,
2020-12-07,45.7599983215332,90.79000091552734,1.212135910987854,1.3417415618896484,,3.508500099182129,104.197998046875,3691.9599609375,12519.9501953125,21.299999237060547,3498.172587890625,3164.701999511719,16.660587995556348,,
2020-12-08,45.599998474121094,90.97000122070312,1.2113136053085327,1.3357375860214233,,3.49399995803833,103.99800109863281,3702.25,12582.76953125,20.68000030517578,3505.5081884765623,3168.196398925781,16.856707534144565,,
2020-12-09,45.52000045776367,91.08999633789062,1.2110936641693115,1.3365589380264282,,3.507999897003174,104.13500213623047,3672.820068359375,12338.9501953125,22.270000457763672,3511.70458984375,3170.9098986816407,15.828585034422199,,
2020-12-10,46.779998779296875,90.79000091552734,1.207875370979309,1.3367018699645996,,3.570499897003174,104.27200317382812,3668.10009765625,12405.8095703125,22.520000457763672,3517.4505908203123,3174.130699462891,15.562352182817992,,
2020-12-11,46.56999969482422,90.9800033569336,1.2144293785095215,1.3305658102035522,,3.5239999294281006,104.18199920654297,3663.4599609375,12377.8701171875,23.309999465942383,3523.7513916015623,3177.5861486816407,15.290657421119649,,
2020-12-14,46.9900016784668,90.70999908447266,1.213340401649475,1.3318239450454712,,3.5220000743865967,103.93900299072266,3647.489990234375,12440.0400390625,24.719999313354492,3528.529189453125,3182.090798339844,14.625578633310484,,
2020-12-15,47.619998931884766,90.47000122070312,1.214889645576477,1.3330844640731812,,3.5380001068115234,104.01000213623047,3694.6201171875,12595.0595703125,22.889999389648438,3535.2021923828124,3186.1527490234375,15.958662632226556,,
2020-12-16,47.81999969482422,90.44999694824219,1.2154301404953003,1.3444474935531616,,3.553999900817871,103.63400268554688,3701.169921875,12658.1904296875,22.5,3540.8367919921875,3190.95169921875,15.989531360852883,,
2020-12-17,48.36000061035156,89.81999969482422,1.2199585437774658,1.3502929210662842,,3.5969998836517334,103.4749984741211,3722.47998046875,12764.75,21.93000030517578,3546.3497900390626,3197.160899658203,16.430798990026023,,
2020-12-18,49.099998474121094,90.0199966430664,1.226271629333496,1.3570178747177124,,3.628499984741211,103.13099670410156,3709.409912109375,12755.6396484375,21.56999969482422,3550.9951904296877,3202.152849121094,15.841125857796257,,
2020-12-21,47.7400016784668,90.04000091552734,1.221612811088562,1.3401951789855957,,3.572999954223633,103.45700073242188,3694.919921875,12742.51953125,25.15999984741211,3554.209189453125,3208.696799316406,15.153289730029359,,
2020-12-22,47.02000045776367,90.6500015258789,1.2236906290054321,1.3449536561965942,,3.5179998874664307,103.33999633789062,3687.260009765625,12807.919921875,24.229999542236328,3557.715791015625,3214.487149658203,14.707567275784314,,
2020-12-23,48.119998931884766,90.41000366210938,1.2186651229858398,1.339943766593933,,3.552000045776367,103.53399658203125,3690.010009765625,12771.1103515625,23.309999465942383,3561.7425927734375,3220.94669921875,14.56290197725556,,
2020-12-24,48.22999954223633,90.33000183105469,1.2191405296325684,1.3505300283432007,,3.559999942779541,103.552001953125,3703.06005859375,12804.73046875,21.530000686645508,3566.1369921875,3227.415050048828,14.73764610900373,,
2020-12-25,48.22999954223633,90.33000183105469,1.2184720039367676,1.3552008867263794,,3.559999942779541,103.65299987792969,3703.06005859375,12804.73046875,21.530000686645508,3570.5219921875,3234.405750732422,14.489657265641537,,
2020-12-28,47.619998931884766,90.33999633789062,1.2205095291137695,1.3572388887405396,,3.569999933242798,103.53299713134766,3735.360107421875,12899.419921875,21.700000762939453,3576.6907958984375,3241.8955517578124,15.221482240428674,,
2020-12-29,48.0,90.01000213623047,1.2223445177078247,1.3466018438339233,,3.552999973297119,103.68900299072266,3727.0400390625,12850.2197265625,23.079999923706055,3582.3691943359377,3248.2941015625,14.738380286123496,,
2020-12-30,48.400001525878906,89.62999725341797,1.225295066833496,1.3499903678894043,,3.5429999828338623,103.55899810791016,3732.0400390625,12870.0,22.770000457763672,3588.2987939453124,3254.5765014648437,14.670527406031356,,
2020-12-31,48.52000045776367,89.94000244140625,1.2299896478652954,1.36306631565094,,3.5139999389648438,103.12100219726562,3756.070068359375,12888.2802734375,22.75,3594.3503955078127,3260.2065014648438,15.209575426333721,,
2021-01-01,48.52000045776367,89.94000244140625,1.218026876449585,1.3673007488250732,,3.5139999389648438,103.22599792480469,3756.070068359375,12888.2802734375,22.75,3600.1639990234376,3266.279501953125,14.99536601547332,,
2021-01-04,47.619998931884766,89.87999725341797,1.2250697612762451,1.3684196472167969,,3.552999973297119,103.23899841308594,3700.64990234375,12698.4501953125,26.969999313354492,3606.15759765625,3271.649501953125,13.112663814828526,,
2021-01-05,49.93000030517578,89.44000244140625,1.2251598834991455,1.3571596145629883,,3.640500068664551,103.125,3726.860107421875,12818.9599609375,25.34000015258789,3612.881201171875,3277.3608520507814,13.715281156477571,,
2021-01-06,50.630001068115234,89.52999877929688,1.230027437210083,1.3629549741744995,,3.6500000953674316,102.6780014038086,3748.139892578125,12740.7900390625,25.06999969482422,3622.4233984375,3283.749051513672,14.142092887712849,,
2021-01-07,50.83000183105469,89.83000183105469,1.2341108322143555,1.3625277280807495,,3.695499897003174,103.02400207519531,3803.7900390625,13067.48046875,22.3700008392334,3632.2969970703125,3290.1335021972654,15.612027187413425,,
2021-01-08,52.2400016784668,90.0999984741211,1.227144479751587,1.3569625616073608,,3.6735000610351562,103.79000091552734,3824.679931640625,13201.98046875,21.559999465942383,3643.391396484375,3296.81365234375,16.011407830758266,,
2021-01-11,52.25,90.54000091552734,1.2186205387115479,1.3516253232955933,,3.563999891281128,104.09100341796875,3799.610107421875,13036.4296875,24.079999923706055,3653.178798828125,3302.4933032226563,15.052772513243845,,
2021-01-12,53.209999084472656,90.05000305175781,1.2160701751708984,1.3524113893508911,,3.6050000190734863,104.12799835205078,3801.18994140625,13072.4296875,23.329999923706055,3661.8193994140624,3308.2022033691405,14.901983244405095,,
2021-01-13,52.90999984741211,90.31999969482422,1.2208894491195679,1.3670539855957031,,3.617000102996826,103.75199890136719,3809.840087890625,13128.9501953125,22.209999084472656,3669.14740234375,3313.50150390625,14.979277462202656,,
2021-01-14,53.56999969482422,90.23999786376953,1.2162491083145142,1.364926815032959,,3.6679999828338623,103.83699798583984,3795.5400390625,13112.6396484375,23.25,3674.8492041015625,3318.5301037597656,14.374133136906028,,
2021-01-15,52.36000061035156,90.77999877929688,1.2151259183883667,1.3683634996414185,,3.6029999256134033,103.8280029296875,3768.25,12998.5,24.34000015258789,3680.0254052734376,3323.422253417969,13.384629236460958,,
2021-01-18,52.36000061035156,90.77999877929688,1.2068113088607788,1.357533574104309,,3.6029999256134033,103.90799713134766,3768.25,12998.5,24.34000015258789,3684.3804052734376,3328.4553540039065,13.213175458912204,,
2021-01-19,52.97999954223633,90.5,1.207729458808899,1.3581236600875854,,3.635999917984009,103.7030029296875,3798.909912109375,13197.1796875,23.239999771118164,3689.4480029296874,3333.219603271484,13.971185948289328,,
2021-01-20,53.2400016784668,90.47000122070312,1.2138868570327759,1.3644241094589233,,3.6475000381469727,103.89700317382812,3851.85009765625,13457.25,21.579999923706055,3695.031806640625,3338.5620532226562,15.37452460822544,,
2021-01-21,53.130001068115234,90.12999725341797,1.2115631103515625,1.3668484687805176,,3.6554999351501465,103.55500030517578,3853.070068359375,13530.91015625,21.31999969482422,3701.3530078125,3343.8296533203124,15.229257104452184,,
2021-01-22,52.27000045776367,90.23999786376953,1.2166293859481812,1.3729474544525146,,3.635499954223633,103.50599670410156,3841.469970703125,13543.0595703125,21.90999984741211,3706.4794091796875,3348.664202880859,14.716488067041912,,
2021-01-25,52.77000045776367,90.38999938964844,1.216944694519043,1.3688204288482666,,3.640500068664551,103.7770004272461,3855.360107421875,13635.990234375,23.190000534057617,3711.0484130859377,3353.825203857422,14.954115765711634,,
2021-01-26,52.61000061035156,90.16999816894531,1.214624047279358,1.3678992986679077,,3.628000020980835,103.76000213623047,3849.6201171875,13626.0595703125,23.020000457763672,3715.85021484375,3359.390504150391,14.592814155765765,,
2021-01-27,52.849998474121094,90.6500015258789,1.216299295425415,1.374154806137085,,3.571500062942505,103.60299682617188,3750.77001953125,13270.599609375,37.209999084472656,3719.509814453125,3364.147803955078,11.492426555148308,,
2021-01-28,52.34000015258789,90.45999908447266,1.2105072736740112,1.3669419288635254,,3.5829999446868896,104.14299774169922,3787.3798828125,13337.16015625,30.209999084472656,3723.620009765625,3369.095703125,12.415324957955962,,
2021-01-29,52.20000076293945,90.58000183105469,1.2120037078857422,1.3725008964538574,,3.573499917984009,104.29100036621094,3714.239990234375,13070.6904296875,33.09000015258789,3726.7540087890625,3373.483203125,10.101037016983447,,
2021-02-01,53.54999923706055,91.0199966430664,1.2123857736587524,1.3697690963745117,,3.562000036239624,104.68599700927734,3773.860107421875,13403.3896484375,30.239999771118164,3730.6794091796874,3377.960103759766,11.720091164530368,,
2021-02-02,54.7599983215332,91.19999694824219,1.2068694829940796,1.3678767681121826,,3.5390000343322754,104.88099670410156,3826.31005859375,13612.7802734375,25.559999465942383,3734.497412109375,3382.7747045898436,13.11158420932098,,
2021-02-03,55.689998626708984,91.12000274658203,1.203905463218689,1.3659336566925049,,3.5785000324249268,105.02799987792969,3830.169921875,13610.5400390625,22.90999984741211,3738.5078125,3387.2280041503905,13.076826159380776,,
2021-02-04,56.22999954223633,91.52999877929688,1.2042388916015625,1.364908218383789,,3.565999984741211,104.99500274658203,3871.739990234375,13777.740234375,21.770000457763672,3743.3496142578124,3392.024554443359,14.142451745009213,,
2021-02-05,56.849998474121094,91.04000091552734,1.1966731548309326,1.3676148653030396,,3.6389999389648438,105.5719985961914,3886.830078125,13856.2998046875,20.8700008392334,3748.3192138671875,3397.3051550292967,14.409212618743455,,
2021-02-08,57.970001220703125,90.93000030517578,1.2048773765563965,1.3738716840744019,,3.678999900817871,105.4000015258789,3915.590087890625,13987.6396484375,21.239999771118164,3754.19841796875,3402.669405517578,15.07406748188124,,
2021-02-09,58.36000061035156,90.44000244140625,1.2053595781326294,1.374570369720459,,3.7335000038146973,105.20999908447266,3911.22998046875,14007.7001953125,21.6299991607666,3759.1740185546873,3407.8833557128905,14.77006611485284,,
2021-02-10,58.68000030517578,90.37000274658203,1.2119992971420288,1.3817994594573975,,3.7855000495910645,104.57499694824219,3909.8798828125,13972.5302734375,21.989999771118164,3763.991416015625,3413.1906555175783,14.552050483672833,,
2021-02-11,58.2400016784668,90.41999816894531,1.2121212482452393,1.3832597732543945,,3.7874999046325684,104.61499786376953,3916.3798828125,14025.76953125,21.25,3768.9846142578126,3418.3666052246094,14.568749789058034,,
2021-02-12,59.470001220703125,90.4800033569336,1.2131506204605103,1.381024718284607,,3.802000045776367,104.74099731445312,3934.830078125,14095.4697265625,19.969999313354492,3773.6988134765625,3423.391755371094,14.93952078232035,,
2021-02-15,59.470001220703125,90.4800033569336,1.2122093439102173,1.3871549367904663,,3.802000045776367,105.05899810791016,3934.830078125,14095.4697265625,19.969999313354492,3778.5562158203124,3428.4149560546875,14.771115181841324,,
2021-02-16,60.04999923706055,90.51000213623047,1.2132196426391602,1.3914785385131836,,3.8480000495910645,105.38700103759766,3932.590087890625,14047.5,21.459999084472656,3783.163017578125,3433.727305908203,14.528316827141733,,
2021-02-17,61.13999938964844,90.94999694824219,1.2092483043670654,1.388811707496643,,3.8359999656677246,106.10299682617188,3931.330078125,13965.490234375,21.5,3788.3332177734374,3439.2839562988283,14.30664429219404,,
2021-02-18,60.52000045776367,90.58999633789062,1.2048004865646362,1.3866355419158936,,3.9165000915527344,105.86100006103516,3913.969970703125,13865.3603515625,22.489999771118164,3793.250615234375,3444.591306152344,13.626541520685764,,
2021-02-19,59.2400016784668,90.36000061035156,1.209189772605896,1.3967455625534058,,4.090000152587891,105.6520004272461,3906.7099609375,13874.4599609375,22.049999237060547,3798.115615234375,3449.806356201172,13.244326131958811,,
2021-02-22,61.4900016784668,90.01000213623047,1.2126356363296509,1.403114914894104,,4.152500152587891,105.51399993896484,3876.5,13533.0498046875,23.450000762939453,3802.6958154296876,3454.419306640625,12.21857151353877,,
2021-02-23,61.66999816894531,90.16999816894531,1.2166796922683716,1.4071228504180908,,4.1875,104.98400115966797,3881.3701171875,13465.2001953125,23.110000610351562,3806.4308154296873,3459.2114575195315,12.203898629853708,,
2021-02-24,63.220001220703125,90.18000030517578,1.215214490890503,1.412030577659607,,4.301000118255615,105.28299713134766,3925.429931640625,13597.9697265625,21.34000015258789,3810.916015625,3463.980556640625,13.321361579682614,,
2021-02-25,63.529998779296875,90.12999725341797,1.2171372175216675,1.4148274660110474,,4.265999794006348,105.94400024414062,3829.340087890625,13119.4296875,28.889999389648438,3813.0532177734376,3468.38470703125,10.40701684930255,,
2021-02-26,61.5,90.93000030517578,1.2160420417785645,1.4008152484893799,,4.0945000648498535,106.37899780273438,3811.14990234375,13192.349609375,27.950000762939453,3815.088017578125,3472.663206787109,9.747178905662063,,
2021-03-01,60.63999938964844,91.04000091552734,1.208956003189087,1.3972529172897339,,4.119500160217285,106.50299835205078,3901.820068359375,13588.830078125,23.350000381469727,3819.2260205078123,3477.3950573730467,12.205257210751162,,
2021-03-02,59.75,90.79000091552734,1.2051095962524414,1.3929517269134521,,4.231500148773193,106.85099792480469,3870.2900390625,13358.7900390625,24.100000381469727,3822.88662109375,3481.787657470703,11.158129668195198,,
2021-03-03,61.279998779296875,90.94999694824219,1.208546757698059,1.3954981565475464,,4.1529998779296875,106.75800323486328,3819.719970703125,12997.75,26.670000076293945,3825.4808203125,3485.7056079101562,9.582403116172108,,
2021-03-04,63.83000183105469,91.62999725341797,1.2050660848617554,1.3926994800567627,,3.990999937057495,107.05799865722656,3768.469970703125,12723.4697265625,28.56999969482422,3826.7890185546876,3489.399307861328,7.997670608034853,,
2021-03-05,66.08999633789062,91.9800033569336,1.1967735290527344,1.3894098997116089,,4.086999893188477,107.95500183105469,3841.93994140625,12920.150390625,24.65999984741211,3829.5666162109374,3493.3874572753907,9.97749286025968,,
2021-03-08,65.05000305175781,92.30999755859375,1.1925631761550903,1.385367751121521,,4.103499889373779,108.41899871826172,3821.35009765625,12609.16015625,25.469999313354492,3831.286416015625,3497.2155578613283,9.268360340737518,,
2021-03-09,64.01000213623047,91.95999908447266,1.185171127319336,1.3823610544204712,,4.019499778747559,108.93900299072266,3875.43994140625,13073.8203125,24.030000686645508,3834.2544140625,3501.1886572265626,10.68926358501765,,
2021-03-10,64.44000244140625,91.79000091552734,1.1897906064987183,1.3890432119369507,,4.041999816894531,108.5770034790039,3898.81005859375,13068.830078125,22.559999465942383,3837.589814453125,3505.068356933594,11.233495657260756,,
2021-03-11,66.0199966430664,91.41999816894531,1.1926058530807495,1.3931456804275513,,4.14300012588501,108.43199920654297,3939.340087890625,13398.669921875,21.90999984741211,3841.25521484375,3509.2033068847654,12.25739130480035,,
2021-03-12,65.61000061035156,91.68000030517578,1.1986095905303955,1.3989927768707275,,4.145500183105469,108.55500030517578,3943.340087890625,13319.8603515625,20.690000534057617,3845.000615234375,3512.9503576660154,12.251517568001107,,
2021-03-15,65.38999938964844,91.83000183105469,1.1950000524520874,1.3929517269134521,,4.146500110626221,109.11699676513672,3968.93994140625,13459.7099609375,20.030000686645508,3850.366416015625,3516.6331079101565,12.861928430312927,,
2021-03-16,64.80000305175781,91.87000274658203,1.1925773620605469,1.3899120092391968,,4.078999996185303,109.13400268554688,3962.7099609375,13471.5703125,19.790000915527344,3855.0834130859375,3520.4107580566406,12.56385215471334,,
2021-03-17,64.5999984741211,91.4000015258789,1.190164566040039,1.3902212381362915,,4.127999782562256,109.02899932861328,3974.1201171875,13525.2001953125,19.229999542236328,3859.603017578125,3524.3306591796877,12.762408000403228,,
2021-03-18,60.0,91.8499984741211,1.1982792615890503,1.3975849151611328,,4.117000102996826,108.89099884033203,3915.4599609375,13116.169921875,21.579999923706055,3861.836416015625,3528.897458496094,10.954200482950476,,
2021-03-19,61.41999816894531,91.91999816894531,1.1918240785598755,1.3925055265426636,,4.123499870300293,108.93099975585938,3913.10009765625,13215.240234375,20.950000762939453,3863.6048193359375,3533.2564086914062,10.750527134981535,,
2021-03-22,61.54999923706055,91.80000305175781,1.1883116960525513,1.3832597732543945,,4.14900016784668,108.87100219726562,3940.590087890625,13377.5400390625,18.8799991607666,3866.4244189453125,3537.626408691406,11.39079237449152,,
2021-03-23,57.7599983215332,92.33999633789062,1.193303108215332,1.3862512111663818,,4.0879998207092285,108.7760009765625,3910.52001953125,13227.7001953125,20.299999237060547,3868.6110205078126,3541.5553088378906,10.41815469527228,,
2021-03-24,61.18000030517578,92.52999877929688,1.1840205192565918,1.3730417490005493,,4.071499824523926,108.5199966430664,3889.139892578125,12961.8896484375,21.200000762939453,3870.1970166015626,3545.4335583496095,9.69433860688423,,
2021-03-25,58.560001373291016,92.87999725341797,1.1813069581985474,1.3688879013061523,,3.984999895095825,108.79000091552734,3909.52001953125,12977.6796875,19.809999465942383,3872.4766162109377,3549.4044580078125,10.145802367238838,,
2021-03-26,60.970001220703125,92.7699966430664,1.1776621341705322,1.374910593032837,,4.078499794006348,109.17900085449219,3974.5400390625,13138.73046875,18.860000610351562,3876.6024169921875,3553.788458251953,11.839522406955735,,
2021-03-29,61.560001373291016,92.94000244140625,1.1788004636764526,1.3791011571884155,,4.043000221252441,109.79100036621094,3971.090087890625,13059.650390625,20.739999771118164,3880.65921875,3558.054608154297,11.608463759655047,,
2021-03-30,60.54999923706055,93.30000305175781,1.177100658416748,1.3775053024291992,,3.9830000400543213,109.83599853515625,3958.550048828125,13045.3896484375,19.610000610351562,3883.852021484375,3562.190908203125,11.126836007364217,,
2021-03-31,59.15999984741211,93.2300033569336,1.1723604202270508,1.3746649026870728,,4.002999782562256,110.30500030517578,3972.889892578125,13246.8701171875,19.399999618530273,3886.2728173828127,3566.8037072753905,11.385156533128523,,
2021-04-01,61.45000076293945,92.93000030517578,1.1728830337524414,1.3786258697509766,,4.003499984741211,110.75,4019.8701171875,13480.1103515625,17.329999923706055,3889.608818359375,3571.4842578125,12.554608308693266,,
2021-04-02,61.45000076293945,92.93000030517578,1.177994966506958,1.383508563041687,,4.003499984741211,110.61299896240234,4019.8701171875,13480.1103515625,17.329999923706055,3893.1768212890624,3576.538358154297,12.395554433868513,,
2021-04-05,58.650001525878906,92.5999984741211,1.176816701889038,1.383125901222229,,4.14900016784668,110.677001953125,4077.909912109375,13705.58984375,17.90999984741211,3897.6278173828123,3581.661707763672,13.855250574615319,,
2021-04-06,59.33000183105469,92.33999633789062,1.1818934679031372,1.3914011716842651,,4.126500129699707,110.19300079345703,4073.93994140625,13698.3798828125,18.1200008392334,3902.1142138671876,3586.5299572753906,13.59001569587151,,
2021-04-07,59.77000045776367,92.45999908447266,1.1874228715896606,1.383125901222229,,4.064000129699707,109.79299926757812,4079.949951171875,13688.83984375,17.15999984741211,3908.6978125,3591.3504064941408,13.604897583767182,,
2021-04-08,59.599998474121094,92.05999755859375,1.1873664855957031,1.3743815422058105,,4.103499889373779,109.85199737548828,4097.169921875,13829.3095703125,16.950000762939453,3914.89361328125,3596.1862060546873,13.93097262251982,,
2021-04-09,59.31999969482422,92.16000366210938,1.1915684938430786,1.373437762260437,,4.05049991607666,109.33000183105469,4128.7998046875,13900.1904296875,16.690000534057617,3923.1848095703126,3601.1801550292967,14.651298378431473,,
2021-04-12,59.70000076293945,92.13999938964844,1.1900511980056763,1.3712154626846313,,4.03000020980835,109.69400024414062,4127.990234375,13850.0,16.90999984741211,3930.267412109375,3605.9215063476563,14.47809463151996,,
2021-04-13,60.18000030517578,91.8499984741211,1.1914690732955933,1.3753834962844849,,4.043000221252441,109.3740005493164,4141.58984375,13996.099609375,16.649999618530273,3936.5730078125,3610.9028552246095,14.696794951366257,,
2021-04-14,63.150001525878906,91.69000244140625,1.1954143047332764,1.3759700059890747,,4.139999866485596,108.92400360107422,4124.66015625,13857.83984375,16.989999771118164,3942.4628125,3615.6764562988283,14.07713621788468,,
2021-04-15,63.459999084472656,91.66999816894531,1.1986095905303955,1.3779228925704956,,4.230500221252441,108.89399719238281,4170.419921875,14038.759765625,16.56999969482422,3948.4364111328123,3620.7683056640626,15.180524402820886,,
2021-04-16,63.130001068115234,91.55999755859375,1.1971746683120728,1.3785498142242432,,4.179999828338623,108.68900299072266,4185.47021484375,14052.33984375,16.25,3954.4092138671876,3625.7704565429685,15.436712417653528,,
2021-04-19,63.380001068115234,91.06999969482422,1.1969454288482666,1.3818453550338745,,4.25,108.71900177001953,4163.259765625,13914.76953125,17.290000915527344,3959.362607421875,3630.810655517578,14.66474461559385,,
2021-04-20,62.439998626708984,91.23999786376953,1.204529047012329,1.3993842601776123,,4.223999977111816,108.0979995727539,4134.93994140625,13786.26953125,18.68000030517578,3963.836806640625,3635.497755126953,13.73793136235498,,
2021-04-21,61.349998474121094,91.16000366210938,1.2032392024993896,1.3938837051391602,,4.286499977111816,108.13300323486328,4173.419921875,13950.2197265625,17.5,3969.107607421875,3640.232054443359,14.647084566513232,,
2021-04-22,61.43000030517578,91.33000183105469,1.2037750482559204,1.3931845426559448,,4.2804999351501465,108.03900146484375,4134.97998046875,13818.41015625,18.709999084472656,3973.479609375,3644.829104003906,13.447842477069907,,
2021-04-23,62.13999938964844,90.86000061035156,1.2014753818511963,1.3840255737304688,,4.3429999351501465,107.97799682617188,4180.169921875,14016.8095703125,17.329999923706055,3978.38640625,3649.6063037109375,14.537557588734511,,
2021-04-26,61.90999984741211,90.80999755859375,1.2089852094650269,1.3866355419158936,,4.447999954223633,107.8740005493164,4187.6201171875,14138.7802734375,17.639999389648438,3983.44220703125,3654.285203857422,14.594780745823993,,
2021-04-27,62.939998626708984,90.91000366210938,1.2081671953201294,1.3895643949508667,,4.743000030517578,108.2020034790039,4186.72021484375,14090.2197265625,17.559999465942383,3988.5248095703123,3658.9323046875,14.424642660923098,,
2021-04-28,63.86000061035156,90.61000061035156,1.2090305089950562,1.390356421470642,,4.5370001792907715,108.75,4183.18017578125,14051.0302734375,17.280000686645508,3993.5618115234374,3663.46810546875,14.186340793760008,,
2021-04-29,65.01000213623047,90.61000061035156,1.213592290878296,1.395673394203186,,4.493000030517578,108.50499725341797,4211.47021484375,14082.5498046875,17.610000610351562,3999.51181640625,3668.347156982422,14.805661367887016,,
2021-04-30,63.58000183105469,91.27999877929688,1.2127091884613037,1.3952839374542236,,4.479000091552734,108.90399932861328,4181.169921875,13962.6796875,18.610000610351562,4005.001015625,3673.1748571777343,13.82986338656312,,
2021-05-03,64.48999786376953,90.94999694824219,1.2027760744094849,1.3819791078567505,,4.543000221252441,109.28299713134766,4192.66015625,13895.1201171875,18.309999465942383,4011.32421875,3677.9411083984373,13.99476045650164,,
2021-05-04,65.69000244140625,91.29000091552734,1.2061271667480469,1.3903758525848389,,4.535999774932861,109.08699798583984,4164.66015625,13633.5,19.479999542236328,4016.99001953125,3682.672209472656,13.087994786436957,,
2021-05-05,65.62999725341797,91.30999755859375,1.2015043497085571,1.388811707496643,,4.539000034332275,109.3290023803711,4167.58984375,13582.419921875,19.149999618530273,4021.8332177734374,3687.217958984375,13.028030621166236,,
2021-05-06,64.70999908447266,90.94999694824219,1.2007973194122314,1.3909753561019897,,4.61899995803833,109.21900177001953,4201.6201171875,13632.83984375,18.389999389648438,4029.278818359375,3691.994959716797,13.803517150787089,,
2021-05-07,64.9000015258789,90.2300033569336,1.2068549394607544,1.389854073524475,,4.765999794006348,109.05000305175781,4232.60009765625,13752.240234375,16.690000534057617,4037.707822265625,3696.8023596191406,14.493545662319624,,
2021-05-10,64.91999816894531,90.20999908447266,1.2171076536178589,1.4041197299957275,,4.733500003814697,108.5719985961914,4188.43017578125,13401.8603515625,19.65999984741211,4043.4400244140625,3701.2714599609376,13.161928842297177,,
2021-05-11,65.27999877929688,90.13999938964844,1.2140932083129883,1.4131278991699219,,4.778500080108643,108.84400177001953,4152.10009765625,13389.4296875,21.84000015258789,4049.0762255859377,3705.499410400391,12.052375072638387,,
2021-05-12,66.08000183105469,90.70999908447266,1.2144500017166138,1.4138271808624268,,4.752500057220459,108.71499633789062,4063.0400390625,13031.6796875,27.59000015258789,4053.942626953125,3709.1757604980467,9.540240242401953,,
2021-05-13,63.81999969482422,90.75,1.2078505754470825,1.4063708782196045,,4.70550012588501,109.66400146484375,4112.5,13124.990234375,23.1299991607666,4060.8232275390624,3712.9924609375,10.759718563005858,,
2021-05-14,65.37000274658203,90.31999969482422,1.207729458808899,1.4050863981246948,,4.664000034332275,109.51599884033203,4173.85009765625,13429.98046875,18.809999465942383,4067.4614306640624,3717.105311279297,12.28764719124295,,
2021-05-17,66.2699966430664,90.22000122070312,1.2150373458862305,1.4101786613464355,,4.721499919891357,109.41200256347656,4163.2900390625,13379.0498046875,19.719999313354492,4074.3002294921876,3721.1194116210936,11.882731472161389,,
2021-05-18,65.48999786376953,89.75,1.2156872749328613,1.4148674011230469,,4.735499858856201,109.24199676513672,4127.830078125,13303.6396484375,21.34000015258789,4079.3480322265623,3725.0901123046874,10.811549618356485,,
2021-05-19,63.36000061035156,90.19000244140625,1.2223997116088867,1.41880202293396,,4.5894999504089355,108.86799621582031,4115.68017578125,13299.740234375,22.18000030517578,4083.6854345703123,3728.7667626953125,10.376444484456298,,
2021-05-20,62.04999923706055,89.80999755859375,1.217285394668579,1.4106162786483765,,4.581999778747559,109.27300262451172,4159.1201171875,13535.740234375,20.670000076293945,4088.08103515625,3732.695213623047,11.42404828575742,,
2021-05-21,63.58000183105469,90.0199966430664,1.222538709640503,1.4185603857040405,,4.495999813079834,108.86000061035156,4155.85986328125,13470.990234375,20.149999618530273,4092.3314306640623,3736.610262451172,11.22005163458111,,
2021-05-24,66.05000305175781,89.83000183105469,1.2183235883712769,1.4142870903015137,,4.541500091552734,108.91899871826172,4197.0498046875,13661.169921875,18.399999618530273,4096.893627929688,3740.6855615234376,12.200016164368616,,
2021-05-25,66.06999969482422,89.63999938964844,1.2214635610580444,1.415608525276184,,4.521999835968018,108.85099792480469,4188.1298828125,13657.169921875,18.84000015258789,4101.402026367187,3744.6773107910158,11.842210562271665,,
2021-05-26,66.20999908447266,90.04000091552734,1.2249093055725098,1.4143872261047363,,4.5329999923706055,108.802001953125,4195.990234375,13738.0,17.360000610351562,4105.839428710938,3748.7830114746093,11.929397394608834,,
2021-05-27,66.8499984741211,89.97000122070312,1.21925950050354,1.4116119146347046,,4.666500091552734,109.16999816894531,4200.8798828125,13736.2802734375,16.739999771118164,4111.547827148437,3752.859860839844,11.938096240886406,,
2021-05-28,66.31999969482422,90.02999877929688,1.2193188667297363,1.4203739166259766,,4.682499885559082,109.80899810791016,4204.10986328125,13748.740234375,16.760000228881836,4117.368022460938,3756.894610595703,11.903854088007954,,
2021-05-31,66.31999969482422,90.02999877929688,1.2190067768096924,1.4180374145507812,,4.682499885559082,109.90699768066406,4204.10986328125,13748.740234375,16.760000228881836,4122.63841796875,3760.758759765625,11.788873784163039,,
2021-06-01,67.72000122070312,89.83000183105469,1.223286509513855,1.4226775169372559,,4.6620001792907715,109.49299621582031,4202.0400390625,13736.48046875,17.899999618530273,4128.468818359375,3764.550859375,11.621284876468184,,
2021-06-02,68.83000183105469,89.9000015258789,1.2217769622802734,1.4157087802886963,,4.599999904632568,109.49299621582031,4208.1201171875,13756.330078125,17.479999542236328,4134.848422851563,3768.197810058594,11.674607579108633,,
2021-06-03,68.80999755859375,90.5,1.220986247062683,1.4171934127807617,,4.471499919891357,109.59500122070312,4192.85009765625,13614.509765625,18.040000915527344,4140.515024414062,3771.7393103027343,11.164896423335145,,
2021-06-04,69.62000274658203,90.13999938964844,1.2133007049560547,1.4109944105148315,,4.537499904632568,110.26599884033203,4229.89013671875,13814.490234375,16.420000076293945,4145.622026367188,3775.3487109375,12.039720316812206,,
2021-06-07,69.2300033569336,89.94999694824219,1.2168411016464233,1.4164307117462158,,4.534999847412109,109.61699676513672,4226.52001953125,13881.7197265625,16.420000076293945,4150.730625,3778.9797607421874,11.842885834910271,,
2021-06-08,70.05000305175781,90.08000183105469,1.2193634510040283,1.41765558719635,,4.563000202178955,109.27400207519531,4227.259765625,13924.91015625,17.06999969482422,4156.1048193359375,3782.4828100585937,11.75886257522784,,
2021-06-09,69.95999908447266,90.12000274658203,1.217285394668579,1.414987564086914,,4.536499977111816,109.46900177001953,4219.5498046875,13911.75,17.889999389648438,4161.038017578125,3785.676358642578,11.460922829665632,,
2021-06-10,70.29000091552734,90.08000183105469,1.218200445175171,1.4112334251403809,,4.489999771118164,109.61000061035156,4239.18017578125,14020.330078125,16.100000381469727,4165.42421875,3789.5969592285155,11.86361561373694,,
2021-06-11,70.91000366210938,90.55999755859375,1.2172558307647705,1.4170126914978027,,4.541500091552734,109.40899658203125,4247.43994140625,14069.419921875,15.649999618530273,4169.975615234375,3793.699359130859,11.96037269488174,,
2021-06-14,70.87999725341797,90.5199966430664,1.2110203504562378,1.411930799484253,,4.5320000648498535,109.70899963378906,4255.14990234375,14174.1396484375,16.389999389648438,4173.520415039063,3797.8403088378905,12.041306540500454,,
2021-06-15,72.12000274658203,90.54000091552734,1.212224006652832,1.4109944105148315,,4.340000152587891,110.04100036621094,4246.58984375,14072.8603515625,17.020000457763672,4176.973413085938,3802.4140576171876,11.681415527144317,,
2021-06-16,72.1500015258789,91.12999725341797,1.2127091884613037,1.4081531763076782,,4.392499923706055,110.08399963378906,4223.7001953125,14039.6796875,18.149999618530273,4179.84841796875,3806.5377587890625,10.959104124482542,,
2021-06-17,71.04000091552734,91.88999938964844,1.1995586156845093,1.3990709781646729,,4.184500217437744,110.7699966430664,4221.85986328125,14161.349609375,17.75,4182.342216796875,3810.9511083984376,10.782315049313187,,
2021-06-18,71.63999938964844,92.2300033569336,1.1913414001464844,1.3938642740249634,,4.162499904632568,110.32499694824219,4166.4501953125,14030.3798828125,20.700000762939453,4183.095224609375,3815.078509521484,9.210077457490842,,
2021-06-21,73.66000366210938,91.86000061035156,1.1873664855957031,1.381711721420288,,4.1875,110.20099639892578,4224.7900390625,14141.48046875,17.889999389648438,4185.031220703125,3819.2847595214844,10.617309393600207,,
2021-06-22,73.05999755859375,91.7300033569336,1.1912561655044556,1.392540454864502,,4.234499931335449,110.3740005493164,4246.43994140625,14253.26953125,16.65999984741211,4187.12822265625,3823.5109594726564,11.06127290902089,,
2021-06-23,73.08000183105469,91.80000305175781,1.1936734914779663,1.3949919939041138,,4.330999851226807,110.65399932861328,4241.83984375,14271.73046875,16.31999969482422,4189.47181640625,3827.7927087402345,10.816864091525808,,
2021-06-24,73.30000305175781,91.81999969482422,1.1933174133300781,1.3967455625534058,,4.311500072479248,111.01200103759766,4266.490234375,14369.7099609375,15.970000267028809,4191.39322265625,3832.340109863281,11.328590679995965,,
2021-06-25,74.05000305175781,91.80999755859375,1.1930327415466309,1.3916915655136108,,4.298999786376953,110.9209976196289,4280.7001953125,14360.3896484375,15.619999885559082,4193.297822265625,3837.1462609863283,11.55947425918962,,
2021-06-28,72.91000366210938,91.87999725341797,1.1942152976989746,1.389506459236145,,4.2779998779296875,110.8219985961914,4290.60986328125,14500.509765625,15.760000228881836,4195.84482421875,3842.1940100097654,11.670827972332008,,
2021-06-29,72.9800033569336,92.05000305175781,1.1928904056549072,1.3879058361053467,,4.276500225067139,110.60299682617188,4291.7998046875,14528.330078125,16.020000457763672,4198.982021484375,3847.075158691406,11.560071681764809,,
2021-06-30,73.47000122070312,92.44000244140625,1.1901928186416626,1.3842746019363403,,4.296500205993652,110.53500366210938,4297.5,14503.9501953125,15.829999923706055,4201.463623046875,3852.378059082031,11.55447191556364,,
2021-07-01,75.2300033569336,92.5999984741211,1.1856770515441895,1.3829153776168823,,4.242000102996826,111.1240005493164,4319.93994140625,14522.3798828125,15.479999542236328,4205.162822265625,3857.7448083496092,11.98096701617683,,
2021-07-02,75.16000366210938,92.2300033569336,1.1846235990524292,1.3759511709213257,,4.2820000648498535,111.5719985961914,4352.33984375,14639.330078125,15.069999694824219,4208.606220703125,3863.014207763672,12.666938552876882,,
2021-07-05,75.16000366210938,92.2300033569336,1.1856207847595215,1.383125901222229,,4.2820000648498535,111.13500213623047,4352.33984375,14639.330078125,15.069999694824219,4211.900615234375,3868.017906494141,12.521191705000003,,
2021-07-06,73.37000274658203,92.55000305175781,1.186380386352539,1.3856172561645508,,4.257999897003174,110.91600036621094,4343.5400390625,14663.6396484375,16.440000534057617,4215.03701171875,3873.0582568359373,12.147552425687469,,
2021-07-07,72.19999694824219,92.63999938964844,1.1824523210525513,1.3805670738220215,,4.328999996185303,110.60199737548828,4358.1298828125,14665.0595703125,16.200000762939453,4218.536005859375,3878.03390625,12.379880840875506,,
2021-07-08,72.94000244140625,92.36000061035156,1.17933988571167,1.3801099061965942,,4.271500110626221,110.63500213623047,4320.81982421875,14559.7802734375,19.0,4220.722998046875,3882.734005126953,11.282921222863244,,
2021-07-09,74.55999755859375,92.12999725341797,1.184800386428833,1.3790820837020874,,4.352499961853027,109.8010025024414,4369.5498046875,14701.919921875,16.18000030517578,4224.490595703125,3887.8396545410155,12.390175340277851,,
2021-07-12,74.0999984741211,92.2300033569336,1.187295913696289,1.3899506330490112,,4.322999954223633,110.21499633789062,4384.6298828125,14733.240234375,16.170000076293945,4228.329990234375,3892.7198034667967,12.63666804139398,,
2021-07-13,75.25,92.75,1.186521053314209,1.3886960744857788,,4.314499855041504,110.32499694824219,4369.2099609375,14677.650390625,17.1200008392334,4232.420986328125,3897.761003417969,12.095378785567275,,
2021-07-14,73.12999725341797,92.41000366210938,1.1775373220443726,1.3806052207946777,,4.2769999504089355,110.59500122070312,4374.2998046875,14644.9501953125,16.329999923706055,4236.555185546875,3902.535302734375,12.088667119105255,,
2021-07-15,71.6500015258789,92.62000274658203,1.1833338737487793,1.385809302330017,,4.333000183105469,109.98400115966797,4360.02978515625,14543.1298828125,17.010000228881836,4239.72337890625,3907.101301269531,11.592442810211988,,
2021-07-16,71.80999755859375,92.69000244140625,1.1811814308166504,1.3829728364944458,,4.332499980926514,109.77799987792969,4327.16015625,14427.240234375,18.450000762939453,4241.614580078125,3911.351402587891,10.630820677144866,,
2021-07-19,66.41999816894531,92.88999938964844,1.1814005374908447,1.3763866424560547,,4.2104997634887695,109.8740005493164,4258.490234375,14274.98046875,22.5,4243.01578125,3914.97275390625,8.77445392502407,,
2021-07-20,67.41999816894531,92.97000122070312,1.1793843507766724,1.3669979572296143,,4.273499965667725,109.53399658203125,4323.06005859375,14498.8798828125,19.729999542236328,4246.43498046875,3919.028404541016,10.309485217932558,,
2021-07-21,70.30000305175781,92.75,1.1784114837646484,1.3633265495300293,,4.28249979019165,109.91999816894531,4358.68994140625,14631.9501953125,17.90999984741211,4252.347978515625,3923.378504638672,11.09532093966724,,
2021-07-22,71.91000366210938,92.81999969482422,1.179273009300232,1.3714035749435425,,4.3480000495910645,110.25499725341797,4367.47998046875,14684.599609375,17.690000534057617,4257.447578125,3927.7992041015623,11.194074684572872,,
2021-07-23,72.06999969482422,92.91000366210938,1.1772738695144653,1.377389669418335,,4.406499862670898,110.13999938964844,4411.7900390625,14836.990234375,17.200000762939453,4262.206376953125,3932.4391040039063,12.189659455133867,,
2021-07-26,71.91000366210938,92.6500015258789,1.1773432493209839,1.3757808208465576,,4.589000225067139,110.54399871826172,4422.2998046875,14840.7099609375,17.579999923706055,4267.386572265625,3937.4160034179686,12.314771943036154,,
2021-07-27,71.6500015258789,92.43000030517578,1.1807769536972046,1.3829153776168823,,4.546000003814697,110.302001953125,4401.4599609375,14660.580078125,19.360000610351562,4272.859169921875,3942.2077026367188,11.649621048470214,,
2021-07-28,72.38999938964844,92.31999969482422,1.1823126077651978,1.3882719278335571,,4.479000091552734,109.80599975585938,4400.64013671875,14762.580078125,18.309999465942383,4278.558369140625,3947.0331030273437,11.49235443055933,,
2021-07-29,73.62000274658203,91.86000061035156,1.1845955848693848,1.3906852006912231,,4.519999980926514,109.89099884033203,4419.14990234375,14778.259765625,17.700000762939453,4283.75896484375,3951.8614025878906,11.824516402570543,,
2021-07-30,73.94999694824219,92.16999816894531,1.1892997026443481,1.3964334726333618,,4.480500221252441,109.40899658203125,4395.259765625,14672.6796875,18.239999771118164,4288.546962890625,3956.510751953125,11.089291579841847,,
2021-08-02,71.26000213623047,92.05000305175781,1.186704158782959,1.3896223306655884,,4.432000160217285,109.70600128173828,4387.16015625,14681.0703125,19.459999084472656,4292.349169921875,3961.4417028808593,10.74655353528357,,
2021-08-03,70.55999755859375,92.08000183105469,1.1874650716781616,1.3892748355865479,,4.382999897003174,109.26899719238281,4423.14990234375,14761.2900390625,18.040000915527344,4297.0495703125,3966.604052734375,11.509740915397284,,
2021-08-04,68.1500015258789,92.2699966430664,1.1869436502456665,1.391788363456726,,4.329999923706055,108.99099731445312,4402.66015625,14780.5302734375,17.969999313354492,4301.18296875,3972.2622033691405,10.835084162264272,,
2021-08-05,69.08999633789062,92.23999786376953,1.1837401390075684,1.3890432119369507,,4.3454999923706055,109.52899932861328,4429.10009765625,14895.1201171875,17.280000686645508,4305.747373046875,3977.8571533203126,11.34387000195031,,
2021-08-06,68.27999877929688,92.80000305175781,1.1835720539093018,1.3927576541900635,,4.3454999923706055,109.75199890136719,4436.52001953125,14835.759765625,16.149999618530273,4310.395576171875,3983.6899536132814,11.367101134646365,,
2021-08-09,66.4800033569336,92.94999694824219,1.1749500036239624,1.3868471384048462,,4.2870001792907715,110.25900268554688,4432.35009765625,14860.1796875,16.719999313354492,4314.960380859375,3989.3005041503907,11.105946845691848,,
2021-08-10,68.29000091552734,93.05999755859375,1.17384672164917,1.3849073648452759,,4.351500034332275,110.30599975585938,4436.75,14788.08984375,16.790000915527344,4319.654580078125,3994.6384545898436,11.067623526784253,,
2021-08-11,69.25,92.91000366210938,1.172333002090454,1.3836042881011963,,4.363999843597412,110.5979995727539,4442.41015625,14765.1396484375,16.170000076293945,4324.340380859375,3999.6333056640624,11.070436131204858,,
2021-08-12,69.08999633789062,93.04000091552734,1.1741899251937866,1.3866932392120361,,4.355999946594238,110.3740005493164,4460.830078125,14816.259765625,15.59000015258789,4329.69998046875,4004.385206298828,11.398625464607953,,
2021-08-13,68.44000244140625,92.5199966430664,1.173626184463501,1.3811582326889038,,4.38700008392334,110.40299987792969,4468.0,14822.900390625,15.449999809265137,4334.462177734375,4009.178006591797,11.444290890896305,,
2021-08-16,67.29000091552734,92.62999725341797,1.179467797279358,1.3863856792449951,,4.322000026702881,109.6240005493164,4479.7099609375,14793.759765625,16.1200008392334,4339.5259765625,4013.8240563964846,11.607033541955415,,
2021-08-17,66.58999633789062,93.12999725341797,1.177994966506958,1.3842746019363403,,4.199999809265137,109.2969970703125,4448.080078125,14656.1796875,17.90999984741211,4343.9423828125,4018.336806640625,10.694555786717268,,
2021-08-18,65.45999908447266,93.13999938964844,1.1709738969802856,1.3740416765213013,,4.116000175476074,109.53700256347656,4400.27001953125,14525.91015625,21.56999969482422,4347.556787109375,4022.4748571777345,9.392107490227687,,
2021-08-19,63.689998626708984,93.56999969482422,1.1703298091888428,1.3743815422058105,,4.03849983215332,109.84200286865234,4405.7998046875,14541.7900390625,21.670000076293945,4350.8891796875,4026.8188061523438,9.411424173248944,,
2021-08-20,62.31999969482422,93.5,1.1676595211029053,1.3630849123001099,,4.134500026702881,109.76799774169922,4441.669921875,14714.66015625,18.559999465942383,4354.773779296875,4031.10140625,10.185020773440142,,
2021-08-23,65.63999938964844,92.95999908447266,1.1697548627853394,1.3625277280807495,,4.234499931335449,109.83999633789062,4479.52978515625,14942.650390625,17.149999618530273,4359.261376953125,4035.3645056152345,11.006819307721937,,
2021-08-24,67.54000091552734,92.88999938964844,1.1744533777236938,1.37247633934021,,4.255000114440918,109.6780014038086,4486.22998046875,15019.7998046875,17.219999313354492,4364.0541796875,4039.7480053710938,11.052223418491227,,
2021-08-25,68.36000061035156,92.83000183105469,1.175309181213379,1.3725517988204956,,4.264999866485596,109.7300033569336,4496.18994140625,15041.8603515625,16.790000915527344,4369.503974609375,4044.3900048828127,11.171027917138973,,
2021-08-26,67.41999816894531,93.05999755859375,1.1774401664733887,1.3766520023345947,,4.245999813079834,109.97599792480469,4470.0,14945.8095703125,18.84000015258789,4374.46677734375,4048.830654296875,10.402246516686334,,
2021-08-27,68.73999786376953,92.69000244140625,1.1756407022476196,1.3702384233474731,,4.316500186920166,110.0479965209961,4509.3701171875,15129.5,16.389999389648438,4381.32517578125,4053.5898046875,11.243868631526151,,
2021-08-30,69.20999908447266,92.6500015258789,1.1799006462097168,1.3762996196746826,,4.361000061035156,109.86499786376953,4528.7900390625,15265.8896484375,16.190000534057617,4387.40517578125,4058.345804443359,11.59201944063184,,
2021-08-31,68.5,92.62999725341797,1.1796904802322388,1.376045823097229,,4.360000133514404,109.94400024414062,4522.68017578125,15259.240234375,16.479999542236328,4392.92998046875,4062.782155761719,11.31978044570559,,
2021-09-01,68.58999633789062,92.44999694824219,1.1810280084609985,1.3753398656845093,,4.263000011444092,110.05599975585938,4524.08984375,15309.3798828125,16.110000610351562,4398.57498046875,4067.25435546875,11.23203636544142,,
2021-09-02,69.98999786376953,92.2300033569336,1.1840906143188477,1.3771638870239258,,4.289999961853027,110.09600067138672,4536.9501953125,15331.1796875,16.40999984741211,4403.9841796875,4071.7908569335937,11.423949675283938,,
2021-09-03,69.29000091552734,92.04000091552734,1.1876484155654907,1.383680820465088,,4.325500011444092,109.94499969482422,4535.43017578125,15363.51953125,16.40999984741211,4409.078779296875,4076.276257324219,11.264053009950619,,
2021-09-06,69.29000091552734,92.04000091552734,1.1885942220687866,1.3859245777130127,,4.325500011444092,109.76399993896484,4535.43017578125,15363.51953125,16.40999984741211,4413.975185546875,4080.8452587890624,11.139479401066035,,
2021-09-07,68.3499984741211,92.5199966430664,1.1875073909759521,1.3839489221572876,,4.277500152587891,109.81999969482422,4520.02978515625,15374.330078125,18.139999389648438,4418.53978515625,4085.133157958984,10.645837244006731,,
2021-09-08,69.30000305175781,92.6500015258789,1.184356927871704,1.3779798746109009,,4.23199987411499,110.2959976196289,4514.06982421875,15286.6396484375,17.959999084472656,4422.871181640625,4089.35845703125,10.385770082279054,,
2021-09-09,68.13999938964844,92.4800033569336,1.1819101572036743,1.3767657279968262,,4.2835001945495605,110.21800231933594,4493.27978515625,15248.25,18.799999237060547,4426.337978515625,4093.4912561035158,9.766443948222383,,
2021-09-10,69.72000122070312,92.58000183105469,1.1825922727584839,1.3839681148529053,,4.447999954223633,109.78099822998047,4458.580078125,15115.490234375,20.950000762939453,4428.462783203125,4097.288555908203,8.817819816371536,,
2021-09-13,70.44999694824219,92.62000274658203,1.1811953783035278,1.3840830326080322,,4.363500118255615,109.91500091552734,4468.72998046875,15105.580078125,19.3700008392334,4430.7905859375,4101.17240600586,8.96225610814678,,
2021-09-14,70.45999908447266,92.6500015258789,1.1811953783035278,1.3838149309158325,,4.317999839782715,109.99400329589844,4443.0498046875,15037.759765625,19.459999084472656,4432.78078125,4104.876405029297,8.238333296560969,,
2021-09-15,72.61000061035156,92.48999786376953,1.1804981231689453,1.381024718284607,,4.403500080108643,109.71900177001953,4480.7001953125,15161.5302734375,18.18000030517578,4435.2321875,4108.915805664063,9.048235769054688,,
2021-09-16,72.61000061035156,92.86000061035156,1.1819995641708374,1.3848881721496582,,4.278500080108643,109.38300323486328,4473.75,15181.919921875,18.690000534057617,4438.290791015625,4112.944055175782,8.772449612344605,,
2021-09-17,71.97000122070312,93.19999694824219,1.176747441291809,1.3797005414962769,,4.245500087738037,109.6989974975586,4432.990234375,15043.9697265625,20.809999465942383,4439.559599609375,4116.791706542968,7.680702604639573,,
2021-09-20,70.29000091552734,93.23999786376953,1.1729930639266968,1.3729662895202637,,4.117000102996826,109.97100067138672,4357.72998046875,14713.900390625,25.709999084472656,4439.0216015625,4120.342906494141,5.761342668845819,,
2021-09-21,70.55999755859375,93.19999694824219,1.1730204820632935,1.366269588470459,,4.127999782562256,109.43699645996094,4354.18994140625,14746.400390625,24.360000610351562,4438.721201171875,4123.640755615234,5.5909134537743785,,
2021-09-22,72.2300033569336,93.45999908447266,1.17229163646698,1.3657469749450684,,4.252500057220459,109.14900207519531,4395.64013671875,14896.849609375,20.8700008392334,4439.1480078125,4127.113106689453,6.506413153399004,,
2021-09-23,73.30000305175781,93.0999984741211,1.168770432472229,1.3617113828659058,,4.230999946594238,109.8219985961914,4448.97998046875,15052.240234375,18.6299991607666,4440.92701171875,4130.745606689453,7.704041935284973,,
2021-09-24,73.9800033569336,93.33000183105469,1.1740258932113647,1.3722503185272217,,4.287499904632568,110.32599639892578,4455.47998046875,15047.7001953125,17.75,4443.493408203125,4134.47595703125,7.764080061744904,,
2021-09-27,75.44999694824219,93.37999725341797,1.1723054647445679,1.3669044971466064,,4.293499946594238,110.76399993896484,4443.10986328125,14969.9697265625,18.760000228881836,4447.18580078125,4138.216906738281,7.367737443789137,,
2021-09-28,75.29000091552734,93.7699966430664,1.1696795225143433,1.3701633214950562,,4.244999885559082,110.96399688720703,4352.6298828125,14546.6796875,23.25,4447.777197265625,4141.543756103516,5.096798178164848,,
2021-09-29,74.83000183105469,94.33999633789062,1.1686338186264038,1.354224443435669,,4.199999809265137,111.52799987792969,4359.4599609375,14512.4404296875,22.559999465942383,4447.79259765625,4144.891005859375,5.17670922528005,,
2021-09-30,75.02999877929688,94.25,1.1601601839065552,1.3426424264907837,,4.090000152587891,111.93599700927734,4307.5400390625,14448.580078125,23.139999389648438,4446.593798828125,4147.913405761718,3.8483598302474187,,
2021-10-01,75.87999725341797,94.04000091552734,1.1574475765228271,1.346982717514038,,4.19350004196167,111.46099853515625,4357.0400390625,14566.7001953125,21.100000381469727,4445.498798828125,4151.183305664063,4.958989238503565,,
2021-10-04,77.62000274658203,93.80999755859375,1.160725712776184,1.3570915460586548,,4.246500015258789,110.9469985961914,4300.4599609375,14255.48046875,22.959999084472656,4443.062001953125,4154.008804931641,3.5255379293368896,,
2021-10-05,78.93000030517578,93.9800033569336,1.1618449687957764,1.3607479333877563,,4.202000141143799,110.96800231933594,4345.72021484375,14433.830078125,21.299999237060547,4441.94720703125,4157.102205810547,4.5372473346833715,,
2021-10-06,77.43000030517578,94.2699966430664,1.1596084833145142,1.3627691268920898,,4.1570000648498535,111.48699951171875,4363.5498046875,14501.91015625,21.0,4441.205400390625,4160.259754638671,4.886474932776999,,
2021-10-07,78.30000305175781,94.22000122070312,1.1555349826812744,1.3592127561569214,,4.250999927520752,111.41300201416016,4399.759765625,14654.01953125,19.540000915527344,4440.81759765625,4163.478203125,5.675100264068956,,
2021-10-08,79.3499984741211,94.06999969482422,1.1559758186340332,1.3620266914367676,,4.2829999923706055,111.66200256347656,4391.33984375,14579.5400390625,18.770000457763672,4440.73919921875,4166.654552001954,5.392462680643679,,
2021-10-11,80.5199966430664,94.31999969482422,1.1566041707992554,1.361655831336975,,4.374499797821045,112.2699966430664,4361.18994140625,14486.2001953125,20.0,4440.219794921875,4169.957252197266,4.585962820319519,,
2021-10-12,80.63999938964844,94.5199966430664,1.1553747653961182,1.3590649366378784,,4.328999996185303,113.38800048828125,4350.64990234375,14465.919921875,19.850000381469727,4438.769794921875,4173.076201171875,4.255223068344853,,
2021-10-13,80.44000244140625,94.08000183105469,1.15340256690979,1.3578838109970093,,4.520500183105469,113.51899719238281,4363.7998046875,14571.6396484375,18.639999389648438,4437.992587890625,4176.154500732422,4.493255791234934,,
2021-10-14,81.30999755859375,93.95999908447266,1.1599582433700562,1.366923213005066,,4.631499767303467,113.3010025024414,4438.259765625,14823.4296875,16.860000610351562,4438.17578125,4179.326849365234,6.195565113532418,,
2021-10-15,82.27999877929688,93.94000244140625,1.159151554107666,1.3668859004974365,,4.734000205993652,113.83399963378906,4471.3701171875,14897.33984375,16.299999237060547,4438.872783203125,4182.560300292968,6.905096308457331,,
2021-10-18,82.44000244140625,93.94999694824219,1.1597026586532593,1.376159429550171,,4.730500221252441,114.3239974975586,4486.4599609375,15021.8095703125,16.309999465942383,4439.95498046875,4185.994549560547,7.1778739274396886,,
2021-10-19,82.95999908447266,93.79000091552734,1.161386251449585,1.373645305633545,,4.714000225067139,114.28500366210938,4519.6298828125,15129.08984375,15.699999809265137,4441.612578125,4189.586749267578,7.877701389107651,,
2021-10-20,83.87000274658203,93.55999755859375,1.1631964445114136,1.3793197870254517,,4.75600004196167,114.54299926757812,4536.18994140625,15121.6796875,15.489999771118164,4443.488173828125,4193.218498535156,8.179193213778545,,
2021-10-21,82.5,93.7699966430664,1.1655012369155884,1.3822999000549316,,4.58650016784668,114.38899993896484,4549.77978515625,15215.7001953125,15.010000228881836,4445.26716796875,4196.989697265625,8.405788751887348,,
2021-10-22,83.76000213623047,93.61000061035156,1.1625338792800903,1.379120111465454,,4.526000022888184,113.8499984741211,4544.89990234375,15090.2001953125,15.430000305175781,4446.805166015625,4200.872946777344,8.189415864869778,,
2021-10-25,83.76000213623047,93.80999755859375,1.1640088558197021,1.3762730360031128,,4.551499843597412,113.66400146484375,4566.47998046875,15226.7099609375,15.239999771118164,4448.54056640625,4204.8640966796875,8.59994224485418,,
2021-10-26,84.6500015258789,93.94999694824219,1.161170482635498,1.37644362449646,,4.486499786376953,113.76499938964844,4574.7900390625,15235.7099609375,15.979999542236328,4451.074765625,4208.743497314453,8.697287966862724,,
2021-10-27,82.66000366210938,93.86000061035156,1.1598236560821533,1.3766140937805176,,4.38700008392334,114.18800354003906,4551.68017578125,15235.83984375,16.979999542236328,4454.10296875,4212.2426477050785,8.058356473388455,,
2021-10-28,82.80999755859375,93.3499984741211,1.1600120067596436,1.3732868432998657,,4.4375,113.7760009765625,4596.419921875,15448.1201171875,16.530000686645508,4457.91537109375,4215.959396972657,9.024292908881897,,
2021-10-29,83.56999969482422,94.12000274658203,1.1683608293533325,1.380071759223938,,4.375500202178955,113.61599731445312,4605.3798828125,15498.3896484375,16.260000228881836,4461.1895703125,4219.778946533203,9.137941611754103,,
2021-11-01,84.05000305175781,93.87999725341797,1.1556684970855713,1.36832594871521,,4.4019999504089355,114.23600006103516,4613.669921875,15595.919921875,16.40999984741211,4463.872373046875,4223.570495605469,9.236247546369144,,
2021-11-02,83.91000366210938,94.08999633789062,1.1599582433700562,1.365541934967041,,4.374000072479248,114.09400177001953,4630.64990234375,15649.599609375,16.030000686645508,4466.760771484375,4227.47564453125,9.536997766836457,,
2021-11-03,80.86000061035156,93.86000061035156,1.1579434871673584,1.3617392778396606,,4.326000213623047,113.96199798583984,4660.56982421875,15811.580078125,15.100000381469727,4470.048369140625,4232.024643554688,10.126244924323167,,
2021-11-04,78.80999755859375,94.3499984741211,1.1615750789642334,1.3694878816604614,,4.326000213623047,114.06999969482422,4680.06005859375,15940.3095703125,15.4399995803833,4474.2495703125,4236.488044433594,10.47027654764597,,
2021-11-05,81.2699966430664,94.31999969482422,1.1555349826812744,1.3508602380752563,,4.348999977111816,113.83699798583984,4697.52978515625,15971.58984375,16.479999542236328,4478.012763671875,4241.404493408203,10.754109693073039,,
2021-11-08,81.93000030517578,94.05000305175781,1.1568851470947266,1.349127173423767,,4.40500020980835,113.4749984741211,4701.7001953125,15982.3603515625,17.219999313354492,4481.470966796875,4246.043693847656,10.731319183669063,,
2021-11-09,84.1500015258789,93.95999908447266,1.159151554107666,1.3564507961273193,,4.380000114440918,113.25399780273438,4685.25,15886.5400390625,17.780000686645508,4484.72236328125,4250.338393554687,10.232399545053235,,
2021-11-10,81.33999633789062,94.8499984741211,1.1595547199249268,1.3560001850128174,,4.328000068664551,112.91200256347656,4646.7099609375,15622.7099609375,18.729999542236328,4487.174765625,4254.42109375,9.220734350057537,,
2021-11-11,81.58999633789062,95.18000030517578,1.148593544960022,1.3412736654281616,,4.4045000076293945,113.90499877929688,4649.27001953125,15704.2802734375,17.65999984741211,4489.421162109375,4258.308743896484,9.18113972349089,,
2021-11-12,80.79000091552734,95.12999725341797,1.145081877708435,1.3366482257843018,,4.45550012588501,114.04299926757812,4682.85009765625,15860.9599609375,16.290000915527344,4492.369560546875,4262.288843994141,9.867028468863838,,
2021-11-15,80.87999725341797,95.41000366210938,1.144164800643921,1.341705560684204,,4.4070000648498535,113.98100280761719,4682.7998046875,15853.849609375,16.489999771118164,4495.316953125,4266.124892578125,9.767058457061918,,
2021-11-16,80.76000213623047,95.91999816894531,1.1366478204727173,1.3408420085906982,,4.358500003814697,114.13200378417969,4700.89990234375,15973.8603515625,16.3700008392334,4498.93435546875,4270.0732421875,10.089444272284739,,
2021-11-17,78.36000061035156,95.83000183105469,1.1321182250976562,1.3424620628356934,,4.2729997634887695,114.90399932861328,4688.669921875,15921.5703125,17.110000610351562,4502.426357421875,4273.967192382813,9.702992812656175,,
2021-11-18,79.01000213623047,95.54000091552734,1.1321182250976562,1.34916353225708,,4.309999942779541,114.19000244140625,4704.5400390625,15993.7099609375,17.59000015258789,4506.6515625,4277.907993164063,9.97291308228647,,
2021-11-19,76.0999984741211,96.06999969482422,1.1368415355682373,1.3499648571014404,,4.4085001945495605,114.28199768066406,4697.9599609375,16057.4404296875,17.90999984741211,4511.43916015625,4281.723642578125,9.721232688169238,,
2021-11-22,76.75,96.5,1.1275737285614014,1.3434540033340454,,4.395500183105469,114.13800048828125,4682.93994140625,15854.759765625,19.170000076293945,4515.723359375,4285.464191894531,9.274975398546077,,
2021-11-23,78.5,96.48999786376953,1.12421452999115,1.3397642374038696,,4.423500061035156,114.79000091552734,4690.7001953125,15775.1396484375,19.3799991607666,4520.6763671875,4289.254742431641,9.359328764261596,,
2021-11-24,78.38999938964844,96.83999633789062,1.1244926452636719,1.337595820426941,,4.458000183105469,115.14099884033203,4701.4599609375,15845.23046875,18.579999923706055,4525.0915625,4293.105391845703,9.511869190712702,,
2021-11-25,78.38999938964844,96.83999633789062,1.1202975511550903,1.333066701889038,,4.458000183105469,115.40799713134766,4701.4599609375,15845.23046875,18.579999923706055,4529.64576171875,4297.042841796875,9.411521691310659,,
2021-11-26,68.1500015258789,96.08999633789062,1.1209630966186523,1.331416130065918,,4.281499862670898,115.06900024414062,4594.6201171875,15491.66015625,28.6200008392334,4532.878359375,4300.482392578125,6.83964489930258,,
2021-11-29,69.94999694824219,96.33999633789062,1.1293182373046875,1.334098219871521,,4.336999893188477,113.71900177001953,4655.27001953125,15782.830078125,22.959999084472656,4538.82916015625,4304.376242675781,8.152023825810787,,
2021-11-30,66.18000030517578,95.98999786376953,1.1293437480926514,1.3315047025680542,,4.2779998779296875,113.80400085449219,4567.0,15537.6904296875,27.190000534057617,4543.085361328125,4307.8043920898435,6.016884341036966,,
2021-12-01,65.56999969482422,96.05000305175781,1.1330289840698242,1.3295927047729492,,4.247499942779541,113.29900360107422,4513.0400390625,15254.0498046875,31.1200008392334,4545.433359375,4310.742442626954,4.692871335459952,,
2021-12-02,66.5,96.12999725341797,1.1319515705108643,1.3280000686645508,,4.298999786376953,112.88200378417969,4577.10009765625,15381.3203125,27.950000762939453,4547.99576171875,4314.481242675782,6.086916136819168,,
2021-12-03,66.26000213623047,96.12000274658203,1.1306205987930298,1.3299994468688965,,4.266499996185303,113.02200317382812,4538.43017578125,15085.4697265625,30.670000076293945,4549.654765625,4318.117644042969,5.102050242707299,,
2021-12-06,69.48999786376953,96.29000091552734,1.1304799318313599,1.3237318992614746,,4.336999893188477,113.04199981689453,4591.669921875,15225.150390625,27.18000030517578,4552.625966796875,4321.566893310547,6.250117960283146,,
2021-12-07,72.05000305175781,96.37000274658203,1.128668189048767,1.326435923576355,,4.3379998207092285,113.45800018310547,4686.75,15686.919921875,21.889999389648438,4559.308369140625,4325.649193115234,8.347898564208563,,
2021-12-08,72.36000061035156,95.88999938964844,1.1276500225067139,1.3246086835861206,,4.390999794006348,113.5250015258789,4701.2099609375,15786.990234375,19.899999618530273,4566.143369140625,4330.056643066407,8.571558029510083,,
2021-12-09,70.94000244140625,96.2699966430664,1.1345586776733398,1.3210039138793945,,4.329999923706055,113.68399810791016,4667.4501953125,15517.3701171875,21.579999923706055,4573.341572265625,4334.551544189453,7.6801174868782836,,
2021-12-10,71.66999816894531,96.05000305175781,1.1293309926986694,1.3224014043807983,,4.2829999923706055,113.447998046875,4712.02001953125,15630.599609375,18.690000534057617,4580.441171875,4338.901944580078,8.599366376952842,,
2021-12-13,71.29000091552734,96.31999969482422,1.131183385848999,1.3257148265838623,,4.28000020980835,113.5009994506836,4668.97021484375,15413.2802734375,20.309999465942383,4587.811376953125,4343.140045166016,7.502179673906408,,
2021-12-14,70.7300033569336,96.56999969482422,1.1285407543182373,1.3213530778884888,,4.254000186920166,113.5770034790039,4634.08984375,15237.6396484375,21.889999389648438,4593.57876953125,4346.933294677734,6.605957110587656,,
2021-12-15,70.87000274658203,96.51000213623047,1.1261261701583862,1.323050618171692,,4.179500102996826,113.74299621582031,4709.85009765625,15565.580078125,19.290000915527344,4600.504775390625,4350.988494873047,8.247817782236494,,
2021-12-16,72.37999725341797,96.04000091552734,1.1290758848190308,1.3263126611709595,,4.30049991607666,114.13600158691406,4668.669921875,15180.4296875,20.56999969482422,4605.882978515625,4354.635144042969,7.2115060721360935,,
2021-12-17,70.86000061035156,96.56999969482422,1.1334141492843628,1.3323739767074585,,4.290999889373779,113.66300201416016,4620.64013671875,15169.6796875,21.56999969482422,4610.468984375,4358.02164428711,6.026094266326201,,
2021-12-20,68.2300033569336,96.55000305175781,1.1243535280227661,1.3229438066482544,,4.288000106811523,113.51799774169922,4568.02001953125,14980.9404296875,22.8700008392334,4614.6055859375,4361.017044677735,4.746667411129373,,
2021-12-21,71.12000274658203,96.48999786376953,1.1277517080307007,1.3210004568099976,,4.3379998207092285,113.66200256347656,4649.22998046875,15341.08984375,21.010000228881836,4620.5771875,4364.449644775391,6.524999916868439,,
2021-12-22,72.76000213623047,96.08000183105469,1.128757357597351,1.3269639015197754,,4.389500141143799,113.99400329589844,4696.56005859375,15521.8896484375,18.6299991607666,4627.232392578125,4368.061844482422,7.520457031217973,,
2021-12-23,73.79000091552734,96.0199966430664,1.1328877210617065,1.3352025747299194,,4.38700008392334,114.12100219726562,4725.7900390625,15653.3701171875,17.959999084472656,4632.982998046875,4372.113494873047,8.089372442051,,
2021-12-24,73.79000091552734,96.0199966430664,1.132733702659607,1.3406623601913452,,4.38700008392334,114.45800018310547,4725.7900390625,15653.3701171875,17.959999084472656,4638.071396484375,4376.176944580078,7.9890072752981265,,
2021-12-27,75.56999969482422,96.08999633789062,1.1324259042739868,1.3404303789138794,,4.465000152587891,114.33300018310547,4791.18994140625,15871.259765625,17.68000030517578,4644.16599609375,4380.429943847656,9.377161667326943,,
2021-12-28,75.9800033569336,96.19999694824219,1.1330032348632812,1.344266653060913,,4.420000076293945,114.79199981689453,4786.35009765625,15781.7197265625,17.540000915527344,4649.500400390625,4384.809094238281,9.157548134663394,,
2021-12-29,76.55999755859375,95.93000030517578,1.1314777135849,1.3433277606964111,,4.4019999504089355,114.77300262451172,4793.06005859375,15766.2197265625,16.950000762939453,4654.637802734375,4389.32869506836,9.19802073558546,,
2021-12-30,76.98999786376953,95.97000122070312,1.1360150575637817,1.349879264831543,,4.384500026702881,114.947998046875,4778.72998046875,15741.5595703125,17.329999923706055,4659.216806640625,4393.674744873047,8.76385390259081,,
2021-12-31,75.20999908447266,95.66999816894531,1.132502794265747,1.349837303161621,,4.454999923706055,115.06300354003906,4766.18017578125,15644.9697265625,17.219999313354492,4663.642412109375,4397.632945556641,8.380581890013996,,
2022-01-03,76.08000183105469,96.23999786376953,1.1373459100723267,1.3522284030914307,,4.4145002365112305,115.14199829101562,4796.56005859375,15832.7998046875,16.600000381469727,4668.244013671875,4401.760295410157,8.969133634906528,,
2022-01-04,76.98999786376953,96.29000091552734,1.1302244663238525,1.3483266830444336,,4.466000080108643,115.3280029296875,4793.5400390625,15622.7197265625,16.90999984741211,4672.619013671875,4405.935245361328,8.797332963739109,,
2022-01-05,77.8499984741211,96.19000244140625,1.1283625364303589,1.353143334388733,,4.4045000076293945,116.17400360107422,4700.580078125,15100.169921875,19.729999542236328,4675.59701171875,4409.573696289062,6.599422118306767,,
2022-01-06,79.45999908447266,96.25,1.1313496828079224,1.3555645942687988,,4.3480000495910645,116.12799835205078,4696.0498046875,15080.8603515625,19.610000610351562,4677.589609375,4412.954594726562,6.415094555906685,,
2022-01-07,78.9000015258789,95.73999786376953,1.1296881437301636,1.353363037109375,,4.4029998779296875,115.86499786376953,4677.02978515625,14935.900390625,18.760000228881836,4679.022607421875,4416.240393066406,5.9052354237620115,,
2022-01-10,78.2300033569336,95.98999786376953,1.1353960037231445,1.3592311143875122,,4.3445000648498535,115.61799621582031,4670.2900390625,14942.830078125,19.399999618530273,4680.155009765625,4419.202293701172,5.68174364226801,,
2022-01-11,81.22000122070312,95.62000274658203,1.1330417394638062,1.3580313920974731,,4.420499801635742,115.27799987792969,4713.06982421875,15153.4501953125,18.40999984741211,4681.803408203125,4422.397943115235,6.572721063151535,,
2022-01-12,82.63999938964844,95.0,1.1366478204727173,1.3633265495300293,,4.564000129699707,115.33100128173828,4726.35009765625,15188.3896484375,17.6200008392334,4683.119013671875,4425.629943847656,6.794968346294826,,
2022-01-13,82.12000274658203,94.79000091552734,1.144164800643921,1.3709993362426758,,4.533999919891357,114.67500305175781,4659.02978515625,14806.8095703125,20.309999465942383,4682.698408203125,4428.439243164063,5.207038627618912,,
2022-01-14,83.81999969482422,95.16999816894531,1.1457115411758423,1.3713659048080444,,4.411499977111816,114.11799621582031,4662.85009765625,14893.75,19.190000534057617,4682.004814453125,4431.109494628906,5.229855035364046,,
2022-01-17,83.81999969482422,95.16999816894531,1.1410704851150513,1.367353081703186,,4.411499977111816,114.30599975585938,4662.85009765625,14893.75,19.190000534057617,4681.2278125,4433.783793945313,5.166384162072708,,
2022-01-18,85.43000030517578,95.7300033569336,1.1410574913024902,1.364800214767456,,4.375999927520752,114.57099914550781,4577.10986328125,14506.900390625,22.790000915527344,4679.065009765625,4435.961394042969,3.1819138333311145,,
2022-01-19,86.95999908447266,95.51000213623047,1.1329647302627563,1.3600261211395264,,4.462500095367432,114.55400085449219,4532.759765625,14340.259765625,23.850000381469727,4676.786005859375,4438.001892089844,2.135147209018764,,
2022-01-20,86.9000015258789,95.73999786376953,1.1343399286270142,1.3608589172363281,,4.576499938964844,114.34700012207031,4482.72998046875,14154.01953125,25.59000015258789,4673.455205078125,4439.563442382812,0.9723149279463659,,
2022-01-21,85.13999938964844,95.63999938964844,1.1313753128051758,1.359767198562622,,4.512499809265137,113.99299621582031,4397.93994140625,13768.919921875,28.850000381469727,4667.757001953125,4440.625791015625,-0.9612575258139874,,
2022-01-24,83.30999755859375,95.91999816894531,1.1341469287872314,1.3555830717086792,,4.4029998779296875,113.78500366210938,4410.1298828125,13855.1298828125,29.899999618530273,4662.303603515625,4441.860141601563,-0.7143461923054143,,
2022-01-25,85.5999984741211,95.94999694824219,1.1324130296707153,1.3489269018173218,,4.442999839782715,114.01100158691406,4356.4501953125,13539.2900390625,31.15999984741211,4655.414609375,4442.967692871094,-1.9472907196110092,,
2022-01-26,87.3499984741211,96.48999786376953,1.130454421043396,1.3510775566101074,,4.504499912261963,113.875,4349.93017578125,13542.1201171875,31.959999084472656,4648.639814453125,4443.850244140625,-2.1134841004872365,,
2022-01-27,86.61000061035156,97.26000213623047,1.1243535280227661,1.3468012809753418,,4.413000106811523,114.72100067138672,4326.509765625,13352.7802734375,30.489999771118164,4641.079208984375,4444.807893066406,-2.6614902215671217,,
2022-01-28,86.81999969482422,97.2699966430664,1.1147029399871826,1.3388315439224243,,4.302999973297119,115.35199737548828,4431.85009765625,13770.5703125,27.65999984741211,4635.75701171875,4446.066293945312,-0.3197477353952641,,
2022-01-31,88.1500015258789,96.54000091552734,1.1152374744415283,1.3403388261795044,,4.317999839782715,115.26200103759766,4515.5498046875,14239.8798828125,24.829999923706055,4632.409208984375,4447.705942382812,1.5253675306677552,,
2022-02-01,88.19999694824219,96.38999938964844,1.12296462059021,1.3445378541946411,,4.428999900817871,115.12100219726562,4546.5400390625,14346.0,21.959999084472656,4629.526005859375,4449.505041503906,2.1808043063998164,,
2022-02-02,88.26000213623047,95.94000244140625,1.1273956298828125,1.352539300918579,,4.491000175476074,114.73600006103516,4589.3798828125,14417.5498046875,22.09000015258789,4627.284404296875,4451.536040039063,3.096545586368602,,
2022-02-03,90.2699966430664,95.37999725341797,1.1299946308135986,1.3565024137496948,,4.4664998054504395,114.38200378417969,4477.43994140625,13878.8203125,24.350000381469727,4622.80400390625,4452.865888671875,0.5518704885519156,,
2022-02-04,92.30999755859375,95.4800033569336,1.14357590675354,1.359841227531433,,4.483500003814697,114.95700073242188,4500.52978515625,14098.009765625,23.219999313354492,4620.922197265625,4454.462687988282,1.0341785394721326,,
2022-02-07,91.31999969482422,95.4000015258789,1.145514726638794,1.3533447980880737,,4.46150016784668,115.2239990234375,4483.8701171875,14015.669921875,22.860000610351562,4617.49419921875,4455.918737792968,0.6272865606246676,,
2022-02-08,89.36000061035156,95.63999938964844,1.1442956924438477,1.353780746459961,,4.459499835968018,115.06300354003906,4521.5400390625,14194.4501953125,21.440000534057617,4616.585,4457.703137207031,1.4320581674145647,,
2022-02-09,89.66000366210938,95.48999786376953,1.142126202583313,1.3547565937042236,,4.600500106811523,115.53099822998047,4587.18017578125,14490.3701171875,19.959999084472656,4618.067802734375,4459.801088867188,2.85616072053153,,
2022-02-10,89.87999725341797,95.55000305175781,1.142152190208435,1.3533265590667725,,4.65749979019165,115.60199737548828,4504.080078125,14185.6396484375,23.90999984741211,4616.60740234375,4461.313388671875,0.9586120885772703,,
2022-02-11,93.0999984741211,96.08000183105469,1.1415525674819946,1.3551788330078125,,4.505000114440918,116.0469970703125,4418.64013671875,13791.150390625,27.360000610351562,4614.2116015625,4462.243588867187,-0.9771643183537306,,
2022-02-14,95.45999908447266,96.37000274658203,1.1365057229995728,1.3569625616073608,,4.507500171661377,115.58399963378906,4401.669921875,13790.919921875,28.329999923706055,4610.4116015625,4463.309787597656,-1.3810348968816166,,
2022-02-15,92.06999969482422,95.98999786376953,1.1306334733963013,1.3532898426055908,,4.531499862670898,115.53600311279297,4471.06982421875,14139.759765625,25.700000762939453,4606.097998046875,4464.904636230469,0.13808106758325106,,
2022-02-16,93.66000366210938,95.69999694824219,1.1356796026229858,1.3541145324707031,,4.540500164031982,115.63500213623047,4475.009765625,14124.08984375,24.290000915527344,4601.573994140625,4466.9644848632815,0.18010621729768905,,
2022-02-17,91.76000213623047,95.80000305175781,1.1375269889831543,1.3584926128387451,,4.525000095367432,115.38700103759766,4380.259765625,13716.7197265625,28.110000610351562,4595.830185546875,4468.303283691406,-1.9704015702727933,,
2022-02-18,91.06999969482422,96.04000091552734,1.1366478204727173,1.3618782758712769,,4.519499778747559,114.86599731445312,4348.8701171875,13548.0703125,27.75,4588.5671875,4469.1783837890625,-2.691954902448147,,
2022-02-21,91.06999969482422,96.04000091552734,1.131721019744873,1.359342098236084,,4.519499778747559,114.96099853515625,4348.8701171875,13548.0703125,27.75,4582.165185546875,4470.1062841796875,-2.7121540134573245,,
2022-02-22,92.3499984741211,96.02999877929688,1.1309658288955688,1.3596007823944092,,4.510000228881836,114.60900115966797,4304.759765625,13381.51953125,28.809999465942383,4575.578583984375,4470.990932617187,-3.7179938294994592,,
2022-02-23,92.0999984741211,96.19000244140625,1.13291335105896,1.3589357137680054,,4.481500148773193,115.09600067138672,4225.5,13037.490234375,31.020000457763672,4565.89158203125,4471.540031738281,-5.50235556412171,,
2022-02-24,92.80999755859375,97.13999938964844,1.1305694580078125,1.3545730113983154,,4.453999996185303,114.89800262451172,4288.7001953125,13473.58984375,30.31999969482422,4558.2921875,4472.187932128906,-4.102862840315837,,
2022-02-25,91.58999633789062,96.62000274658203,1.11906898021698,1.337327480316162,,4.4720001220703125,115.57099914550781,4384.64990234375,13694.6201171875,27.59000015258789,4553.5723828125,4473.331882324219,-1.9824592119105682,,
2022-02-28,95.72000122070312,96.70999908447266,1.118105411529541,1.337327480316162,,4.444499969482422,115.58499908447266,4373.93994140625,13751.400390625,30.149999618530273,4549.69078125,4474.216333007813,-2.241205702589521,,
2022-03-01,103.41000366210938,97.41000366210938,1.1215918064117432,1.3422818183898926,,4.58650016784668,115.0780029296875,4306.259765625,13532.4599609375,33.31999969482422,4542.831376953125,4474.806982421875,-3.766580714184297,,
2022-03-02,110.5999984741211,97.38999938964844,1.1132758855819702,1.3335111141204834,,4.6554999351501465,114.83300018310547,4386.5400390625,13752.01953125,30.739999771118164,4536.6309765625,4475.759731445312,-1.9933977187377199,,
2022-03-03,107.66999816894531,97.79000091552734,1.1112345457077026,1.33969247341156,,4.771500110626221,115.51899719238281,4363.490234375,13537.9404296875,30.479999542236328,4529.38498046875,4476.572783203125,-2.5260965096430583,,
2022-03-04,115.68000030517578,98.6500015258789,1.1066844463348389,1.3350956439971924,,4.928999900817871,115.4739990234375,4328.8701171875,13313.4404296875,31.979999542236328,4521.44658203125,4477.1965844726565,-3.312931752864432,,
2022-03-07,119.4000015258789,99.29000091552734,1.087453007698059,1.3212482929229736,,4.7220001220703125,114.94999694824219,4201.08984375,12830.9599609375,36.45000076293945,4509.644580078125,4477.181484375,-6.166639471474125,,
2022-03-08,123.69999694824219,99.05999755859375,1.0865312814712524,1.3112295866012573,,4.700500011444092,115.37300109863281,4170.7001953125,12795.5498046875,35.130001068115234,4497.33158203125,4477.02478515625,-6.842146392831708,,
2022-03-09,108.69999694824219,97.97000122070312,1.0898232460021973,1.3099292516708374,,4.564000129699707,115.72200012207031,4277.8798828125,13255.5498046875,32.45000076293945,4487.027978515625,4477.373583984375,-4.455596510540609,,
2022-03-10,106.0199966430664,98.51000213623047,1.107382893562317,1.3185653686523438,,4.643499851226807,115.90899658203125,4259.52001953125,13129.9599609375,30.229999542236328,4476.643779296875,4477.70693359375,-4.8727377047739555,,
2022-03-11,109.33000183105469,99.12000274658203,1.1013944149017334,1.3103240728378296,,4.616000175476074,116.17900085449219,4204.31005859375,12843.8095703125,30.75,4465.406376953125,4477.579033203125,-6.103051952471877,,
2022-03-14,103.01000213623047,99.05999755859375,1.093206763267517,1.3050298690795898,,4.512499809265137,117.52899932861328,4173.10986328125,12581.2197265625,31.770000457763672,4452.937373046875,4477.311982421875,-6.7943024818224815,,
2022-03-15,96.44000244140625,99.06999969482422,1.0943193435668945,1.3011853694915771,,4.501500129699707,118.21800231933594,4262.4501953125,12948.6201171875,29.829999923706055,4442.315576171875,4477.487934570312,-4.802642517415258,,
2022-03-16,95.04000091552734,98.37999725341797,1.0969363451004028,1.304648518562317,,4.5879998207092285,118.29199981689453,4357.85986328125,13436.5498046875,26.670000076293945,4435.461171875,4478.179484863282,-2.686797659377537,,
2022-03-17,102.9800033569336,98.01000213623047,1.1021955013275146,1.3141123056411743,,4.690499782562256,118.87000274658203,4411.669921875,13614.7802734375,25.670000076293945,4429.77357421875,4479.04193359375,-1.504161218349983,,
2022-03-18,104.69999694824219,98.2300033569336,1.1099518537521362,1.3160406351089478,,4.730500221252441,118.48600006103516,4463.1201171875,13893.83984375,23.8700008392334,4425.495380859375,4480.120334472656,-0.3794589434204884,,
2022-03-21,112.12000274658203,98.5,1.1043134927749634,1.3160839080810547,,4.701499938964844,119.26300048828125,4461.18017578125,13838.4599609375,23.530000686645508,4421.31318359375,4481.150485839844,-0.44565140406908516,,
2022-03-22,111.76000213623047,98.48999786376953,1.101722002029419,1.3168290853500366,,4.689000129699707,119.59400177001953,4511.60986328125,14108.8203125,22.940000534057617,4417.283984375,4482.4755859375,0.6499595320753236,,
2022-03-23,114.93000030517578,98.62000274658203,1.1029735803604126,1.3266470432281494,,4.762499809265137,121.33999633789062,4456.240234375,13922.599609375,23.56999969482422,4411.881787109375,4483.638286132813,-0.611067396818133,,
2022-03-24,112.33999633789062,98.79000091552734,1.1006306409835815,1.3206027746200562,,4.729000091552734,121.12699890136719,4520.16015625,14191.83984375,21.670000076293945,4409.10439453125,4485.129787597656,0.7810335555775969,,
2022-03-25,113.9000015258789,98.80999755859375,1.1009578704833984,1.3195745944976807,,4.685999870300293,122.34600067138672,4543.06005859375,14169.2998046875,20.809999465942383,4406.70859375,4487.012836914062,1.2490987593927712,,
2022-03-28,105.95999908447266,99.08999633789062,1.098189115524292,1.317627191543579,,4.714000225067139,122.2699966430664,4575.52001953125,14354.900390625,19.6299991607666,4404.9619921875,4488.7664868164065,1.9326809039775235,,
2022-03-29,104.23999786376953,98.4000015258789,1.0993843078613281,1.3103584051132202,,4.7164998054504395,123.66000366210938,4631.60009765625,14619.6396484375,18.899999618530273,4406.051796875,4490.692287597656,3.137774780243828,,
2022-03-30,107.81999969482422,97.79000091552734,1.1091516017913818,1.3093804121017456,,4.739500045776367,123.125,4602.4501953125,14442.26953125,19.329999923706055,4407.44560546875,4492.495339355469,2.447522983358426,,
2022-03-31,100.27999877929688,98.30999755859375,1.1161835193634033,1.3138878345489502,,4.743000030517578,122.02100372314453,4530.41015625,14220.51953125,20.559999465942383,4408.399208984375,4493.814938964843,0.8143463356233893,,
2022-04-01,99.2699966430664,98.62999725341797,1.1072357892990112,1.314699649810791,,4.682499885559082,121.75599670410156,4545.85986328125,14261.5,19.6299991607666,4411.357607421875,4495.140737304688,1.1283100783841922,,
2022-04-04,103.27999877929688,98.98999786376953,1.1047282218933105,1.3103755712509155,,4.776500225067139,122.61000061035156,4582.64013671875,14532.5498046875,18.56999969482422,4414.8078125,4496.600888671875,1.9134286136808583,,
2022-04-05,101.95999908447266,99.47000122070312,1.0975863933563232,1.3114582300186157,,4.790999889373779,122.80899810791016,4525.1201171875,14204.169921875,21.030000686645508,4418.1812109375,4497.767490234375,0.6081378597829549,,
2022-04-06,96.2300033569336,99.5999984741211,1.090643286705017,1.3077365159988403,,4.733500003814697,123.65599822998047,4481.14990234375,13888.8203125,22.100000381469727,4420.80560546875,4498.6857397460935,-0.3897991194942471,,
2022-04-07,96.02999877929688,99.75,1.0898232460021973,1.307206630706787,,4.695000171661377,123.7229995727539,4500.2099609375,13897.2998046875,21.549999237060547,4424.279609375,4499.58708984375,0.013842850050757003,,
2022-04-08,98.26000213623047,99.80000305175781,1.0864840745925903,1.3069332838058472,,4.71999979019165,124.09600067138672,4488.27978515625,13711.0,21.15999984741211,4425.408203125,4500.266789550781,-0.26636208374054393,,
2022-04-11,94.29000091552734,99.93000030517578,1.0884946584701538,1.303220272064209,,4.628499984741211,124.38500213623047,4412.52978515625,13411.9599609375,24.3700008392334,4423.347802734375,4500.567739257813,-1.9561521835038755,,
2022-04-12,100.5999984741211,100.29000091552734,1.0877959728240967,1.3024225234985352,,4.703999996185303,125.47200012207031,4397.4501953125,13371.5703125,24.260000228881836,4420.366005859375,4500.837290039062,-2.2970635920425595,,
2022-04-13,104.25,99.87999725341797,1.0826143026351929,1.3002548217773438,,4.706999778747559,125.41600036621094,4446.58984375,13643.58984375,21.81999969482422,4417.510205078125,4501.27958984375,-1.2149822067739684,,
2022-04-14,106.94999694824219,100.31999969482422,1.089656949043274,1.312026023864746,,4.7170000076293945,125.37699890136719,4392.58984375,13351.080078125,22.700000762939453,4415.813203125,4501.638439941406,-2.4224201398285956,,
2022-04-15,106.94999694824219,100.31999969482422,1.0820988416671753,1.3070015907287598,,4.7170000076293945,126.17900085449219,4392.58984375,13351.080078125,22.700000762939453,4413.654404296875,4501.753640136719,-2.424917157026022,,
2022-04-18,108.20999908447266,100.77999877929688,1.081525444984436,1.3057557344436646,,4.796000003814697,126.61799621582031,4391.68994140625,13332.3603515625,22.170000076293945,4411.81080078125,4501.7889404296875,-2.4456721645624007,,
2022-04-19,102.55999755859375,100.95999908447266,1.0781787633895874,1.3009822368621826,,4.714000225067139,127.0979995727539,4462.2099609375,13619.66015625,21.3700008392334,4410.62419921875,4502.253940429688,-0.8894207217544445,,
2022-04-20,102.75,100.38999938964844,1.0794472694396973,1.301371693611145,,4.649499893188477,129.33299255371094,4459.4501953125,13453.0703125,20.31999969482422,4408.069599609375,4502.679692382812,-0.9600837728573891,,
2022-04-21,103.79000091552734,100.58000183105469,1.0849870443344116,1.3068820238113403,,4.703499794006348,128.01300048828125,4393.66015625,13174.650390625,22.68000030517578,4405.861201171875,4502.847844238281,-2.424858484347737,,
2022-04-22,102.06999969482422,101.22000122070312,1.0835175514221191,1.302626132965088,,4.582499980926514,128.4080047607422,4271.77978515625,12839.2900390625,28.209999084472656,4402.923994140625,4502.570942382812,-5.125763928650611,,
2022-04-25,98.54000091552734,101.75,1.0811045169830322,1.2830876111984253,,4.448999881744385,128.60499572753906,4296.1201171875,13004.849609375,27.020000457763672,4400.812998046875,4502.759091796875,-4.58916345282228,,
2022-04-26,101.69999694824219,102.30000305175781,1.0714209079742432,1.2739989757537842,,4.440000057220459,127.74400329589844,4175.2001953125,12490.740234375,33.52000045776367,4394.89560546875,4502.019792480469,-7.259399385889898,,
2022-04-27,102.0199966430664,102.94999694824219,1.0643619298934937,1.2583998441696167,,4.454500198364258,127.26599884033203,4183.9599609375,12488.9296875,31.600000381469727,4389.074609375,4501.146142578125,-7.046787009207178,,
2022-04-28,105.36000061035156,103.62000274658203,1.0555092096328735,1.2541857957839966,,4.41349983215332,128.3939971923828,4287.5,12871.5302734375,29.989999771118164,4387.2194140625,4500.746242675781,-4.738019678910003,,
2022-04-29,104.69000244140625,102.95999908447266,1.0504201650619507,1.2463854551315308,,4.394999980926514,130.81100463867188,4131.93017578125,12334.6396484375,33.400001525878906,4382.880615234375,4499.346943359375,-8.16600213771908,,
2022-05-02,105.16999816894531,103.73999786376953,1.0535964965820312,1.2573871612548828,,4.255499839782715,130.01100158691406,4155.3798828125,12536.01953125,32.34000015258789,4379.010810546875,4498.01234375,-7.617419312189937,,
2022-05-03,102.41000366210938,103.47000122070312,1.0509058237075806,1.2498282194137573,,4.270999908447266,130.11199951171875,4175.47998046875,12563.759765625,29.25,4376.42521484375,4496.882443847656,-7.147228494234444,,
2022-05-04,107.80999755859375,102.58999633789062,1.0528532266616821,1.2500405311584473,,4.328499794006348,130.11599731445312,4300.169921875,12964.8603515625,25.420000076293945,4377.91861328125,4496.380092773437,-4.3637363134354565,,
2022-05-05,108.26000213623047,103.75,1.0622477531433105,1.261813759803772,,4.284999847412109,129.22300720214844,4146.8701171875,12317.6904296875,31.200000762939453,4375.08201171875,4495.018693847656,-7.745208649224711,,
2022-05-06,109.7699966430664,103.66000366210938,1.0539740324020386,1.2364147901535034,,4.261499881744385,130.3300018310547,4123.33984375,12144.66015625,30.190000534057617,4369.855810546875,4493.659094238281,-8.240928889401069,,
2022-05-09,103.08999633789062,103.6500015258789,1.053219199180603,1.2326656579971313,,4.192999839782715,130.74899291992188,3991.239990234375,11623.25,34.75,4362.201811523438,4491.679493408203,-11.141478458297199,,
2022-05-10,99.76000213623047,103.91999816894531,1.056579828262329,1.2338824272155762,,4.1545000076293945,130.3769989013672,4001.050048828125,11737.669921875,32.9900016784668,4356.0976171875,4489.568994140625,-10.881199196405502,,
2022-05-11,105.70999908447266,103.8499984741211,1.0532968044281006,1.2309207916259766,,4.212500095367432,130.3509979248047,3935.179931640625,11364.240234375,32.560001373291016,4347.070415039063,4487.231593017578,-12.302722735237941,,
2022-05-12,106.12999725341797,104.8499984741211,1.05124831199646,1.2234212160110474,,4.105000019073486,129.8350067138672,3930.080078125,11370.9599609375,31.770000457763672,4338.402211914063,4484.736492919922,-12.367647813211795,,
2022-05-13,110.48999786376953,104.55999755859375,1.0379581451416016,1.220613718032837,,4.180500030517578,128.58799743652344,4023.889892578125,11805.0,28.8700008392334,4332.302607421875,4482.673342285157,-10.234594731213564,,
2022-05-16,114.19999694824219,104.19000244140625,1.0400632619857788,1.2258507013320923,,4.196499824523926,129.4320068359375,4008.010009765625,11662.7900390625,27.469999313354492,4328.441010742187,4480.551641845703,-10.546505650483265,,
2022-05-17,112.4000015258789,103.36000061035156,1.0438958406448364,1.2324832677841187,,4.239500045776367,128.92300415039062,4088.85009765625,11984.51953125,26.100000381469727,4326.804008789062,4478.812142333984,-8.706818510912552,,
2022-05-18,109.58999633789062,103.80999755859375,1.0547856092453003,1.2484394311904907,,4.182000160217285,129.45399475097656,3923.679931640625,11418.150390625,30.959999084472656,4319.720009765625,4476.218491210938,-12.34386928732865,,
2022-05-19,112.20999908447266,102.72000122070312,1.0472739934921265,1.2345831394195557,,4.284999847412109,127.91400146484375,3900.7900390625,11388.5,29.350000381469727,4312.54541015625,4473.418291015625,-12.800686515347486,,
2022-05-20,113.2300033569336,103.1500015258789,1.057898759841919,1.2462146282196045,,4.281000137329102,127.83200073242188,3901.360107421875,11354.6201171875,29.43000030517578,4306.4864111328125,4470.585091552734,-12.7326730723999,,
2022-05-23,110.29000091552734,102.08000183105469,1.0569819211959839,1.2504063844680786,,4.347499847412109,127.90299987792969,3973.75,11535.26953125,28.479999542236328,4302.499213867188,4468.055291748047,-11.063097018091266,,
2022-05-24,109.7699966430664,101.86000061035156,1.0682048797607422,1.256754994392395,,4.325500011444092,127.84600067138672,3941.47998046875,11264.4501953125,29.450000762939453,4296.079809570312,4465.522291259766,-11.735297163709339,,
2022-05-25,110.33000183105469,102.05999755859375,1.0736525058746338,1.2542959451675415,,4.2769999504089355,126.76899719238281,3978.72998046875,11434.740234375,28.3700008392334,4288.497211914062,4463.414591064453,-10.859054221985536,,
2022-05-26,114.08999633789062,101.83000183105469,1.0686614513397217,1.258610486984253,,4.255000114440918,127.1520004272461,4057.840087890625,11740.650390625,27.5,4281.420615234375,4461.674792480469,-9.05119094001317,,
2022-05-27,115.06999969482422,101.66999816894531,1.0732953548431396,1.261734127998352,,4.303999900817871,127.04499816894531,4158.240234375,12131.1298828125,25.719999313354492,4275.323017578125,4460.257644042968,-6.771299637170889,,
2022-05-30,115.06999969482422,101.66999816894531,1.0731456279754639,1.262833595275879,,4.303999900817871,127.28500366210938,4158.240234375,12131.1298828125,25.719999313354492,4269.26421875,4458.651196289063,-6.737709425758509,,
2022-05-31,114.66999816894531,101.75,1.0773539543151855,1.2647020816802979,,4.295000076293945,127.78399658203125,4132.14990234375,12081.3896484375,26.190000534057617,4261.67501953125,4456.880795898437,-7.286057411576485,,
2022-06-01,115.26000213623047,102.55000305175781,1.0734105110168457,1.2608909606933594,,4.329999923706055,128.73599243164062,4101.22998046875,11994.4599609375,25.690000534057617,4254.574814453125,4454.90599609375,-7.939023089042021,,
2022-06-02,116.87000274658203,101.7699966430664,1.0654165744781494,1.2483147382736206,,4.553999900817871,130.1219940185547,4176.81982421875,12316.900390625,24.719999313354492,4247.7080078125,4453.4400952148435,-6.211384122878804,,
2022-06-03,118.87000274658203,102.13999938964844,1.0751069784164429,1.2579249143600464,,4.477499961853027,129.91799926757812,4108.5400390625,12012.73046875,24.790000915527344,4239.017607421875,4451.4359448242185,-7.703040322537069,,
2022-06-06,118.5,102.44000244140625,1.0726046562194824,1.249230146408081,,4.439499855041504,130.70700073242188,4121.43017578125,12061.3701171875,25.06999969482422,4229.935810546875,4449.399145507812,-7.371084476826159,,
2022-06-07,119.41000366210938,102.31999969482422,1.0691413879394531,1.2523481845855713,,4.439499855041504,132.17599487304688,4160.68017578125,12175.23046875,24.020000457763672,4220.517412109375,4447.589145507813,-6.450887443511921,,
2022-06-08,122.11000061035156,102.54000091552734,1.0698620080947876,1.2587324380874634,,4.458499908447266,132.8470001220703,4115.77001953125,12086.26953125,23.959999084472656,4210.78380859375,4445.547546386719,-7.418153183931358,,
2022-06-09,121.51000213623047,103.22000122070312,1.071765422821045,1.254028558731079,,4.388999938964844,134.42999267578125,4017.820068359375,11754.23046875,26.09000015258789,4200.532006835938,4442.951895751953,-9.568679503351365,,
2022-06-10,120.66999816894531,104.1500015258789,1.0619205236434937,1.2492972612380981,,4.301000118255615,134.41799926757812,3900.860107421875,11340.01953125,27.75,4187.63201171875,4439.779045410156,-12.138417981530306,,
2022-06-13,120.93000030517578,105.08000183105469,1.0489987134933472,1.2274909019470215,,4.2164998054504395,134.81399536132812,3749.6298828125,10809.23046875,34.02000045776367,4170.971806640625,4435.850043945313,-15.469868330410874,,
2022-06-14,118.93000030517578,105.5199966430664,1.0415147542953491,1.2144765853881836,,4.161499977111816,134.22500610351562,3735.47998046875,10828.349609375,32.689998626708984,4155.17900390625,4431.927294921875,-15.71432174104295,,
2022-06-15,115.30999755859375,105.16000366210938,1.0440592765808105,1.201258897781372,,4.167500019073486,135.29400634765625,3789.989990234375,11099.150390625,29.6200008392334,4141.355805664062,4428.306895751954,-14.414468566528482,,
2022-06-16,117.58999633789062,103.62999725341797,1.0456204414367676,1.2174336910247803,,4.111999988555908,134.11500549316406,3666.77001953125,10646.099609375,32.95000076293945,4124.687006835938,4424.174346923828,-17.11967630568648,,
2022-06-17,109.55999755859375,104.69999694824219,1.0546854734420776,1.2354830503463745,,4.017499923706055,132.42100524902344,3674.840087890625,10798.349609375,31.1299991607666,4108.418212890625,4420.255646972656,-16.863630038967344,,
2022-06-20,109.55999755859375,104.69999694824219,1.049141764640808,1.2228227853775024,,4.017499923706055,135.2760009765625,3674.840087890625,10798.349609375,31.1299991607666,4093.6644189453127,4416.286197509766,-16.78890534850807,,
2022-06-21,110.6500015258789,104.44000244140625,1.0520778894424438,1.225174903869629,,4.043000221252441,135.08700561523438,3764.7900390625,11069.2998046875,30.190000534057617,4081.0112158203124,4412.89489868164,-14.686614444698485,,
2022-06-22,106.19000244140625,104.19999694824219,1.053263545036316,1.2266627550125122,,3.9514999389648438,136.2689971923828,3759.889892578125,11053.080078125,28.950000762939453,4067.277216796875,4409.290847167968,-14.728013576308886,,
2022-06-23,104.2699966430664,104.43000030517578,1.0564124584197998,1.225084900856018,,3.758500099182129,136.0240020751953,3795.72998046875,11232.1904296875,29.049999237060547,4055.34001953125,4405.900747070313,-13.848944895258786,,
2022-06-24,107.62000274658203,104.19000244140625,1.052011489868164,1.2260762453079224,,3.759999990463257,134.83999633789062,3911.739990234375,11607.6201171875,27.229999542236328,4045.7230224609375,4403.294495849609,-11.16333477305586,,
2022-06-27,109.56999969482422,103.94000244140625,1.0566133260726929,1.228244662284851,,3.7790000438690186,135.06199645996094,3900.110107421875,11524.5498046875,26.950000762939453,4035.89142578125,4401.006396484375,-11.38140334135,,
2022-06-28,111.76000213623047,104.51000213623047,1.0580891370773315,1.2267379760742188,,3.7839999198913574,135.43499755859375,3821.550048828125,11181.5400390625,28.360000610351562,4023.0782275390625,4398.343197021484,-13.113873164421502,,
2022-06-29,109.77999877929688,105.11000061035156,1.0523545742034912,1.2189769744873047,,3.7790000438690186,136.0469970703125,3818.830078125,11177.8896484375,28.15999984741211,4010.2658251953126,4395.459146728515,-13.118744808097993,,
2022-06-30,105.76000213623047,104.69000244140625,1.04465913772583,1.2131799459457397,,3.7144999504089355,136.58900451660156,3785.3798828125,11028.740234375,28.709999084472656,3998.1002197265625,4392.141146240235,-13.814703198851777,,
2022-07-01,108.43000030517578,105.13999938964844,1.0477677583694458,1.2160863876342773,,3.61899995803833,135.78599548339844,3825.330078125,11127.849609375,26.700000762939453,3989.1712255859375,4388.990396728515,-12.842596306969797,,
2022-07-04,108.43000030517578,105.13999938964844,1.0433948040008545,1.2102727890014648,,3.61899995803833,135.04299926757812,3825.330078125,11127.849609375,26.700000762939453,3979.7554248046877,4385.901497802734,-12.781213165835384,,
2022-07-05,99.5,106.5,1.0433186292648315,1.211445689201355,,3.424999952316284,135.83999633789062,3831.389892578125,11322.240234375,27.540000915527344,3972.87921875,4383.295297851562,-12.59110709570376,,
2022-07-06,98.52999877929688,107.0999984741211,1.0257673263549805,1.19491446018219,,3.4179999828338623,135.52099609375,3845.080078125,11361.849609375,26.729999542236328,3966.10162109375,4380.7233984375,-12.22728009952765,,
2022-07-07,102.7300033569336,107.12999725341797,1.0186411142349243,1.1923214197158813,,3.5820000171661377,135.96600341796875,3902.6201171875,11621.349609375,26.079999923706055,3958.4040234375,4378.698798828125,-10.872606304138541,,
2022-07-08,104.79000091552734,107.01000213623047,1.0169836282730103,1.2028049230575562,,3.5320000648498535,135.91299438476562,3899.3798828125,11635.3095703125,24.639999389648438,3953.753017578125,4376.410498046875,-10.900042750726106,,
2022-07-11,104.08999633789062,108.0199966430664,1.0166114568710327,1.2016630172729492,,3.4375,136.30099487304688,3854.429931640625,11372.599609375,26.170000076293945,3947.7340185546873,4374.18034790039,-11.882235640083879,,
2022-07-12,95.83999633789062,108.06999969482422,1.004752516746521,1.1900936365127563,,3.2964999675750732,137.38800048828125,3818.800048828125,11264.73046875,27.290000915527344,3940.600419921875,4371.545747070312,-12.64417051137168,,
2022-07-13,96.30000305175781,107.95999908447266,1.0033109188079834,1.1877753734588623,,3.325500011444092,136.7259979248047,3801.780029296875,11247.580078125,26.81999969482422,3930.6326220703127,4368.73689819336,-12.977592427938223,,
2022-07-14,95.77999877929688,108.54000091552734,1.0032706260681152,1.186380386352539,,3.2105000019073486,137.6280059814453,3790.3798828125,11251.1904296875,26.399999618530273,3923.5028173828123,4365.689998779297,-13.177988270529076,,
2022-07-15,97.58999633789062,108.05999755859375,1.0025665760040283,1.1839643716812134,,3.234499931335449,138.9669952392578,3863.159912109375,11452.419921875,24.229999542236328,3918.29921875,4363.049099121094,-11.457335813901748,,
2022-07-18,102.5999984741211,107.37000274658203,1.009631872177124,1.1888344287872314,,3.3480000495910645,138.31399536132812,3830.85009765625,11360.0498046875,25.299999237060547,3915.0914208984377,4360.397399902344,-12.14447339726314,,
2022-07-19,104.22000122070312,106.68000030517578,1.0145177841186523,1.194828748703003,,3.2915000915527344,138.22900390625,3936.68994140625,11713.150390625,24.5,3913.80421875,4358.327600097657,-9.674299350098396,,
2022-07-20,102.26000213623047,107.08000183105469,1.0231330394744873,1.2003505229949951,,3.3294999599456787,138.1909942626953,3959.89990234375,11897.650390625,23.8799991607666,3914.2986181640626,4356.308100585938,-9.099636414349789,,
2022-07-21,96.3499984741211,106.91000366210938,1.0182781219482422,1.1971746683120728,,3.302000045776367,138.39500427246094,3998.949951171875,12059.6103515625,23.110000610351562,3915.676015625,4354.111551513672,-8.156924693817906,,
2022-07-22,94.69999694824219,106.7300033569336,1.0221081972122192,1.1996161937713623,,3.3485000133514404,137.09800720214844,3961.6298828125,11834.1103515625,23.030000686645508,3914.4308154296873,4351.562850341797,-8.960756880684121,,
2022-07-25,96.69999694824219,106.4800033569336,1.0200231075286865,1.1986957788467407,,3.3510000705718994,136.31199645996094,3966.840087890625,11782.669921875,23.360000610351562,3913.6074169921876,4348.964750976563,-8.78656611323721,,
2022-07-26,94.9800033569336,107.19000244140625,1.022494912147522,1.2055164575576782,,3.382499933242798,136.43099975585938,3921.050048828125,11562.5703125,24.690000534057617,3910.251416015625,4345.97185180664,-9.777371263964199,,
2022-07-27,97.26000213623047,106.44999694824219,1.0129557847976685,1.2036880254745483,,3.429500102996826,136.97000122070312,4023.610107421875,12032.419921875,23.239999771118164,3912.25001953125,4343.408952636719,-7.362853664071997,,
2022-07-28,96.41999816894531,106.3499984741211,1.0209290981292725,1.2163082361221313,,3.4749999046325684,136.11099243164062,4072.429931640625,12162.58984375,22.329999923706055,3915.6828173828126,4341.022203369141,-6.187304720995361,,
2022-07-29,98.62000274658203,105.9000015258789,1.0192328691482544,1.2173447608947754,,3.5840001106262207,134.39700317382812,4130.2900390625,12390.6904296875,21.329999923706055,3920.261416015625,4338.949154052734,-4.808978109258071,,
2022-08-01,93.88999938964844,105.44999694824219,1.0208247900009155,1.2167373895645142,,3.552000045776367,133.40699768066406,4118.6298828125,12368.98046875,22.84000015258789,3923.159013671875,4336.709903564453,-5.028697459627348,,
2022-08-02,94.41999816894531,106.23999786376953,1.0261356830596924,1.2254151105880737,,3.5244998931884766,131.57200622558594,4091.18994140625,12348.759765625,23.93000030517578,3926.153212890625,4334.291903076172,-5.608804554612156,,
2022-08-03,90.66000366210938,106.51000213623047,1.015568733215332,1.2142995595932007,,3.4695000648498535,133.37899780273438,4155.169921875,12668.16015625,21.950000762939453,3929.68201171875,4332.309351806641,-4.088799195693881,,
2022-08-04,88.54000091552734,105.69000244140625,1.015764594078064,1.2138278484344482,,3.4830000400543213,133.96200561523438,4151.93994140625,12720.580078125,21.440000534057617,3931.5640087890624,4330.086951904297,-4.11416704737768,,
2022-08-05,89.01000213623047,106.62000274658203,1.024779200553894,1.215849757194519,,3.552999973297119,132.62100219726562,4145.18994140625,12657.5498046875,21.149999618530273,3931.3030029296874,4327.786002197266,-4.219156416197786,,
2022-08-08,90.76000213623047,106.44000244140625,1.0170871019363403,1.2059526443481445,,3.5875000953674316,135.0570068359375,4140.06005859375,12644.4599609375,21.290000915527344,3930.9393994140623,4325.417952880859,-4.28531754171074,,
2022-08-09,90.5,106.37000274658203,1.0197629928588867,1.208473801612854,,3.5924999713897705,134.83999633789062,4122.47021484375,12493.9296875,21.770000457763672,3930.7458056640626,4322.877054443359,-4.635959734122367,,
2022-08-10,91.93000030517578,105.19999694824219,1.0208144187927246,1.207423210144043,,3.6554999351501465,135.18699645996094,4210.240234375,12854.7998046875,19.739999771118164,3932.9260107421874,4320.62540649414,-2.5548424529751026,,
2022-08-11,94.33999633789062,105.08999633789062,1.0300782918930054,1.2212995290756226,,3.7105000019073486,132.8300018310547,4207.27001953125,12779.91015625,20.200000762939453,3933.5350146484375,4318.261456298828,-2.570280606925288,,
2022-08-12,92.08999633789062,105.62999725341797,1.0316723585128784,1.2196162939071655,,3.6760001182556152,132.99400329589844,4280.14990234375,13047.1904296875,19.530000686645508,3936.9672119140623,4316.1745568847655,-0.8346431328536577,,
2022-08-15,89.41000366210938,106.55000305175781,1.0256409645080566,1.2127974033355713,,3.628999948501587,133.28799438476562,4297.14013671875,13128.0498046875,19.950000762939453,3940.4814111328124,4314.151756591797,-0.3943213135016339,,
2022-08-16,86.52999877929688,106.5,1.0161981582641602,1.205690860748291,,3.6364998817443848,133.14300537109375,4305.2001953125,13102.5498046875,19.690000534057617,3943.3718115234374,4312.25150756836,-0.16351811213895848,,
2022-08-17,88.11000061035156,106.56999969482422,1.0170663595199585,1.209818959236145,,3.5980000495910645,134.27699279785156,4274.0400390625,12938.1201171875,19.899999618530273,3946.5372119140625,4310.388157958984,-0.8432678813245325,,
2022-08-18,90.5,107.4800033569336,1.0180189609527588,1.2045146226882935,,3.6465001106262207,134.94400024414062,4283.740234375,12965.33984375,19.559999465942383,3951.855615234375,4308.560509033203,-0.5760688426254051,,
2022-08-19,90.7699966430664,108.16999816894531,1.0089900493621826,1.193274736404419,,3.683500051498413,135.7949981689453,4228.47998046875,12705.2197265625,20.600000381469727,3958.4080126953127,4306.288658447265,-1.806861642353792,,
2022-08-22,90.2300033569336,109.05000305175781,1.0035223960876465,1.1818095445632935,,3.6705000400543213,137.04100036621094,4137.990234375,12381.5703125,23.799999237060547,3966.1752197265623,4303.564610595703,-3.847377492905447,,
2022-08-23,93.73999786376953,108.62000274658203,0.9939467906951904,1.1766505241394043,,3.7044999599456787,137.54600524902344,4128.72998046875,12381.2998046875,24.110000610351562,3974.0402197265626,4300.703760986328,-3.9987357901195586,,
2022-08-24,94.88999938964844,108.68000030517578,0.9966909885406494,1.18327796459198,,3.6605000495910645,136.73300170898438,4140.77001953125,12431.5302734375,22.81999969482422,3981.0558203125,4297.964261474609,-3.657411564642151,,
2022-08-25,92.5199966430664,108.47000122070312,0.9969095587730408,1.1791757345199585,,3.7105000019073486,137.08099365234375,4199.1201171875,12639.26953125,21.780000686645508,3991.702822265625,4295.437161865234,-2.2423106437881084,,
2022-08-26,93.05999755859375,108.80000305175781,0.9971283078193665,1.1824007034301758,,3.7114999294281006,136.56300354003906,4057.659912109375,12141.7099609375,25.559999465942383,3999.35921875,4292.235661621094,-5.46511813433664,,
2022-08-29,97.01000213623047,108.83999633789062,0.993867814540863,1.1694538593292236,,3.626499891281128,137.52000427246094,4030.610107421875,12017.669921875,26.209999084472656,4006.474619140625,4288.974012451172,-6.023909314424604,,
2022-08-30,91.63999938964844,108.7699966430664,1.0014019012451172,1.172250509262085,,3.5450000762939453,138.5959930419922,3986.159912109375,11883.1396484375,26.209999084472656,4010.9020166015625,4285.451311035156,-6.983894511999184,,
2022-08-31,89.55000305175781,108.69999694824219,1.0025062561035156,1.1659767627716064,,3.5185000896453857,138.73399353027344,3955.0,11816.2001953125,25.8700008392334,4014.80421875,4281.719011230469,-7.630557035002099,,
2022-09-01,86.61000061035156,109.69000244140625,1.003905177116394,1.1598505973815918,,3.4144999980926514,139.29600524902344,3966.85009765625,11785.1298828125,25.559999465942383,4018.22662109375,4278.045961914063,-7.274252474804621,,
2022-09-02,86.87000274658203,109.52999877929688,0.995232880115509,1.154894471168518,,3.4214999675750732,140.08099365234375,3924.260009765625,11630.8603515625,25.469999313354492,4018.477021484375,4274.694161376953,-8.19787658208622,,
2022-09-05,86.87000274658203,109.52999877929688,0.9909427762031555,1.1474601030349731,,3.4214999675750732,140.48699951171875,3924.260009765625,11630.8603515625,25.469999313354492,4018.96001953125,4271.039111328125,-8.119314586530798,,
2022-09-06,86.87999725341797,110.20999908447266,0.9952229857444763,1.156644344329834,,3.4690001010894775,140.42999267578125,3908.18994140625,11544.91015625,26.90999984741211,4020.6928173828123,4267.745061035156,-8.424943722896485,,
2022-09-07,81.94000244140625,109.83999633789062,0.9897951483726501,1.151185154914856,,3.437999963760376,143.1510009765625,3979.8701171875,11791.900390625,24.639999389648438,4023.9136181640624,4265.079211425781,-6.687076138568081,,
2022-09-08,83.54000091552734,109.70999908447266,0.9995701909065247,1.1519808769226074,,3.5360000133514404,144.1280059814453,4006.179931640625,11862.1298828125,23.610000610351562,4028.329619140625,4262.224610595703,-6.007301405903434,,
2022-09-09,86.79000091552734,109.0,1.0012015104293823,1.1521600484848022,,3.5810000896453857,143.8560028076172,4067.360107421875,12112.3095703125,22.790000915527344,4033.1702197265627,4259.869260253906,-4.519132890490552,,
2022-09-12,87.77999877929688,108.33000183105469,1.0071406364440918,1.1619395017623901,,3.625499963760376,142.5959930419922,4110.41015625,12266.41015625,23.8700008392334,4038.8718212890626,4257.462961425781,-3.4540008100630555,,
2022-09-13,87.30999755859375,109.81999969482422,1.0129557847976685,1.1689754724502563,,3.5810000896453857,142.5850067138672,3932.68994140625,11633.5703125,27.270000457763672,4040.897822265625,4253.692661132813,-7.546448352031986,,
2022-09-14,88.4800033569336,109.66000366210938,0.9982032775878906,1.1506155729293823,,3.5455000400543213,144.4040069580078,3946.010009765625,11719.6796875,26.15999984741211,4042.9164208984375,4249.916661376953,-7.150884966126929,,
2022-09-15,85.0999984741211,109.73999786376953,0.9984025359153748,1.1544944047927856,,3.5234999656677246,142.92300415039062,3901.35009765625,11552.3603515625,26.270000457763672,4042.8910205078123,4246.086160888672,-8.118913516353873,,
2022-09-16,85.11000061035156,109.76000213623047,0.9988313317298889,1.1452654600143433,,3.561000108718872,143.36500549316406,3873.330078125,11448.400390625,26.299999237060547,4042.3700244140623,4241.892711181641,-8.688636374161678,,
2022-09-19,85.7300033569336,109.73999786376953,1.002234935760498,1.1433144807815552,,3.557499885559082,142.76499938964844,3899.889892578125,11535.01953125,25.760000228881836,4043.2792236328123,4238.047309570313,-7.979085467700287,,
2022-09-20,84.44999694824219,110.22000122070312,1.0029587745666504,1.1443217992782593,,3.5480000972747803,143.22300720214844,3855.929931640625,11425.0498046875,27.15999984741211,4044.0218212890627,4234.156510009766,-8.932749119570655,,
2022-09-21,82.94000244140625,110.63999938964844,0.997078537940979,1.138057827949524,,3.51200008392334,143.6020050048828,3789.929931640625,11220.1904296875,27.989999771118164,4043.7848193359373,4229.556909179688,-10.394161539354425,,
2022-09-22,83.48999786376953,111.3499984741211,0.983071506023407,1.1255937814712524,,3.498500108718872,144.3159942626953,3757.989990234375,11066.8095703125,27.350000381469727,4043.137021484375,4225.003509521484,-11.053565239286685,,
2022-09-23,78.73999786376953,113.19000244140625,0.9841550588607788,1.126417875289917,,3.371500015258789,142.27999877929688,3693.22998046875,10867.9296875,29.920000076293945,4039.7384228515625,4220.3664587402345,-12.490301101218423,,
2022-09-26,76.70999908447266,114.0999984741211,0.968992292881012,1.0797386169433594,,3.313499927520752,143.51100158691406,3655.0400390625,10802.919921875,32.2599983215332,4036.2222216796877,4215.80155883789,-13.301421140182116,,
2022-09-27,78.5,114.11000061035156,0.9623712301254272,1.077284336090088,,3.322999954223633,144.45899963378906,3647.2900390625,10829.5,32.599998474121094,4030.4342236328125,4210.791859130859,-13.382324249688043,,
2022-09-28,82.1500015258789,112.5999984741211,0.9596191644668579,1.072754144668579,,3.381999969482422,144.6909942626953,3719.0400390625,11051.6396484375,30.18000030517578,4025.6170263671875,4205.904259033203,-11.57573235113575,,
2022-09-29,81.2300033569336,112.25,0.9708172082901001,1.0835996866226196,,3.440000057220459,144.3979949951172,3640.469970703125,10737.509765625,31.84000015258789,4018.4474267578125,4200.477658691406,-13.332000155495235,,
2022-09-30,79.48999786376953,112.12000274658203,0.9829555749893188,1.1169440746307373,,3.441999912261963,144.43099975585938,3585.6201171875,10575.6201171875,31.6200008392334,4010.9272314453124,4194.776809082031,-14.521790303018205,,
2022-10-03,83.62999725341797,111.75,0.9792688488960266,1.114057183265686,,3.4579999446868896,144.8159942626953,3678.429931640625,10815.4296875,30.100000381469727,4005.1590283203127,4189.213009033203,-12.192817034874476,,
2022-10-04,86.5199966430664,110.06999969482422,0.9832068681716919,1.1334141492843628,,3.5179998874664307,144.5189971923828,3790.929931640625,11176.41015625,29.06999969482422,4002.5566259765624,4184.235908203125,-9.39970845791535,,
2022-10-05,87.76000213623047,111.06999969482422,0.998432457447052,1.1451343297958374,,3.5325000286102295,143.78700256347656,3783.280029296875,11148.6396484375,28.549999237060547,3997.7500244140624,4179.1870080566405,-9.47330133819175,,
2022-10-06,88.44999694824219,112.26000213623047,0.9910998940467834,1.13553786277771,,3.4749999046325684,144.44900512695312,3744.52001953125,11073.3095703125,30.520000457763672,3991.191826171875,4174.015958251953,-10.28975315419188,,
2022-10-07,92.63999938964844,112.80000305175781,0.9789045453071594,1.1162084341049194,,3.4124999046325684,145.03900146484375,3639.659912109375,10652.400390625,31.360000610351562,3981.3792236328127,4168.383356933594,-12.684136739600794,,
2022-10-10,91.12999725341797,113.13999938964844,0.9735012650489807,1.1072726249694824,,3.4535000324249268,145.48199462890625,3612.389892578125,10542.099609375,32.45000076293945,3971.254423828125,4162.462506103516,-13.215076717659475,,
2022-10-11,89.3499984741211,113.22000122070312,0.9710057377815247,1.1076405048370361,,3.4779999256134033,145.6739959716797,3588.840087890625,10426.1904296875,33.630001068115234,3961.2074267578123,4156.439006347657,-13.65589432661474,,
2022-10-12,87.2699966430664,113.31999969482422,0.9700167775154114,1.0967799425125122,,3.444499969482422,145.8699951171875,3577.030029296875,10417.099609375,33.56999969482422,3949.64462890625,4150.821256103515,-13.823559035767133,,
2022-10-13,89.11000061035156,112.36000061035156,0.9707984328269958,1.11055588722229,,3.4674999713897705,146.73699951171875,3669.909912109375,10649.150390625,31.940000534057617,3940.0040283203125,4145.690556640625,-11.476511283967826,,
2022-10-14,85.61000061035156,113.30999755859375,0.975134015083313,1.1303905248641968,,3.450500011444092,147.29299926757812,3583.070068359375,10321.3896484375,32.02000045776367,3928.761630859375,4140.220758056641,-13.457028556100095,,
2022-10-17,85.45999908447266,112.04000091552734,0.973937451839447,1.124416708946228,,3.4554998874664307,148.6320037841797,3677.949951171875,10675.7998046875,31.3700008392334,3919.5194287109375,4135.259057617188,-11.058777698653364,,
2022-10-18,82.81999969482422,112.12999725341797,0.9846396446228027,1.1353960037231445,,3.4065001010894775,148.9709930419922,3719.97998046875,10772.400390625,30.5,3911.4696240234375,4130.293608398438,-9.934248429587816,,
2022-10-19,85.55000305175781,112.9800033569336,0.9863878488540649,1.134429931640625,,3.3605000972747803,149.20899963378906,3695.159912109375,10680.509765625,30.760000228881836,3901.168017578125,4125.137657470703,-10.423355074772594,,
2022-10-20,85.9800033569336,112.87999725341797,0.9766482710838318,1.1211013793945312,,3.4509999752044678,149.8209991455078,3665.780029296875,10614.83984375,29.979999542236328,3890.3382177734375,4120.171408691406,-11.028458147056773,,
2022-10-21,85.05000305175781,112.01000213623047,0.9778899550437927,1.1221455335617065,,3.5230000019073486,150.17599487304688,3752.75,10859.7197265625,29.690000534057617,3879.7902197265626,4115.620908203125,-8.816917697153832,,
2022-10-24,84.58000183105469,111.98999786376953,0.9860085844993591,1.1344685554504395,,3.4795000553131104,147.81900024414062,3797.340087890625,10952.6103515625,29.850000381469727,3869.79421875,4111.293358154297,-7.636362645856441,,
2022-10-25,85.31999969482422,110.94999694824219,0.9886503219604492,1.1307740211486816,,3.450500011444092,148.88699340820312,3859.110107421875,11199.1201171875,28.459999084472656,3860.8724169921875,4107.703359375,-6.051879364310997,,
2022-10-26,87.91000366210938,109.69999694824219,0.9963731169700623,1.146223783493042,,3.629499912261963,147.97999572753906,3830.60009765625,10970.990234375,27.280000686645508,3852.0036181640626,4104.192561035156,-6.666170246892634,,
2022-10-27,89.08000183105469,110.58999633789062,1.009193778038025,1.1638191938400269,,3.625499963760376,146.13400268554688,3807.300048828125,10792.669921875,27.389999389648438,3842.474814453125,4100.815411376953,-7.157487794610902,,
2022-10-28,87.9000015258789,110.66999816894531,0.9967803955078125,1.1566041707992554,,3.4660000801086426,146.2740020751953,3901.06005859375,11102.4501953125,25.75,3835.926416015625,4098.33101196289,-4.813446078252663,,
2022-10-31,86.52999877929688,111.52999877929688,0.9955002665519714,1.159595012664795,,3.4135000705718994,147.81199645996094,3871.97998046875,10988.150390625,25.8799991607666,3830.6062109375,4095.640262451172,-5.460935718230417,,
2022-11-01,88.37000274658203,111.4800033569336,0.9886307716369629,1.146815299987793,,3.509500026702881,148.73699951171875,3856.10009765625,10890.849609375,25.809999465942383,3825.15361328125,4093.138511962891,-5.7911163674001225,,
2022-11-02,90.0,111.3499984741211,0.9877909421920776,1.1489498615264893,,3.505500078201294,147.9149932861328,3759.68994140625,10524.7998046875,25.860000610351562,3817.53201171875,4090.1873107910155,-8.080250225040416,,
2022-11-03,88.16999816894531,112.93000030517578,0.9814409017562866,1.1384334564208984,,3.4565000534057617,147.89199829101562,3719.889892578125,10342.9404296875,25.299999237060547,3807.9474072265625,4087.1542114257813,-8.98581995807636,,
2022-11-04,92.61000061035156,110.87999725341797,0.9749630093574524,1.1171187162399292,,3.7144999504089355,148.39300537109375,3770.550048828125,10475.25,24.549999237060547,3802.2052099609373,4083.8477111816405,-7.671629416927117,,
2022-11-07,91.79000091552734,110.12000274658203,0.9928810596466064,1.1331573724746704,,3.629499912261963,146.84100341796875,3806.800048828125,10564.51953125,24.350000381469727,3797.7290087890624,4080.3039624023436,-6.703027913959351,,
2022-11-08,88.91000366210938,109.62000274658203,1.0018634796142578,1.1517950296401978,,3.7054998874664307,146.62399291992188,3828.110107421875,10616.2001953125,25.540000915527344,3794.5680126953125,4076.711812744141,-6.098093677976358,,
2022-11-09,85.83000183105469,110.55000305175781,1.008084774017334,1.1552680730819702,,3.741499900817871,145.2949981689453,3748.570068359375,10353.169921875,26.09000015258789,3790.4394140625,4072.507763671875,-7.954256053288154,,
2022-11-10,86.47000122070312,108.20999908447266,1.0019538402557373,1.1368157863616943,,3.7960000038146973,146.20899963378906,3956.3701171875,11114.150390625,23.530000686645508,3790.229814453125,4069.902414550781,-2.7895582202997917,,
2022-11-11,88.95999908447266,106.29000091552734,1.0192224979400635,1.1695632934570312,,3.9509999752044678,141.73399353027344,3992.929931640625,11323.330078125,22.520000457763672,3791.603212890625,4067.364415283203,-1.8300421610340338,,
2022-11-14,85.87000274658203,106.66000366210938,1.0328551530838013,1.1799131631851196,,3.8550000190734863,139.55299377441406,3957.25,11196.2197265625,23.729999542236328,3792.2630126953127,4064.7313146972656,-2.644241559303917,,
2022-11-15,86.91999816894531,106.4000015258789,1.0319278240203857,1.175249695777893,,3.8394999504089355,140.11500549316406,3991.72998046875,11358.41015625,24.540000915527344,3793.9338134765626,4062.082264404297,-1.7319266168496474,,
2022-11-16,85.58999633789062,106.27999877929688,1.0357863903045654,1.1880435943603516,,3.7880001068115234,138.96499633789062,3958.7900390625,11183.66015625,24.110000610351562,3793.5122119140624,4058.940313720703,-2.467399540704224,,
2022-11-17,81.63999938964844,106.69000244140625,1.0395010709762573,1.191525936126709,,3.689500093460083,139.32200622558594,3946.56005859375,11144.9599609375,23.93000030517578,3792.319814453125,4056.152713623047,-2.701886806707689,,
2022-11-18,80.08000183105469,106.93000030517578,1.036172866821289,1.1860145330429077,,3.631999969482422,140.41200256347656,3965.340087890625,11146.0595703125,23.1200008392334,3790.2794140625,4053.886213378906,-2.184228190620036,,
2022-11-21,79.7300033569336,107.83999633789062,1.0330898761749268,1.1886366605758667,,3.571500062942505,140.2530059814453,3949.93994140625,11024.509765625,22.360000610351562,3787.070009765625,4051.6275634765625,-2.5097968773580424,,
2022-11-22,80.94999694824219,107.22000122070312,1.0245691537857056,1.1827600002288818,,3.614500045776367,142.09800720214844,4003.580078125,11174.41015625,21.290000915527344,3788.4878125,4049.290114746094,-1.128840743088127,,
2022-11-23,77.94000244140625,106.08000183105469,1.0311086177825928,1.1894567012786865,,3.617500066757202,141.15499877929688,4027.260009765625,11285.3203125,20.350000381469727,3790.1128125,4047.0513659667968,-0.4890315049520955,,
2022-11-24,77.94000244140625,106.08000183105469,1.0416233539581299,1.2073503732681274,,3.617500066757202,139.2779998779297,4027.260009765625,11285.3203125,20.350000381469727,3792.6310107421873,4045.2863671875,-0.4456138771309807,,
2022-11-25,76.27999877929688,105.95999908447266,1.040810227394104,1.2113430500030518,,3.626499891281128,138.60299682617188,4026.1201171875,11226.3603515625,20.5,3795.6868115234374,4043.6726171875,-0.4340732215905275,,
2022-11-28,77.23999786376953,106.68000030517578,1.0367528200149536,1.2054728269577026,,3.6105000972747803,139.10000610351562,3963.93994140625,11049.5,22.209999084472656,3796.9678125,4041.7479663085937,-1.92510828361738,,
2022-11-29,78.19999694824219,106.81999969482422,1.034554123878479,1.1960291862487793,,3.630000114440918,138.718994140625,3957.6298828125,10983.7802734375,21.889999389648438,3799.0018115234375,4040.012316894531,-2.039162943576287,,
2022-11-30,80.55000305175781,105.94999694824219,1.0324499607086182,1.1946860551834106,,3.7295000553131104,138.7449951171875,4080.110107421875,11468.0,20.579999923706055,3804.8054150390626,4039.2853674316407,1.0106921466703038,,
2022-12-01,81.22000122070312,104.7300033569336,1.042535424232483,1.207749843597412,,3.813999891281128,137.35899353027344,4076.570068359375,11482.4501953125,19.84000015258789,3811.1770166015626,4038.224716796875,0.9495596271055393,,
2022-12-02,79.9800033569336,104.55000305175781,1.052842140197754,1.2259259223937988,,3.8480000495910645,135.14999389648438,4071.699951171875,11461.5,19.059999465942383,3818.746416015625,4036.6599670410155,0.8680439872805227,,
2022-12-05,76.93000030517578,105.29000091552734,1.0544185638427734,1.2297248840332031,,3.7894999980926514,134.47500610351562,3998.840087890625,11239.9404296875,20.75,3825.6224169921875,4034.7844677734374,-0.890862452998587,,
2022-12-06,74.25,105.58000183105469,1.0496923923492432,1.2192445993423462,,3.811500072479248,136.65199279785156,3941.260009765625,11014.8896484375,22.170000076293945,3831.50181640625,4032.9594689941405,-2.273751073709308,,
2022-12-07,72.01000213623047,105.0999984741211,1.0469011068344116,1.2133007049560547,,3.8554999828338623,136.88600158691406,3933.919921875,10958.5498046875,22.68000030517578,3835.7994140625,4030.696368408203,-2.4009857773390597,,
2022-12-08,71.45999908447266,104.7699966430664,1.051325798034668,1.2212398052215576,,3.880500078201294,136.38099670410156,3963.510009765625,11082.0,22.290000915527344,3842.26021484375,4028.6964672851564,-1.6180533343446193,,
2022-12-09,71.0199966430664,104.80999755859375,1.0559661388397217,1.2236007452011108,,3.875999927520752,136.61399841308594,3934.3798828125,11004.6201171875,22.829999923706055,3849.23541015625,4026.7240161132813,-2.293281906861716,,
2022-12-12,73.16999816894531,105.12999725341797,1.0522217750549316,1.2239153385162354,,3.7985000610351562,136.71200561523438,3990.56005859375,11143.740234375,25.0,3855.4780126953124,4025.6713671875,-0.8721851684152795,,
2022-12-13,75.38999938964844,103.9800033569336,1.0541739463806152,1.2270842790603638,,3.8394999504089355,137.50399780273438,4019.64990234375,11256.8095703125,22.549999237060547,3860.052412109375,4024.9161157226563,-0.13084032629486889,,
2022-12-14,77.27999877929688,103.7699966430664,1.062665343284607,1.235666275024414,,3.875,135.58399963378906,3995.320068359375,11170.8896484375,21.139999389648438,3864.293212890625,4023.503316650391,-0.7004653922959531,,
2022-12-15,76.11000061035156,104.55999755859375,1.0676347017288208,1.2419428825378418,,3.763000011444092,135.34800720214844,3895.75,10810.5302734375,22.829999923706055,3867.3178125,4021.684466552734,-3.1313860547762316,,
2022-12-16,74.29000091552734,104.69999694824219,1.064056158065796,1.2189176082611084,,3.7614998817443848,137.75100708007812,3852.360107421875,10705.41015625,22.6200008392334,3871.57181640625,4019.924716796875,-4.168351926463878,,
2022-12-19,75.19000244140625,104.72000122070312,1.05850350856781,1.2160272598266602,,3.7829999923706055,136.69000244140625,3817.659912109375,10546.0302734375,22.420000076293945,3875.677216796875,4018.1474670410157,-4.989551940941599,,
2022-12-20,76.08999633789062,103.97000122070312,1.0614584684371948,1.2153326272964478,,3.797499895095825,136.9949951171875,3821.6201171875,10547.1103515625,21.479999542236328,3880.3328173828127,4015.9433166503904,-4.838793382795331,,
2022-12-21,78.29000091552734,104.16000366210938,1.062699317932129,1.2189176082611084,,3.805999994277954,131.89199829101562,3878.43994140625,10709.3701171875,20.06999969482422,3886.361015625,4013.5462170410156,-3.3662568792934584,,
2022-12-22,77.48999786376953,104.43000030517578,1.0610079765319824,1.2077397108078003,,3.751499891281128,132.3699951171875,3822.389892578125,10476.1201171875,21.969999313354492,3889.410615234375,4010.599816894531,-4.6928123699496895,,
2022-12-23,79.55999755859375,104.30999755859375,1.060333013534546,1.203992486000061,,3.802999973297119,132.35699462890625,3844.820068359375,10497.8603515625,20.8700008392334,3894.645615234375,4007.5083166503905,-4.059586042905478,,
2022-12-26,79.55999755859375,104.30999755859375,1.0667804479599,1.206000566482544,,3.802999973297119,132.7899932861328,3844.820068359375,10497.8603515625,20.8700008392334,3897.983017578125,4004.426516113281,-3.9857504467036917,,
2022-12-27,79.52999877929688,104.18000030517578,1.064022183418274,1.2084153890609741,,3.8334999084472656,132.76400756835938,3829.25,10353.23046875,21.649999618530273,3900.16841796875,4001.014716796875,-4.293028867796465,,
2022-12-28,78.95999908447266,104.45999908447266,1.0637166500091553,1.2027326822280884,,3.8320000171661377,133.48599243164062,3783.219970703125,10213.2900390625,22.139999389648438,3901.929619140625,3997.6496154785154,-5.3638929221095175,,
2022-12-29,78.4000015258789,103.83999633789062,1.062925100326538,1.2028483152389526,,3.821000099182129,134.03399658203125,3849.280029296875,10478.08984375,21.440000534057617,3905.599619140625,3994.29521484375,-3.630557526343169,,
2022-12-30,80.26000213623047,103.5199966430664,1.066075325012207,1.2056326866149902,,3.805500030517578,132.91600036621094,3839.5,10466.48046875,21.670000076293945,3907.334619140625,3990.777414550781,-3.7906753205329906,,
2023-01-02,80.26000213623047,103.5199966430664,1.0709733963012695,1.2120330333709717,,3.805500030517578,130.84500122070312,3839.5,10466.48046875,21.670000076293945,3908.1778173828125,3987.097314453125,-3.701873890012377,,
2023-01-03,76.93000030517578,104.5199966430664,1.0677714347839355,1.206287145614624,,3.7660000324249268,130.79400634765625,3824.139892578125,10386.98046875,22.899999618530273,3907.4784130859375,3983.0600134277342,-3.9899002353430792,,
2023-01-04,72.83999633789062,104.25,1.0546854734420776,1.1969740390777588,,3.739500045776367,131.2480010986328,3852.969970703125,10458.759765625,22.010000228881836,3907.925810546875,3979.3126123046877,-3.1749865846400342,,
2023-01-05,73.66999816894531,105.04000091552734,1.0606365203857422,1.2057054042816162,,3.818000078201294,132.24600219726562,3808.10009765625,10305.240234375,22.459999084472656,3907.9418115234375,3975.701062011719,-4.215632959854941,,
2023-01-06,73.7699966430664,103.87999725341797,1.0522217750549316,1.1912277936935425,,3.9084999561309814,133.3070068359375,3895.080078125,10569.2900390625,21.1299991607666,3907.8222119140623,3972.4471630859375,-1.9475925489927985,,
2023-01-09,74.62999725341797,103.0,1.0656323432922363,1.2116365432739258,,4.018499851226807,131.86199951171875,3892.090087890625,10635.650390625,21.969999313354492,3908.2244140625,3968.994412841797,-1.9376274429196914,,
2023-01-10,75.12000274658203,103.23999786376953,1.073318362236023,1.2184869050979614,,4.066999912261963,131.72900390625,3919.25,10742.6298828125,20.579999923706055,3909.487412109375,3965.9650622558593,-1.177898986061353,,
2023-01-11,77.41000366210938,103.19000244140625,1.0738946199417114,1.2154507637023926,,4.1545000076293945,132.1009979248047,3969.610107421875,10931.669921875,21.09000015258789,3913.6858154296874,3963.40736328125,0.15650029310864746,,
2023-01-12,78.38999938964844,102.25,1.0766000747680664,1.2159533500671387,,4.185999870300293,131.90199279785156,3983.169921875,11001.099609375,18.829999923706055,3918.951416015625,3960.8221630859375,0.5642202014859208,,
2023-01-13,79.86000061035156,102.19999694824219,1.0860239267349243,1.2217769622802734,,4.207499980926514,129.1719970703125,3999.090087890625,11079.16015625,18.350000381469727,3923.522216796875,3958.3762145996093,1.028549867009898,,
2023-01-16,79.86000061035156,102.19999694824219,1.082461953163147,1.2226732969284058,,4.207499980926514,128.0260009765625,3999.090087890625,11079.16015625,18.350000381469727,3927.368017578125,3956.3090161132814,1.0813379744379068,,
2023-01-17,80.18000030517578,102.38999938964844,1.0830129384994507,1.2207776308059692,,4.215000152587891,128.3209991455078,3990.969970703125,11095.1103515625,19.360000610351562,3930.62521484375,3954.2766149902345,0.9279410442301872,,
2023-01-18,79.4800033569336,102.36000061035156,1.0793308019638062,1.228471040725708,,4.228499889373779,128.281005859375,3928.860107421875,10957.009765625,20.34000015258789,3934.231015625,3951.687966308594,-0.5776736190039586,,
2023-01-19,80.33000183105469,102.05999755859375,1.0797853469848633,1.2347661256790161,,4.226500034332275,128.53900146484375,3898.85009765625,10852.26953125,20.520000457763672,3933.080615234375,3949.219267578125,-1.2754209505506617,,
2023-01-20,81.30999755859375,102.01000213623047,1.083388328552246,1.2393262386322021,,4.248499870300293,128.3699951171875,3972.610107421875,11140.4296875,19.850000381469727,3932.67421875,3947.1193688964845,0.6458061219596981,,
2023-01-23,81.62000274658203,102.13999938964844,1.086507797241211,1.240633249282837,,4.254000186920166,129.35400390625,4019.81005859375,11364.41015625,19.809999465942383,3933.925419921875,3945.259969482422,1.8896115766259154,,
2023-01-24,80.12999725341797,101.91999816894531,1.0874292850494385,1.2379761934280396,,4.245500087738037,130.5970001220703,4016.949951171875,11334.26953125,19.200000762939453,3934.4298193359373,3943.033669433594,1.8746043766067837,,
2023-01-25,80.1500015258789,101.63999938964844,1.088814616203308,1.232923984527588,,4.239999771118164,130.23899841308594,4016.219970703125,11313.3603515625,19.079999923706055,3935.57841796875,3940.817518310547,1.913370818167285,,
2023-01-26,81.01000213623047,101.83999633789062,1.0922038555145264,1.2412492036819458,,4.267000198364258,129.23699951171875,4060.429931640625,11512.41015625,18.729999542236328,3937.8558154296875,3939.1513671875,3.078799293252755,,
2023-01-27,79.68000030517578,101.93000030517578,1.0894432067871094,1.2415266036987305,,4.223999977111816,129.8000030517578,4070.56005859375,11621.7099609375,18.510000228881836,3939.96021484375,3938.1452685546874,3.3623642859588894,,
2023-01-30,77.9000015258789,102.27999877929688,1.0871455669403076,1.2400301694869995,,4.203499794006348,129.85400390625,4017.77001953125,11393.8095703125,19.940000534057617,3941.31681640625,3936.7535180664063,2.057952094106114,,
2023-01-31,78.87000274658203,102.0999984741211,1.0850694179534912,1.2353609800338745,,4.228499889373779,130.47900390625,4076.60009765625,11584.5498046875,19.399999618530273,3942.777216796875,3936.260517578125,3.565302130065114,,
2023-02-01,76.41000366210938,101.22000122070312,1.0860947370529175,1.2308903932571411,,4.111000061035156,130.11000061035156,4119.2099609375,11816.3203125,17.8700008392334,3944.6162158203124,3935.936767578125,4.656405937947711,,
2023-02-02,75.87999725341797,101.75,1.1012852191925049,1.2390038967132568,,4.093999862670898,128.6219940185547,4179.759765625,12200.8203125,18.729999542236328,3947.6662109375,3935.39806640625,6.20932609853868,,
2023-02-03,73.38999938964844,102.91999816894531,1.0905125141143799,1.222299575805664,,4.063000202178955,128.74600219726562,4136.47998046875,12006.9501953125,18.329999923706055,3949.873408203125,3935.4208154296875,5.108962280495279,,
2023-02-06,74.11000061035156,103.62000274658203,1.079086184501648,1.2045146226882935,,4.043499946594238,132.00900268554688,4111.080078125,11887.4501953125,19.43000030517578,3952.8162109375,3935.19931640625,4.469424483417776,,
2023-02-07,77.13999938964844,103.43000030517578,1.0730764865875244,1.2026747465133667,,4.088500022888184,132.6230010986328,4164.0,12113.7900390625,18.65999984741211,3956.94361328125,3935.141916503906,5.8157517149830795,,
2023-02-08,78.47000122070312,103.41000366210938,1.0729728937149048,1.2054582834243774,,4.043499946594238,131.04200744628906,4117.85986328125,11910.51953125,19.6299991607666,3957.6986083984375,3934.2303662109375,4.667482073429429,,
2023-02-09,78.05999755859375,103.22000122070312,1.0715816020965576,1.2071462869644165,,4.105500221252441,131.38699340820312,4081.5,11789.580078125,20.709999084472656,3957.79720703125,3933.903515625,3.7519091098387136,,
2023-02-10,79.72000122070312,103.62999725341797,1.0742292404174805,1.2116806507110596,,4.027500152587891,131.5189971923828,4090.4599609375,11718.1201171875,20.530000686645508,3958.1724072265624,3933.7391162109375,3.9840172440697956,,
2023-02-13,80.13999938964844,103.3499984741211,1.0677714347839355,1.2052258253097534,,4.086999893188477,131.55099487304688,4137.2900390625,11891.7900390625,20.34000015258789,3960.94140625,3934.469366455078,5.154968909826877,,
2023-02-14,79.05999755859375,103.2300033569336,1.0730419158935547,1.215214490890503,,4.110000133514404,132.33700561523438,4136.1298828125,11960.150390625,18.90999984741211,3964.8388037109376,3935.144765625,5.107438967510977,,
2023-02-15,78.58999633789062,103.91999816894531,1.0735719203948975,1.2174336910247803,,4.052000045776367,132.99099731445312,4147.60009765625,12070.58984375,18.229999542236328,3969.1124072265625,3936.206866455078,5.370480728609454,,
2023-02-16,78.48999786376953,103.86000061035156,1.0691757202148438,1.2039779424667358,,4.165500164031982,133.9029998779297,4090.409912109375,11855.830078125,20.170000076293945,3971.6504052734376,3937.008515625,3.8963948357125235,,
2023-02-17,76.33999633789062,103.86000061035156,1.0665756464004517,1.197533130645752,,4.113999843597412,134.07400512695312,4079.090087890625,11787.26953125,20.020000457763672,3974.544609375,3937.2845166015627,3.60160843574141,,
2023-02-20,76.33999633789062,103.86000061035156,1.0684444904327393,1.2029786109924316,,4.113999843597412,134.3070068359375,4079.090087890625,11787.26953125,20.020000457763672,3976.3152099609374,3937.6399169921874,3.592257643672151,,
2023-02-21,76.16000366210938,104.18000030517578,1.068261981010437,1.2039200067520142,,4.234499931335449,134.33599853515625,3997.340087890625,11492.2998046875,22.8700008392334,3975.869013671875,3937.1823669433593,1.5279383919919691,,
2023-02-22,73.94999694824219,104.58999633789062,1.065200924873352,1.2109322547912598,,4.202499866485596,134.9759979248047,3991.050048828125,11507.0703125,22.290000915527344,3975.78361328125,3937.519217529297,1.3595065405780429,,
2023-02-23,75.38999938964844,104.5999984741211,1.0605803728103638,1.204993486404419,,4.072999954223633,134.9320068359375,4012.320068359375,11590.400390625,21.139999389648438,3978.1150146484374,3938.076867675781,1.8852654018257273,,
2023-02-24,76.31999969482422,105.20999908447266,1.0598047971725464,1.2017786502838135,,3.9549999237060547,134.6280059814453,3970.0400390625,11394.9404296875,21.670000076293945,3980.46861328125,3938.420267333984,0.8028541796510728,,
2023-02-27,75.68000030517578,104.66999816894531,1.0554758310317993,1.1952428817749023,,4.008999824523926,136.39500427246094,3982.239990234375,11466.98046875,20.950000762939453,3983.76021484375,3938.462717285156,1.111531988282863,,
2023-02-28,77.05000305175781,104.87000274658203,1.0611205101013184,1.2061562538146973,,4.097499847412109,136.31700134277344,3970.14990234375,11455.5400390625,20.700000762939453,3986.730810546875,3938.606066894531,0.8008883070169611,,
2023-03-01,77.69000244140625,104.4800033569336,1.0577309131622314,1.2033549547195435,,4.168000221252441,136.34800720214844,3951.389892578125,11379.48046875,20.579999923706055,3988.1898095703127,3938.469366455078,0.3280595815494749,,
2023-03-02,78.16000366210938,105.02999877929688,1.066894292831421,1.2029930353164673,,4.084000110626221,136.19400024414062,3981.35009765625,11462.98046875,19.59000015258789,3991.369013671875,3938.086916503906,1.098583704971939,,
2023-03-03,79.68000030517578,104.5199966430664,1.0599732398986816,1.1951572895050049,,4.078000068664551,136.7050018310547,4045.639892578125,11689.009765625,18.489999771118164,3995.38541015625,3937.523914794922,2.745785933565158,,
2023-03-06,80.45999908447266,104.3499984741211,1.0626201629638672,1.2028483152389526,,4.100500106811523,135.86000061035156,4048.419921875,11675.740234375,18.610000610351562,3999.4574072265623,3936.974813232422,2.8307295303999362,,
2023-03-07,77.58000183105469,105.62000274658203,1.0688328742980957,1.2026457786560059,,3.9865000247955322,135.99899291992188,3986.3701171875,11530.330078125,19.59000015258789,4002.5998095703126,3936.2459143066408,1.2734012043982896,,
2023-03-08,76.66000366210938,105.66000366210938,1.05507493019104,1.1827740669250488,,4.041500091552734,137.39100646972656,3992.010009765625,11576.0,19.110000610351562,4006.7756103515626,3935.699814453125,1.4307543249541395,,
2023-03-09,75.72000122070312,105.30999755859375,1.0549525022506714,1.1850166320800781,,4.054500102996826,137.2259979248047,3918.320068359375,11338.349609375,22.610000610351562,4008.1564111328125,3934.407315673828,-0.40888616820035545,,
2023-03-10,76.68000030517578,104.58000183105469,1.0584698915481567,1.192250370979309,,4.045499801635742,136.39500427246094,3861.590087890625,11138.8896484375,24.799999237060547,4008.598212890625,3933.1725659179688,-1.8199678968481015,,
2023-03-13,74.80000305175781,103.5999984741211,1.0683646202087402,1.2079336643218994,,4.069499969482422,134.97999572753906,3855.760009765625,11188.83984375,26.520000457763672,4008.9234130859377,3931.8442150878905,-1.9350768026439906,,
2023-03-14,71.33000183105469,103.5999984741211,1.0725010633468628,1.2171372175216675,,4.010499954223633,133.11399841308594,3919.2900390625,11428.150390625,23.729999542236328,4010.826416015625,3930.6372644042967,-0.2886866576205537,,
2023-03-15,67.61000061035156,104.6500015258789,1.0727657079696655,1.215214490890503,,3.8564999103546143,134.39700317382812,3891.929931640625,11434.0498046875,26.139999389648438,4011.605615234375,3929.518063964844,-0.9565583288423101,,
2023-03-16,68.3499984741211,104.41999816894531,1.0583354234695435,1.20692777633667,,3.885499954223633,132.9290008544922,3960.280029296875,11717.2802734375,22.989999771118164,4014.6492138671874,3929.2303637695313,0.7902225793031893,,
2023-03-17,66.73999786376953,103.70999908447266,1.0614134073257446,1.2110495567321777,,3.9135000705718994,133.3679962158203,3916.639892578125,11630.509765625,25.510000228881836,4015.08041015625,3929.3092626953126,-0.3224325007316169,,
2023-03-20,67.63999938964844,103.27999877929688,1.0678855180740356,1.2187690734863281,,3.9755001068115234,132.28399658203125,3951.570068359375,11675.5400390625,24.149999618530273,4016.270009765625,3930.318963623047,0.5406966949252007,,
2023-03-21,69.33000183105469,103.26000213623047,1.071914792060852,1.2276264429092407,,4.018499851226807,131.39199829101562,4002.8701171875,11860.1103515625,21.3799991607666,4017.942412109375,3931.6559143066406,1.8113030344726444,,
2023-03-22,70.9000015258789,102.3499984741211,1.0774236917495728,1.2225087881088257,,4.06850004196167,132.34800720214844,3936.969970703125,11669.9599609375,22.260000228881836,4017.289609375,3932.3908142089845,0.11644713637298151,,
2023-03-23,69.95999908447266,102.52999877929688,1.0870392322540283,1.227973222732544,,4.145999908447266,131.1790008544922,3948.719970703125,11787.400390625,22.610000610351562,4016.6006103515624,3933.8005639648436,0.3792618994198388,,
2023-03-24,69.26000213623047,103.12000274658203,1.0835057497024536,1.228154182434082,,4.101500034332275,130.86500549316406,3970.989990234375,11823.9599609375,21.739999771118164,4016.0386083984376,3935.2813134765624,0.9073983258967142,,
2023-03-27,72.80999755859375,102.86000061035156,1.077818512916565,1.2246003150939941,,4.104499816894531,130.8459930419922,3977.530029296875,11768.83984375,20.600000381469727,4015.6074072265624,3936.7947631835937,1.0347317694646516,,
2023-03-28,73.19999694824219,102.43000030517578,1.0807071924209595,1.229755163192749,,4.111999988555908,131.23300170898438,3971.27001953125,11716.080078125,19.969999313354492,4015.213408203125,3937.8271630859376,0.8492718207343659,,
2023-03-29,72.97000122070312,102.63999938964844,1.0839520692825317,1.2330456972122192,,4.114999771118164,131.04600524902344,4027.81005859375,11926.240234375,19.1200008392334,4017.1924072265624,3939.1667639160155,2.250305711597043,,
2023-03-30,74.37000274658203,102.13999938964844,1.0843634605407715,1.2313603162765503,,4.0904998779296875,132.5760040283203,4050.830078125,12013.4697265625,19.020000457763672,4020.2320068359377,3940.442264404297,2.8014067029450826,,
2023-03-31,75.66999816894531,102.51000213623047,1.0904649496078491,1.2387275695800781,,4.104499816894531,133.2010040283203,4109.31005859375,12221.91015625,18.700000762939453,4022.966005859375,3941.4301147460938,4.259366244236226,,
2023-04-03,80.41999816894531,102.08999633789062,1.0803335905075073,1.228697419166565,,4.059500217437744,133.3470001220703,4124.509765625,12189.4501953125,18.549999237060547,4025.06,3942.5521130371094,4.615225046390602,,
2023-04-04,80.70999908447266,101.58999633789062,1.091226577758789,1.2423131465911865,,3.9835000038146973,132.2989959716797,4100.60009765625,12126.330078125,19.0,4026.7330029296877,3943.94736328125,3.971978323885879,,
2023-04-05,80.61000061035156,101.8499984741211,1.0960105657577515,1.249843716621399,,3.997999906539917,131.48500061035156,4090.3798828125,11996.8603515625,19.079999923706055,4028.216201171875,3945.3051123046876,3.6771495835734145,,
2023-04-06,80.69999694824219,101.81999969482422,1.090334177017212,1.2463078498840332,,4.026000022888184,130.9340057373047,4105.02001953125,12087.9599609375,18.399999618530273,4029.1080029296877,3946.9033129882814,4.006095260115586,,
2023-04-07,80.69999694824219,101.81999969482422,1.0920130014419556,1.243900179862976,,4.026000022888184,131.66900634765625,4105.02001953125,12087.9599609375,18.399999618530273,4029.7972021484375,3948.3017626953124,3.969257322645818,,
2023-04-10,79.73999786376953,102.58000183105469,1.0913575887680054,1.2431625127792358,,3.9865000247955322,132.0970001220703,4109.10986328125,12084.3603515625,18.969999313354492,4031.6239990234376,3949.7206616210938,4.03545504392044,,
2023-04-11,81.52999877929688,102.19999694824219,1.086932897567749,1.239218831062317,,4.024499893188477,133.468994140625,4108.93994140625,12031.8798828125,19.100000381469727,4032.2707958984374,3951.1084118652343,3.994613994064182,,
2023-04-12,83.26000213623047,101.5,1.0917507410049438,1.2431007623672485,,4.084499835968018,133.593994140625,4091.949951171875,11929.33984375,19.09000015258789,4031.725595703125,3952.3427612304686,3.5322642385890397,,
2023-04-13,82.16000366210938,101.01000213623047,1.0999890565872192,1.2492660284042358,,4.124000072479248,133.0850067138672,4146.22021484375,12166.26953125,17.799999237060547,4031.0548046875,3953.56076171875,4.873061645857797,,
2023-04-14,82.5199966430664,101.55000305175781,1.1054610013961792,1.2525300979614258,,4.107500076293945,132.48699951171875,4137.64013671875,12123.4697265625,17.06999969482422,4031.0780078125,3954.752062988281,4.624514275928475,,
2023-04-17,80.83000183105469,102.0999984741211,1.098659634590149,1.2400178909301758,,4.065999984741211,133.9709930419922,4151.31982421875,12157.7197265625,16.950000762939453,4031.882802734375,3956.236512451172,4.931032590028593,,
2023-04-18,80.86000061035156,101.75,1.0925379991531372,1.2375471591949463,,4.0894999504089355,134.4250030517578,4154.8701171875,12153.41015625,16.829999923706055,4031.700205078125,3957.916862792969,4.976184726011344,,
2023-04-19,79.16000366210938,101.97000122070312,1.0975382328033447,1.2425447702407837,,4.072000026702881,134.04400634765625,4154.52001953125,12157.23046875,16.459999084472656,4032.433408203125,3959.680562744141,4.920585226503255,,
2023-04-20,77.29000091552734,101.83999633789062,1.095218300819397,1.2428845167160034,,4.021999835968018,134.70399475097656,4129.7900390625,12059.5595703125,17.170000076293945,4033.399208984375,3961.3776135253906,4.25136005621116,,
2023-04-21,77.87000274658203,101.81999969482422,1.0970927476882935,1.2440905570983887,,3.9800000190734863,133.99600219726562,4133.52001953125,12072.4599609375,16.770000457763672,4034.26041015625,3962.7294140625,4.309923480080853,,
2023-04-24,78.76000213623047,101.3499984741211,1.0992271900177002,1.2449734210968018,,3.953000068664551,133.96099853515625,4137.0400390625,12037.2001953125,16.889999389648438,4034.25541015625,3964.260363769531,4.35843409459303,,
2023-04-25,77.06999969482422,101.86000061035156,1.1059499979019165,1.25,,3.8459999561309814,134.08399963378906,4071.6298828125,11799.16015625,18.760000228881836,4032.96541015625,3964.9350634765624,2.690960069403626,,
2023-04-26,74.30000305175781,101.47000122070312,1.0978394746780396,1.2414803504943848,,3.8499999046325684,133.71099853515625,4055.989990234375,11854.349609375,18.84000015258789,4031.1332080078123,3965.4155139160157,2.2841106058243357,,
2023-04-27,74.76000213623047,101.5,1.1047282218933105,1.2471472024917603,,3.864500045776367,133.46499633789062,4135.35009765625,12142.240234375,17.030000686645508,4032.03201171875,3966.0975146484375,4.267484154958186,,
2023-04-28,76.77999877929688,101.66999816894531,1.1032048463821411,1.249750018119812,,3.869999885559082,133.802001953125,4169.47998046875,12226.580078125,15.779999732971191,4033.8398095703124,3967.1367651367186,5.100484992355893,,
2023-05-01,75.66000366210938,102.1500015258789,1.1010911464691162,1.2557607889175415,,3.9170000553131104,136.38600158691406,4167.8701171875,12212.599609375,16.079999923706055,4035.61541015625,3968.141915283203,5.033292814832264,,
2023-05-02,71.66000366210938,101.95999908447266,1.0969241857528687,1.2485953569412231,,3.8480000495910645,137.52099609375,4119.580078125,12080.509765625,17.780000686645508,4038.0602099609373,3969.1345654296874,3.7903857935596537,,
2023-05-03,68.5999984741211,101.33999633789062,1.1010911464691162,1.2476606369018555,,3.8315000534057617,136.46600341796875,4090.75,12025.330078125,18.34000015258789,4040.054208984375,3969.470264892578,3.055312850685983,,
2023-05-04,68.55999755859375,101.4000015258789,1.1068925857543945,1.256897211074829,,3.8499999046325684,134.54400634765625,4061.219970703125,11966.400390625,20.09000015258789,4041.03220703125,3969.4142150878906,2.3128288115228006,,
2023-05-05,71.33999633789062,101.20999908447266,1.102292776107788,1.2583364248275757,,3.871500015258789,134.1790008544922,4136.25,12235.41015625,17.190000534057617,4044.35640625,3969.4440148925783,4.2022506044070225,,
2023-05-08,73.16000366210938,101.37000274658203,1.10186767578125,1.2630568742752075,,3.9179999828338623,135.19900512695312,4138.1201171875,12256.919921875,16.979999542236328,4047.4740087890623,3969.5414660644533,4.246804135042369,,
2023-05-09,73.70999908447266,101.63999938964844,1.0996140241622925,1.2612725496292114,,3.8889999389648438,135.072998046875,4119.169921875,12179.5498046875,17.709999084472656,4050.4544091796874,3969.681365966797,3.7657570501705977,,
2023-05-10,72.55999755859375,101.4800033569336,1.096467137336731,1.2624667882919312,,3.828000068664551,135.28799438476562,4137.64013671875,12306.4404296875,16.940000534057617,4054.1794140625,3969.5937170410157,4.233340529443356,,
2023-05-11,70.87000274658203,102.05999755859375,1.098406195640564,1.2626996040344238,,3.697499990463257,134.08700561523438,4130.6201171875,12328.509765625,16.93000030517578,4057.164814453125,3969.4871179199217,4.059290142047738,,
2023-05-12,70.04000091552734,102.68000030517578,1.0912145376205444,1.2508130073547363,,3.7165000438690186,134.4980010986328,4124.080078125,12284.740234375,17.030000686645508,4058.7336181640626,3969.3815686035155,3.8972950029570894,,
2023-05-15,71.11000061035156,102.43000030517578,1.0852696895599365,1.2450973987579346,,3.737499952316284,135.82200622558594,4136.27978515625,12365.2099609375,17.1200008392334,4060.4908154296877,3969.362667236328,4.205136489484298,,
2023-05-16,70.86000061035156,102.55999755859375,1.0873701572418213,1.2525207996368408,,3.6545000076293945,136.0449981689453,4109.89990234375,12343.0498046875,17.989999771118164,4062.9614111328124,3969.299815673828,3.5421886276951247,,
2023-05-17,72.83000183105469,102.87999725341797,1.0865668058395386,1.2484394311904907,,3.743000030517578,136.42999267578125,4158.77001953125,12500.5703125,16.8700008392334,4066.296611328125,3969.0424645996095,4.7801845564476695,,
2023-05-18,71.86000061035156,103.58000183105469,1.0838346481323242,1.2482805252075195,,3.68149995803833,137.61399841308594,4198.0498046875,12688.83984375,16.049999237060547,4071.8912060546877,3968.9963635253907,5.771067045238021,,
2023-05-19,71.55000305175781,103.19999694824219,1.0775396823883057,1.2412338256835938,,3.7225000858306885,138.6199951171875,4191.97998046875,12657.900390625,16.809999465942383,4078.49900390625,3968.5555139160156,5.629868746179334,,
2023-05-22,71.98999786376953,103.19999694824219,1.0822745561599731,1.2461059093475342,,3.6740000247955322,137.69200134277344,4192.6298828125,12720.7802734375,17.209999084472656,4085.2364013671877,3968.0329626464845,5.660157621680146,,
2023-05-23,72.91000366210938,103.48999786376953,1.0811045169830322,1.243440866470337,,3.6414999961853027,138.6719970703125,4145.580078125,12560.25,18.530000686645508,4089.7622021484376,3967.2348620605467,4.495453943753216,,
2023-05-24,74.33999633789062,103.88999938964844,1.076971173286438,1.2417269945144653,,3.553499937057495,138.59800720214844,4115.240234375,12484.16015625,20.030000686645508,4094.228408203125,3966.4408630371095,3.7514582084038595,,
2023-05-25,71.83000183105469,104.20999908447266,1.0757315158843994,1.2371032238006592,,3.5804998874664307,139.2830047607422,4151.27978515625,12698.08984375,19.139999389648438,4098.048403320313,3965.7785607910155,4.6775487214352784,,
2023-05-26,72.66999816894531,104.20999908447266,1.0724436044692993,1.2318304777145386,,3.6735000610351562,140.01699829101562,4205.4501953125,12975.6904296875,17.950000762939453,4103.824609375,3965.6634118652346,6.04657426875476,,
2023-05-29,72.66999816894531,104.20999908447266,1.0723055601119995,1.2346898317337036,,3.6735000610351562,140.87100219726562,4205.4501953125,12975.6904296875,17.950000762939453,4108.902211914063,3966.0007116699217,6.037555236387133,,
2023-05-30,69.45999908447266,104.16999816894531,1.0707669258117676,1.234933853149414,,3.6579999923706055,140.4409942626953,4205.52001953125,13017.4296875,17.459999084472656,4112.955209960937,3966.384661865234,6.029051089400893,,
2023-05-31,68.08999633789062,104.31999969482422,1.073306918144226,1.241187572479248,,3.63100004196167,139.79200744628906,4179.830078125,12935.2900390625,17.940000534057617,4117.812412109375,3966.579962158203,5.376170857545706,,
2023-06-01,70.0999984741211,103.55999755859375,1.0695186853408813,1.244694471359253,,3.7065000534057617,139.1269989013672,4221.02001953125,13100.98046875,15.649999618530273,4123.258413085938,3966.689461669922,6.411657890513527,,
2023-06-02,71.73999786376953,104.0199966430664,1.0760787725448608,1.2525991201400757,,3.7225000858306885,138.7480010986328,4282.3701171875,13240.76953125,14.600000381469727,4129.486015625,3967.8130126953124,7.927719967794318,,
2023-06-05,72.1500015258789,104.0,1.0698620080947876,1.2430236339569092,,3.762500047683716,140.20700073242188,4273.7900390625,13229.4296875,14.729999542236328,4135.4112158203125,3969.028912353516,7.678480893913921,,
2023-06-06,71.73999786376953,104.12999725341797,1.0711798667907715,1.2433171272277832,,3.7669999599456787,139.38299560546875,4283.85009765625,13276.419921875,13.960000038146973,4141.662817382812,3970.51736328125,7.891483796863715,,
2023-06-07,72.52999877929688,104.0999984741211,1.0698047876358032,1.2428536415100098,,3.754499912261963,139.52699279785156,4267.52001953125,13104.900390625,13.9399995803833,4146.457016601563,3972.079963378906,7.437918140525642,,
2023-06-08,71.29000091552734,103.33999633789062,1.0707440376281738,1.2445859909057617,,3.7964999675750732,139.8990020751953,4293.93017578125,13238.51953125,13.649999618530273,4151.319018554687,3973.7153637695315,8.058322821289282,,
2023-06-09,70.16999816894531,103.55999755859375,1.078271746635437,1.2559500932693481,,3.7890000343322754,138.86300659179688,4298.85986328125,13259.1396484375,13.829999923706055,4155.110014648438,3975.5883630371095,8.131412780300538,,
2023-06-12,67.12000274658203,103.62999725341797,1.0750954151153564,1.25809907913208,,3.750499963760376,139.37100219726562,4338.93017578125,13461.919921875,15.010000228881836,4159.398422851563,3977.6617138671877,9.082433044886253,,
2023-06-13,69.41999816894531,103.33999633789062,1.0762988328933716,1.2515331506729126,,3.8285000324249268,139.4600067138672,4369.009765625,13573.3203125,14.609999656677246,4164.766616210937,3979.9658129882814,9.775057649166396,,
2023-06-14,68.2699966430664,103.01000213623047,1.078934907913208,1.2606843709945679,,3.865999937057495,140.177001953125,4372.58984375,13626.48046875,13.880000114440918,4170.410815429687,3981.9294116210935,9.810832682989819,,
2023-06-15,70.62000274658203,102.12000274658203,1.084304690361023,1.26708984375,,3.8965001106262207,139.9770050048828,4425.83984375,13782.8203125,14.5,4176.827211914063,3984.027711181641,11.089584827142684,,
2023-06-16,71.77999877929688,102.30000305175781,1.0945948362350464,1.278576135635376,,3.884500026702881,140.26800537109375,4409.58984375,13689.5703125,13.539999961853027,4182.918608398438,3985.738859863281,10.634188510314443,,
2023-06-19,71.77999877929688,102.30000305175781,1.0942115783691406,1.2830382585525513,,3.884500026702881,141.86700439453125,4409.58984375,13689.5703125,13.539999961853027,4188.928208007813,3987.2347583007813,10.592681671675924,,
2023-06-20,70.5,102.54000091552734,1.0924304723739624,1.2794759273529053,,3.878499984741211,141.8990020751953,4388.7099609375,13667.2900390625,13.880000114440918,4194.523608398437,3989.5148583984374,10.006106424160976,,
2023-06-21,72.52999877929688,102.06999969482422,1.0920368432998657,1.276535987854004,,3.9110000133514404,141.3350067138672,4365.68994140625,13502.2001953125,13.199999809265137,4199.998408203125,3991.6132580566405,9.371566310803686,,
2023-06-22,69.51000213623047,102.38999938964844,1.0992635488510132,1.2772045135498047,,3.8884999752044678,141.68800354003906,4381.89013671875,13630.6103515625,12.90999984741211,4204.711806640625,3994.015958251953,9.711382791684096,,
2023-06-23,69.16000366210938,102.9000015258789,1.0958904027938843,1.2747135162353516,,3.805999994277954,143.02999877929688,4348.330078125,13492.51953125,13.4399995803833,4208.92560546875,3996.390958251953,8.806423684508264,,
2023-06-26,69.37000274658203,102.69000244140625,1.0906671285629272,1.2729610204696655,,3.7864999771118164,143.54100036621094,4328.81982421875,13335.7802734375,14.25,4212.47560546875,3998.535607910156,8.260129424762523,,
2023-06-27,67.69999694824219,102.48999786376953,1.091048002243042,1.2711971998214722,,3.7815001010894775,143.4600067138672,4378.41015625,13555.669921875,13.739999771118164,4216.94640625,4001.148009033203,9.42884757987133,,
2023-06-28,69.55999755859375,102.91000366210938,1.0957223176956177,1.2744698524475098,,3.7204999923706055,143.8820037841797,4376.85986328125,13591.75,13.430000305175781,4221.393203125,4004.0826586914063,9.309927800333492,,
2023-06-29,69.86000061035156,103.33999633789062,1.0915838479995728,1.2642544507980347,,3.677500009536743,144.38900756835938,4396.43994140625,13591.330078125,13.539999961853027,4226.726201171875,4007.2749084472657,9.711463322334867,,
2023-06-30,70.63999938964844,102.91000366210938,1.0868029594421387,1.2614636421203613,,3.740999937057495,144.77999877929688,4450.3798828125,13787.919921875,13.59000015258789,4233.0633984375,4011.0606579589844,10.952694619110094,,
2023-07-03,69.79000091552734,102.98999786376953,1.0907504558563232,1.2693254947662354,,3.7790000438690186,144.3979949951172,4455.58984375,13816.76953125,13.569999694824219,4239.43439453125,4015.063406982422,10.971842586632077,,
2023-07-04,69.79000091552734,102.98999786376953,1.091309905052185,1.269293189048767,,3.7790000438690186,144.58399963378906,4455.58984375,13816.76953125,13.569999694824219,4247.11359375,4019.1049060058594,10.860252418191152,,
2023-07-05,71.79000091552734,103.37000274658203,1.0884946584701538,1.2717629671096802,,3.753499984741211,144.406005859375,4446.81982421875,13791.650390625,14.180000305175781,4254.930190429687,4022.7438049316406,10.541959415044474,,
2023-07-06,71.80000305175781,103.16999816894531,1.0856584310531616,1.2704542875289917,,3.7200000286102295,144.48899841308594,4411.58984375,13679.0400390625,15.4399995803833,4260.454985351563,4026.599404296875,9.561180559513643,,
2023-07-07,73.86000061035156,102.2699966430664,1.0890636444091797,1.2742749452590942,,3.7669999599456787,143.9510040283203,4398.9501953125,13660.7197265625,14.829999923706055,4265.044389648438,4030.6660546875,9.137054164948758,,
2023-07-10,72.98999786376953,101.97000122070312,1.0969723463058472,1.2838947772979736,,3.7715001106262207,142.20899963378906,4409.52978515625,13685.48046875,15.069999694824219,4269.877583007812,4034.3215539550783,9.30040469464645,,
2023-07-11,74.83000183105469,101.7300033569336,1.100594401359558,1.2864713668823242,,3.753499984741211,141.2969970703125,4439.259765625,13760.7001953125,14.84000015258789,4276.271176757812,4037.563203125,9.948985125213495,,
2023-07-12,75.75,100.5199966430664,1.101406455039978,1.2934770584106445,,3.8420000076293945,140.1179962158203,4472.16015625,13918.9599609375,13.539999961853027,4283.899379882812,4041.0076037597655,10.669431853805197,,
2023-07-13,76.88999938964844,99.7699966430664,1.1144545078277588,1.29962956905365,,3.929500102996826,138.31500244140625,4510.0400390625,14138.5703125,13.609999656677246,4292.87578125,4044.8352038574217,11.50120614954667,,
2023-07-14,75.41999816894531,99.91000366210938,1.1223469972610474,1.3128528594970703,,3.921999931335449,138.0749969482422,4505.419921875,14113.7001953125,13.34000015258789,4300.2591796875,4049.16400390625,11.267904128570677,,
2023-07-17,74.1500015258789,99.83999633789062,1.1227755546569824,1.3090204000473022,,3.8320000171661377,138.6820068359375,4522.7900390625,14244.9501953125,13.479999542236328,4307.952578125,4053.716004638672,11.57145774117047,,
2023-07-18,75.75,99.94000244140625,1.1237596273422241,1.307172417640686,,3.815999984741211,138.72900390625,4554.97998046875,14353.6396484375,13.300000190734863,4316.668779296875,4058.5467041015627,12.23179902957609,,
2023-07-19,75.3499984741211,100.27999877929688,1.1228890419006348,1.303508996963501,,3.799499988555908,139.02699279785156,4565.72021484375,14358.01953125,13.760000228881836,4325.230380859375,4063.490155029297,12.359573683053059,,
2023-07-20,75.62999725341797,100.87999725341797,1.120523452758789,1.2939791679382324,,3.817500114440918,139.59800720214844,4534.8701171875,14063.3095703125,13.989999771118164,4333.315380859375,4067.8149560546876,11.481720928274529,,
2023-07-21,77.06999969482422,101.06999969482422,1.113709807395935,1.2872332334518433,,3.802999973297119,139.86399841308594,4536.33984375,14032.8095703125,13.600000381469727,4341.560576171875,4072.5813049316407,11.387336534123376,,
2023-07-24,78.73999786376953,101.3499984741211,1.112532615661621,1.2853471040725708,,3.8405001163482666,141.75,4554.64013671875,14058.8701171875,13.90999984741211,4349.927783203125,4076.964755859375,11.716446166792693,,
2023-07-25,79.62999725341797,101.3499984741211,1.1063170433044434,1.281262755393982,,3.9019999504089355,141.52200317382812,4567.4599609375,14144.5595703125,13.859999656677246,4359.078984375,4081.2021557617186,11.914572878711663,,
2023-07-26,78.77999877929688,100.88999938964844,1.1050456762313843,1.2893908023834229,,3.890500068664551,140.91299438476562,4566.75,14127.2802734375,13.1899995803833,4367.238583984375,4085.560106201172,11.777819473723204,,
2023-07-27,80.08999633789062,101.7699966430664,1.1078368425369263,1.292724609375,,3.8635001182556152,140.36700439453125,4537.41015625,14050.1103515625,14.40999984741211,4374.025791015625,4089.9182568359374,10.941340909836507,,
2023-07-28,80.58000183105469,101.62000274658203,1.0978755950927734,1.2793776988983154,,3.9170000553131104,138.86399841308594,4582.22998046875,14316.66015625,13.329999923706055,4381.830791015625,4094.065656738281,11.923705300793504,,
2023-07-31,81.80000305175781,101.86000061035156,1.1024264097213745,1.2853965759277344,,3.994499921798706,140.75799560546875,4588.9599609375,14346.01953125,13.630000114440918,4389.757392578125,4098.023756103516,11.97982818188386,,
2023-08-01,81.37000274658203,102.30000305175781,1.0997591018676758,1.283400535583496,,3.8935000896453857,142.322998046875,4576.72998046875,14283.91015625,13.930000305175781,4398.380390625,4101.61185546875,11.583692990513395,,
2023-08-02,79.48999786376953,102.58999633789062,1.1007881164550781,1.2795741558074951,,3.827500104904175,142.97000122070312,4513.39013671875,13973.4501953125,16.09000015258789,4406.343388671875,4105.025805664062,9.947911423388174,,
2023-08-03,81.55000305175781,102.54000091552734,1.0944151878356934,1.2720379829406738,,3.875999927520752,143.343994140625,4501.89013671875,13959.7197265625,15.920000076293945,4413.355595703125,4108.498756103516,9.575063885094732,,
2023-08-04,82.81999969482422,102.0199966430664,1.095158338546753,1.2716336250305176,,3.8450000286102295,142.59800720214844,4478.02978515625,13909.240234375,17.100000381469727,4418.8071875,4111.383604736328,8.917829511153956,,
2023-08-07,81.94000244140625,102.05000305175781,1.1002674102783203,1.2747948169708252,,3.812999963760376,141.87600708007812,4518.43994140625,13994.400390625,15.770000457763672,4425.066982421875,4114.615904541016,9.814379913798552,,
2023-08-08,82.91999816894531,102.52999877929688,1.100315809249878,1.2782002687454224,,3.747999906539917,142.5240020751953,4499.3798828125,13884.3203125,15.989999771118164,4430.9441796875,4117.8323034667965,9.265738651486103,,
2023-08-09,84.4000015258789,102.48999786376953,1.0958904027938843,1.2741613388061523,,3.7674999237060547,143.2779998779297,4467.7099609375,13722.01953125,15.960000038146973,4436.70177734375,4121.372403564453,8.40345213826128,,
2023-08-10,82.81999969482422,102.5199966430664,1.0977671146392822,1.2720056772232056,,3.750999927520752,143.7270050048828,4468.830078125,13737.990234375,15.850000381469727,4441.657978515625,4125.1171044921875,8.332199181897513,,
2023-08-11,83.19000244140625,102.83999633789062,1.0981649160385132,1.2670094966888428,,3.7144999504089355,144.85400390625,4464.0498046875,13644.849609375,14.84000015258789,4445.291572265625,4128.584603271484,8.125428776491427,,
2023-08-14,82.51000213623047,103.19000244140625,1.094439148902893,1.2695027589797974,,3.7244999408721924,144.81700134277344,4489.72021484375,13788.330078125,14.819999694824219,4449.61017578125,4131.999204101562,8.65733493818445,,
2023-08-15,80.98999786376953,103.20999908447266,1.0909883975982666,1.2685203552246094,,3.6614999771118164,145.43699645996094,4437.85986328125,13631.0498046875,16.459999084472656,4452.69037109375,4135.047952880859,7.323056802507548,,
2023-08-16,79.37999725341797,103.41999816894531,1.0904173851013184,1.2701315879821777,,3.6514999866485596,145.60800170898438,4404.330078125,13474.6298828125,16.780000686645508,4455.426572265625,4138.326752929687,6.427798989217039,,
2023-08-17,80.38999938964844,103.44000244140625,1.0874884128570557,1.2728151082992554,,3.685499906539917,146.33299255371094,4370.35986328125,13316.9296875,17.889999389648438,4456.955166015625,4140.396701660156,5.55413353336134,,
2023-08-18,81.25,103.37999725341797,1.0874648094177246,1.275022268295288,,3.6989998817443848,145.71400451660156,4369.7099609375,13290.7802734375,17.299999237060547,4458.37216796875,4142.28060180664,5.490438263203782,,
2023-08-21,80.72000122070312,103.33000183105469,1.087559461593628,1.2741937637329102,,3.7119998931884766,145.30499267578125,4399.77001953125,13497.58984375,17.1299991607666,4459.58896484375,4144.493201904297,6.159421796364852,,
2023-08-22,80.3499984741211,103.55999755859375,1.0898351669311523,1.2760798931121826,,3.750499963760376,146.23800659179688,4387.5498046875,13505.8701171875,16.969999313354492,4459.959765625,4146.472301025391,5.81403868542646,,
2023-08-23,78.88999938964844,103.36000061035156,1.0846692323684692,1.2731555700302124,,3.803499937057495,145.76300048828125,4436.009765625,13721.0302734375,15.979999542236328,4461.2281640625,4148.858399658203,6.921213941417081,,
2023-08-24,79.05000305175781,103.9800033569336,1.086578607559204,1.2720541954040527,,3.7674999237060547,144.67300415039062,4376.31005859375,13463.9697265625,17.200000762939453,4460.237568359375,4151.007149658203,5.427668534709666,,
2023-08-25,79.83000183105469,104.08000183105469,1.07991361618042,1.2592872381210327,,3.759999990463257,146.06700134277344,4405.7099609375,13590.650390625,15.680000305175781,4460.159970703125,4153.208999023437,6.079659414525841,,
2023-08-28,80.0999984741211,104.05999755859375,1.0797386169433594,1.2589701414108276,,3.753999948501587,146.531005859375,4433.31005859375,13705.1298828125,15.079999923706055,4460.634375,4155.625849609375,6.682127290417085,,
2023-08-29,81.16000366210938,103.55000305175781,1.0825556516647339,1.2611136436462402,,3.7929999828338623,146.46400451660156,4497.6298828125,13943.759765625,14.449999809265137,4462.8127734375,4158.096098632813,8.165606953897155,,
2023-08-30,81.62999725341797,103.16000366210938,1.0869210958480835,1.2636793851852417,,3.7850000858306885,145.98800659179688,4514.8701171875,14019.3095703125,13.880000114440918,4465.796376953125,4160.534149169922,8.51659799711709,,
2023-08-31,83.62999725341797,103.62000274658203,1.0932546854019165,1.271179437637329,,3.7725000381469727,146.0989990234375,4507.66015625,14034.9697265625,13.569999694824219,4468.31177734375,4162.9361499023435,8.280790142691554,,
2023-09-01,85.55000305175781,104.23999786376953,1.0844104290008545,1.2672826051712036,,3.8125,145.47300720214844,4515.77001953125,14031.8095703125,13.09000015258789,4471.660576171875,4165.3843994140625,8.411843578385604,,
2023-09-04,85.55000305175781,104.23999786376953,1.07758629322052,1.2591445446014404,,3.8125,146.0570068359375,4515.77001953125,14031.8095703125,13.09000015258789,4475.399580078125,4168.143549804688,8.340079116105576,,
2023-09-05,86.69000244140625,104.80999755859375,1.0794472694396973,1.2623074054718018,,3.811000108718872,146.54299926757812,4496.830078125,14020.9501953125,14.010000228881836,4477.767978515625,4170.83955078125,7.815945048346147,,
2023-09-06,87.54000091552734,104.86000061035156,1.0726161003112793,1.2570552825927734,,3.748500108718872,147.4709930419922,4465.47998046875,13872.4697265625,14.449999809265137,4479.540380859375,4172.766400146485,7.014856626337621,,
2023-09-07,86.87000274658203,105.05999755859375,1.0724204778671265,1.2498750686645508,,3.7260000705718994,147.70899963378906,4451.14013671875,13748.830078125,14.399999618530273,4480.634384765625,4174.6392504882815,6.623348022182466,,
2023-09-08,87.51000213623047,105.08999633789062,1.0697818994522095,1.2475050687789917,,3.680500030517578,147.33099365234375,4457.490234375,13761.5302734375,13.84000015258789,4480.776591796875,4176.568201904297,6.726144980527728,,
2023-09-11,87.29000091552734,104.56999969482422,1.071811318397522,1.2489992380142212,,3.7699999809265137,147.11300659179688,4487.4599609375,13917.8896484375,13.800000190734863,4481.413994140625,4179.011301269531,7.3809003477513,,
2023-09-12,88.83999633789062,104.70999908447266,1.0750375986099243,1.2508755922317505,,3.752000093460083,146.67799377441406,4461.89990234375,13773.6103515625,14.229999542236328,4481.5401953125,4181.614500732422,6.702803464122173,,
2023-09-13,88.5199966430664,104.7699966430664,1.075326681137085,1.2491724491119385,,3.75600004196167,147.1580047607422,4467.43994140625,13813.58984375,13.479999542236328,4481.95259765625,4184.282100830078,6.767178544677931,,
2023-09-14,90.16000366210938,105.41000366210938,1.0734220743179321,1.248953938484192,,3.7825000286102295,147.3459930419922,4505.10009765625,13926.0498046875,12.819999694824219,4483.822802734375,4186.990051269531,7.597583048716943,,
2023-09-15,90.7699966430664,105.31999969482422,1.0637166500091553,1.2401869297027588,,3.7634999752044678,147.48199462890625,4450.31982421875,13708.330078125,13.789999961853027,4484.8501953125,4189.569750976562,6.223791194344204,,
2023-09-18,91.4800033569336,105.19999694824219,1.0668259859085083,1.2397565841674805,,3.741499900817871,147.8679962158203,4453.52978515625,13710.240234375,14.0,4485.7301953125,4191.884599609375,6.241707740982578,,
2023-09-19,91.19999694824219,105.19999694824219,1.0692671537399292,1.2383747100830078,,3.7139999866485596,147.60499572753906,4443.9501953125,13678.1904296875,14.109999656677246,4485.82400390625,4194.006101074218,5.959554855541651,,
2023-09-20,90.27999877929688,105.16000366210938,1.0682048797607422,1.2393569946289062,,3.746500015258789,147.74200439453125,4402.2001953125,13469.1298828125,15.140000343322754,4484.4248046875,4196.040501708984,4.913195988445535,,
2023-09-21,89.62999725341797,105.36000061035156,1.065303087234497,1.2328935861587524,,3.6665000915527344,148.3209991455078,4330.0,13223.98046875,17.540000915527344,4480.82400390625,4198.211751708985,3.139152002930004,,
2023-09-22,90.02999877929688,105.58000183105469,1.0661548376083374,1.2294225692749023,,3.6654999256134033,147.6439971923828,4320.06005859375,13211.8095703125,17.200000762939453,4477.116806640625,4200.550251464843,2.8450988554947165,,
2023-09-25,89.68000030517578,106.0,1.0648492574691772,1.2241849899291992,,3.6494998931884766,148.4340057373047,4337.43994140625,13271.3203125,16.899999618530273,4473.4098046875,4203.149151611328,3.1950041492921963,,
2023-09-26,90.38999938964844,106.2300033569336,1.0591648817062378,1.2213143110275269,,3.625,148.81100463867188,4273.52978515625,13063.6103515625,18.940000534057617,4467.78080078125,4205.408699951172,1.6198445874206953,,
2023-09-27,93.68000030517578,106.66999816894531,1.0569483041763306,1.2146830558776855,,3.627000093460083,149.0449981689453,4274.509765625,13092.849609375,18.219999313354492,4461.956591796875,4207.389049072266,1.5953056817394655,,
2023-09-28,91.70999908447266,106.22000122070312,1.0505305528640747,1.2135332822799683,,3.694499969482422,149.4980010986328,4299.7001953125,13201.2802734375,17.34000015258789,4457.253193359375,4209.775600585937,2.1360899786213428,,
2023-09-29,90.79000091552734,106.16999816894531,1.0562450885772705,1.2204796075820923,,3.7260000705718994,149.33700561523438,4288.0498046875,13219.3203125,17.520000457763672,4452.287392578125,4211.991749267578,1.8057503420596213,,
2023-10-02,88.81999969482422,106.9000015258789,1.0565240383148193,1.2193039655685425,,3.631999969482422,149.5399932861328,4288.39013671875,13307.76953125,17.610000610351562,4446.962392578125,4214.209599609375,1.760247926829531,,
2023-10-03,89.2300033569336,107.0,1.0480751991271973,1.209116816520691,,3.615499973297119,149.8509979248047,4229.4501953125,13059.4697265625,19.780000686645508,4440.202197265625,4216.210600585938,0.3140164470133988,,
2023-10-04,84.22000122070312,106.80000305175781,1.0472300052642822,1.2078461647033691,,3.5840001106262207,149.19200134277344,4263.75,13236.009765625,18.579999923706055,4434.142197265625,4218.613250732422,1.069942812599416,,
2023-10-05,82.30999755859375,106.33000183105469,1.0507071018218994,1.2137395143508911,,3.546999931335449,148.96600341796875,4258.18994140625,13219.830078125,18.489999771118164,4428.55779296875,4220.657800292969,0.8892486169022199,,
2023-10-06,82.79000091552734,106.04000091552734,1.0546631813049316,1.2187690734863281,,3.624500036239624,148.46299743652344,4308.5,13431.33984375,17.450000762939453,4423.083193359375,4223.0028002929685,2.024559389378104,,
2023-10-09,86.37999725341797,106.08000183105469,1.056747317314148,1.222090482711792,,3.6424999237060547,149.16000366210938,4335.66015625,13484.240234375,17.700000762939453,4418.017197265625,4225.483601074218,2.607430665398209,,
2023-10-10,85.97000122070312,105.83000183105469,1.0578875541687012,1.2250398397445679,,3.631999969482422,148.32699584960938,4358.240234375,13562.83984375,17.030000686645508,4413.64740234375,4228.154102783203,3.0766648620060346,,
2023-10-11,83.48999786376953,105.81999969482422,1.0604791641235352,1.229135513305664,,3.614000082015991,148.6280059814453,4376.9501953125,13659.6796875,16.09000015258789,4410.918603515625,4230.77400390625,3.455069717060903,,
2023-10-12,82.91000366210938,106.56999969482422,1.0624282360076904,1.2316333055496216,,3.5940001010894775,149.03599548339844,4349.60986328125,13574.2197265625,16.690000534057617,4407.872998046875,4233.481552734375,2.743092395710765,,
2023-10-13,87.69000244140625,106.6500015258789,1.0536741018295288,1.2183235883712769,,3.5799999237060547,149.7899932861328,4327.77978515625,13407.23046875,19.31999969482422,4404.867998046875,4235.645051269531,2.17522320146028,,
2023-10-16,86.66000366210938,106.23999786376953,1.0521553754806519,1.215376853942871,,3.5869998931884766,149.5659942626953,4373.6298828125,13567.98046875,17.209999084472656,4401.971796875,4238.052750244141,3.1990430643070424,,
2023-10-17,86.66000366210938,106.25,1.0554312467575073,1.2211503982543945,,3.575500011444092,149.5780029296875,4373.2001953125,13533.75,17.8799991607666,4399.448203125,4240.322501220703,3.133669527578247,,
2023-10-18,88.31999969482422,106.56999969482422,1.057305932044983,1.2178784608840942,,3.5820000171661377,149.75900268554688,4314.60009765625,13314.2998046875,19.219999313354492,4396.386005859375,4242.047451171875,1.7103214266104525,,
2023-10-19,89.37000274658203,106.25,1.053851842880249,1.214343786239624,,3.5915000438690186,149.74200439453125,4278.0,13186.1796875,21.399999618530273,4392.569404296875,4243.5216015625,0.8124949434640477,,
2023-10-20,88.75,106.16000366210938,1.0586491823196411,1.2137248516082764,,3.5420000553131104,149.802001953125,4224.16015625,12983.8095703125,21.709999084472656,4387.771611328125,4244.646951904297,-0.48265016823379303,,
2023-10-23,85.48999786376953,105.54000091552734,1.0589966773986816,1.2163970470428467,,3.572999954223633,149.8800048828125,4217.0400390625,13018.330078125,20.3700008392334,4382.3180078125,4245.7367016601565,-0.675893599017472,,
2023-10-24,83.73999786376953,106.2699966430664,1.0669853687286377,1.2250248193740845,,3.609999895095825,149.7689971923828,4247.68017578125,13139.8701171875,18.969999313354492,4378.5144140625,4247.020252685546,0.015538496556174132,,
2023-10-25,85.38999938964844,106.52999877929688,1.059535264968872,1.216189980506897,,3.572000026702881,149.85400390625,4186.77001953125,12821.2197265625,20.190000534057617,4374.163212890625,4248.309802246094,-1.4485709747981963,,
2023-10-26,83.20999908447266,106.5999984741211,1.056725025177002,1.210345983505249,,3.56850004196167,150.09800720214844,4137.22998046875,12595.6103515625,20.68000030517578,4369.500615234375,4249.501701660156,-2.6419973228283373,,
2023-10-27,85.54000091552734,106.55999755859375,1.0564459562301636,1.213710069656372,,3.634000062942505,150.36599731445312,4117.3701171875,12643.009765625,21.270000457763672,4364.453818359375,4250.225501708985,-3.125843192745055,,
2023-10-30,82.30999755859375,106.12000274658203,1.0562450885772705,1.2113723754882812,,3.6494998931884766,149.73300170898438,4166.81982421875,12789.48046875,19.75,4359.794814453125,4250.960550537109,-1.9793344426056358,,
2023-10-31,81.0199966430664,106.66000366210938,1.061503529548645,1.2165746688842773,,3.6414999961853027,149.11099243164062,4193.7998046875,12851.240234375,18.139999389648438,4355.919814453125,4251.844799804688,-1.3651720100379494,,
2023-11-01,80.44000244140625,106.87999725341797,1.0579099655151367,1.215214490890503,,3.6449999809265137,151.29400634765625,4237.85986328125,13061.4697265625,16.8700008392334,4351.95681640625,4252.952999267578,-0.3548860283414193,,
2023-11-02,82.45999908447266,106.12000274658203,1.05870521068573,1.2182197570800781,,3.6670000553131104,150.5749969482422,4317.77978515625,13294.1904296875,15.65999984741211,4350.7862109375,4254.239748535157,1.493569718137578,,
2023-11-03,80.51000213623047,105.0199966430664,1.0619093179702759,1.2191851139068604,,3.674499988555908,150.4969940185547,4358.33984375,13478.2802734375,14.90999984741211,4349.83880859375,4255.678647460937,2.4123343135956374,,
2023-11-06,80.81999969482422,105.22000122070312,1.0732147693634033,1.237378716468811,,3.7095000743865967,149.44900512695312,4365.97998046875,13518.7802734375,14.890000343322754,4348.49220703125,4257.419697265625,2.5499079471269765,,
2023-11-07,77.37000274658203,105.54000091552734,1.0721560716629028,1.2345526218414307,,3.6700000762939453,149.98899841308594,4378.3798828125,13639.8603515625,14.8100004196167,4346.10720703125,4258.9285961914065,2.8047262104350392,,
2023-11-08,75.33000183105469,105.58999633789062,1.0696102380752563,1.2291808128356934,,3.628000020980835,150.39599609375,4382.77978515625,13650.41015625,14.449999809265137,4343.465400390625,4260.2464453125,2.8762030886398997,,
2023-11-09,75.73999786376953,105.91000366210938,1.0710422992706299,1.2285012006759644,,3.634999990463257,150.86399841308594,4347.35009765625,13521.4501953125,15.289999961853027,4340.25919921875,4261.084396972657,2.0245011045752115,,
2023-11-10,77.16999816894531,105.86000061035156,1.0667576789855957,1.2217023372650146,,3.5834999084472656,151.3489990234375,4415.240234375,13798.1103515625,14.170000076293945,4338.248603515625,4262.478198242187,3.5838784159837003,,
2023-11-13,78.26000213623047,105.66000366210938,1.069015622138977,1.2228227853775024,,3.6624999046325684,151.468994140625,4411.5498046875,13767.740234375,14.760000228881836,4336.16419921875,4263.980546875,3.460833279848121,,
2023-11-14,78.26000213623047,104.11000061035156,1.0701825618743896,1.228063702583313,,3.682499885559082,151.64599609375,4495.7001953125,14094.3798828125,14.15999984741211,4336.1416015625,4265.639047851562,5.393357123754075,,
2023-11-15,76.66000366210938,104.38999938964844,1.0878314971923828,1.2494533061981201,,3.7174999713897705,150.48500061035156,4502.8798828125,14103.83984375,14.180000305175781,4336.889599609375,4267.564147949219,5.514052670452825,,
2023-11-16,72.9000015258789,104.37000274658203,1.0854581594467163,1.2422360181808472,,3.7044999599456787,151.21499633789062,4508.240234375,14113.669921875,14.319999694824219,4338.0316015625,4269.697849121094,5.5868680567878926,,
2023-11-17,75.88999938964844,103.81999969482422,1.0853756666183472,1.2414957284927368,,3.737499952316284,150.7050018310547,4514.02001953125,14125.48046875,13.800000190734863,4339.162197265625,4271.815649414062,5.669822623324335,,
2023-11-20,77.5999984741211,103.47000122070312,1.090702772140503,1.2454540729522705,,3.8125,149.94200134277344,4547.3798828125,14284.5302734375,13.40999984741211,4340.360595703125,4273.866098632812,6.399680707525754,,
2023-11-21,77.7699966430664,103.58999633789062,1.0945948362350464,1.2509069442749023,,3.814500093460083,148.36199951171875,4538.18994140625,14199.98046875,13.350000381469727,4341.886396484375,4275.876398925781,6.134731643467736,,
2023-11-22,77.0999984741211,103.91999816894531,1.0918222665786743,1.2544218301773071,,3.7664999961853027,148.15199279785156,4556.6201171875,14265.8603515625,12.850000381469727,4343.67,4277.921499023438,6.514813753073391,,
2023-11-23,77.0999984741211,103.91999816894531,1.0890873670578003,1.2490007877349854,,3.7790000438690186,149.4600067138672,4556.6201171875,14265.8603515625,12.850000381469727,4344.700400390625,4280.252550048828,6.456805151264241,,
2023-11-24,75.54000091552734,103.4000015258789,1.0906314849853516,1.2533526420593262,,3.7964999675750732,149.63499450683594,4559.33984375,14250.849609375,12.460000038146973,4346.88080078125,4282.653798828125,6.460621332445438,,
2023-11-27,74.86000061035156,103.19999694824219,1.0940439701080322,1.2600330114364624,,3.762500047683716,149.5709991455078,4550.43017578125,14241.01953125,12.6899995803833,4348.81880859375,4285.010499267578,6.194142967888629,,
2023-11-28,76.41000366210938,102.75,1.0958423614501953,1.2634397745132446,,3.8010001182556152,148.45199584960938,4554.89013671875,14281.759765625,12.6899995803833,4351.037607421875,4287.7982495117185,6.229115076425229,,
2023-11-29,77.86000061035156,102.7699966430664,1.100594401359558,1.2712295055389404,,3.7860000133514404,147.06300354003906,4550.580078125,14258.490234375,12.979999542236328,4354.005205078125,4290.595899658203,6.05939558389798,,
2023-11-30,75.95999908447266,103.5,1.0973695516586304,1.2696397304534912,,3.8289999961853027,147.03900146484375,4567.7998046875,14226.2197265625,12.920000076293945,4358.761201171875,4293.373298339844,6.391862232286459,,
2023-12-01,74.06999969482422,103.2699966430664,1.0892059803009033,1.2631685733795166,,3.9089999198913574,147.99899291992188,4594.6298828125,14305.0302734375,12.630000114440918,4364.25259765625,4296.4962475585935,6.9389944288515455,,
2023-12-04,73.04000091552734,103.63999938964844,1.088814616203308,1.2713103294372559,,3.820499897003174,146.39300537109375,4569.77978515625,14185.490234375,13.079999923706055,4368.89939453125,4299.433946533203,6.2879402727197835,,
2023-12-05,72.31999969482422,104.05000305175781,1.0837758779525757,1.2634079456329346,,3.7725000381469727,147.32699584960938,4567.18017578125,14229.91015625,12.850000381469727,4374.77240234375,4302.419097900391,6.15377237447799,,
2023-12-06,69.37999725341797,104.1500015258789,1.0793657302856445,1.2594457864761353,,3.7165000438690186,147.18499755859375,4549.33984375,14146.7099609375,12.970000267028809,4380.26900390625,4305.40884765625,5.665687155972177,,
2023-12-07,69.33999633789062,103.54000091552734,1.076669692993164,1.2558711767196655,,3.7844998836517334,147.1840057373047,4585.58984375,14339.990234375,13.0600004196167,4385.986796875,4308.4300463867185,6.432965009974404,,
2023-12-08,71.2300033569336,104.01000213623047,1.079214334487915,1.258954405784607,,3.819999933242798,144.2779998779297,4604.3701171875,14403.9697265625,12.350000381469727,4392.313203125,4311.223697509766,6.799610510748037,,
2023-12-11,71.31999969482422,104.0999984741211,1.0765769481658936,1.2554770708084106,,3.7799999713897705,144.98300170898438,4622.43994140625,14432.490234375,12.630000114440918,4398.99419921875,4314.093797607422,7.147413993869015,,
2023-12-12,68.61000061035156,103.87000274658203,1.076658010482788,1.2554612159729004,,3.7860000133514404,146.0850067138672,4643.7001953125,14533.400390625,12.069999694824219,4407.27919921875,4317.380447998047,7.558281028158313,,
2023-12-13,69.47000122070312,102.87000274658203,1.0798670053482056,1.2570710182189941,,3.7860000133514404,145.27999877929688,4707.08984375,14733.9599609375,12.1899995803833,4416.14599609375,4320.955847167968,8.936309701824673,,
2023-12-14,71.58000183105469,101.95999908447266,1.0886130332946777,1.2622915506362915,,3.8884999752044678,142.7729949951172,4719.5498046875,14761.5595703125,12.479999542236328,4425.373193359375,4324.96199584961,9.123497714351043,,
2023-12-15,71.43000030517578,102.55000305175781,1.0993602275848389,1.2771391868591309,,3.884999990463257,142.2790069580078,4719.18994140625,14813.919921875,12.279999732971191,4433.5869921875,4329.249995117188,9.007101616419986,,
2023-12-18,72.47000122070312,102.51000213623047,1.0895264148712158,1.2672343254089355,,3.8480000495910645,142.31300354003906,4740.56005859375,14904.8095703125,12.5600004196167,4441.684990234375,4333.673995361328,9.388940277186157,,
2023-12-19,73.44000244140625,102.16999816894531,1.092382788658142,1.2651821374893188,,3.8959999084472656,142.7220001220703,4768.3701171875,15003.2197265625,12.529999732971191,4449.887587890625,4337.919395751953,9.922976481699495,,
2023-12-20,74.22000122070312,102.41000366210938,1.0981045961380005,1.2732689380645752,,3.9014999866485596,143.88900756835938,4698.35009765625,14777.9404296875,13.670000076293945,4456.3155859375,4341.951496582031,8.208258460620183,,
2023-12-21,73.88999938964844,101.83999633789062,1.0945708751678467,1.2641266584396362,,3.9084999561309814,143.5229949951172,4746.75,14963.8701171875,13.649999618530273,4464.258388671875,4345.883846435547,9.224042052878149,,
2023-12-22,73.55999755859375,101.69999694824219,1.100618600845337,1.268499493598938,,3.8954999446868896,142.07000732421875,4754.6298828125,14992.9697265625,13.029999732971191,4472.795390625,4350.073796386719,9.299982146551535,,
2023-12-25,73.55999755859375,101.69999694824219,1.102657437324524,1.2677003145217896,,3.8954999446868896,142.3419952392578,4754.6298828125,14992.9697265625,13.029999732971191,4480.415390625,4354.089095458984,9.199186754613093,,
2023-12-26,75.56999969482422,101.47000122070312,1.1020255088806152,1.27048659324646,,3.8954999446868896,142.22999572753906,4774.75,15074.5703125,12.989999771118164,4488.44638671875,4357.948494873047,9.564167764196926,,
2023-12-27,74.11000061035156,100.98999786376953,1.1043012142181396,1.272718071937561,,3.94350004196167,142.46099853515625,4781.580078125,15099.1796875,12.430000305175781,4497.785986328125,4362.171545410156,9.614673067044844,,
2023-12-28,71.7699966430664,101.2300033569336,1.110864281654358,1.2800819873809814,,3.9130001068115234,141.3990020751953,4783.35009765625,15095.1396484375,12.470000267028809,4507.89298828125,4366.344696044922,9.550446211657446,,
2023-12-29,71.6500015258789,101.33000183105469,1.1068191528320312,1.2733986377716064,,3.880500078201294,141.42999267578125,4769.830078125,15011.349609375,12.449999809265137,4518.80638671875,4370.338896484375,9.140965748948824,,
2024-01-01,71.6500015258789,101.33000183105469,1.1055831909179688,1.272999882698059,,3.880500078201294,140.95199584960938,4769.830078125,15011.349609375,12.449999809265137,4529.8621875,4374.300396728516,9.042124351868836,,
2024-01-02,70.37999725341797,102.19999694824219,1.1038745641708374,1.2728800773620605,,3.86899995803833,141.12600708007812,4742.830078125,14765.9404296875,13.199999809265137,4539.765185546875,4378.158197021485,8.329344548390374,,
2024-01-03,72.69999694824219,102.45999908447266,1.0941756963729858,1.2623074054718018,,3.8475000858306885,142.15499877929688,4704.81005859375,14592.2099609375,14.039999961853027,4550.125986328125,4381.543197021484,7.377922504381984,,
2024-01-04,72.19000244140625,102.41999816894531,1.0927767753601074,1.2674272060394287,,3.8310000896453857,142.99899291992188,4688.68017578125,14510.2998046875,14.130000114440918,4561.154990234375,4384.732447509766,6.931956097893869,,
2024-01-05,73.80999755859375,102.41000366210938,1.0947387218475342,1.2684078216552734,,3.7945001125335693,144.76499938964844,4697.240234375,14524.0703125,13.350000381469727,4572.752392578125,4387.672098388672,7.05540726482305,,
2024-01-08,70.7699966430664,102.20999908447266,1.0942236185073853,1.271779179573059,,3.799499988555908,144.71600341796875,4763.5400390625,14843.76953125,13.079999923706055,4584.686796875,4390.867249755859,8.48745289048222,,
2024-01-09,72.23999786376953,102.56999969482422,1.095170259475708,1.274518609046936,,3.748500108718872,144.22999572753906,4756.5,14857.7099609375,12.760000228881836,4595.94080078125,4394.146749267578,8.246271037552834,,
2024-01-10,71.37000274658203,102.36000061035156,1.0932426452636719,1.2712942361831665,,3.7809998989105225,144.42799377441406,4783.4501953125,14969.650390625,12.6899995803833,4606.852607421875,4397.612100830078,8.773809186344394,,
2024-01-11,72.0199966430664,102.29000091552734,1.0975141525268555,1.274518609046936,,3.7764999866485596,145.73399353027344,4780.240234375,14970.1904296875,12.4399995803833,4616.10181640625,4400.988201904297,8.617428974397193,,
2024-01-12,72.68000030517578,102.4000015258789,1.0981649160385132,1.2777756452560425,,3.740000009536743,145.04600524902344,4783.830078125,14972.759765625,12.699999809265137,4624.61162109375,4404.382252197265,8.615233742221971,,
2024-01-15,72.68000030517578,102.4000015258789,1.0945708751678467,1.273658275604248,,3.740000009536743,145.1490020751953,4783.830078125,14972.759765625,12.699999809265137,4632.968623046875,4407.755853271485,8.532101989596107,,
2024-01-16,72.4000015258789,103.36000061035156,1.0945708751678467,1.2716174125671387,,3.7664999961853027,145.79400634765625,4765.97998046875,14944.349609375,13.84000015258789,4640.720625,4411.041053466797,8.04660221248663,,
2024-01-17,72.55999755859375,103.44999694824219,1.087878942489624,1.26385498046875,,3.7325000762939453,147.24600219726562,4739.2099609375,14855.6201171875,14.789999961853027,4647.849228515625,4414.277353515625,7.360946796038811,,
2024-01-18,74.08000183105469,103.54000091552734,1.0885775089263916,1.2676842212677002,,3.744999885559082,148.1179962158203,4780.93994140625,15055.650390625,14.130000114440918,4656.521025390625,4417.450952148438,8.228478215044548,,
2024-01-19,73.41000366210938,103.29000091552734,1.0879143476486206,1.2709871530532837,,3.7869999408721924,148.1280059814453,4839.81005859375,15310.9697265625,13.300000190734863,4665.012421875,4420.961801757812,9.47414331129032,,
2024-01-22,75.19000244140625,103.33000183105469,1.089229702949524,1.2699863910675049,,3.7639999389648438,148.12100219726562,4850.43017578125,15360.2900390625,13.1899995803833,4673.790029296875,4424.457353515625,9.627685120010291,,
2024-01-23,74.37000274658203,103.62000274658203,1.088020920753479,1.2706964015960693,,3.7904999256134033,148.14199829101562,4864.60009765625,15425.9404296875,12.550000190734863,4681.16802734375,4428.006003417969,9.859835192212369,,
2024-01-24,75.08999633789062,103.23999786376953,1.0857881307601929,1.269196629524231,,3.882499933242798,148.25100708007812,4868.5498046875,15481.919921875,13.140000343322754,4688.48142578125,4431.57615234375,9.860456806381293,,
2024-01-25,77.36000061035156,103.56999969482422,1.088174819946289,1.271876335144043,,3.865499973297119,147.59100341796875,4894.16015625,15510.5,13.449999809265137,4696.19982421875,4435.398002929687,10.34320151240744,,
2024-01-26,78.01000213623047,103.47000122070312,1.0847046375274658,1.270825743675232,,3.8505001068115234,147.72300720214844,4890.97021484375,15455.3603515625,13.260000228881836,4703.738828125,4439.18525390625,10.177204489043406,,
2024-01-29,76.77999877929688,103.61000061035156,1.0843517780303955,1.2697607278823853,,3.872999906539917,148.13999938964844,4927.93017578125,15628.0400390625,13.600000381469727,4711.349833984375,4443.139704589844,10.910988702214535,,
2024-01-30,77.81999969482422,103.4000015258789,1.0834470987319946,1.2713264226913452,,3.9065001010894775,147.46800231933594,4924.97021484375,15509.900390625,13.3100004196167,4719.085439453125,4447.40640625,10.738029425928401,,
2024-01-31,75.8499984741211,103.2699966430664,1.08433997631073,1.269551157951355,,3.9024999141693115,147.36900329589844,4845.64990234375,15164.009765625,14.350000381469727,4724.86603515625,4451.354705810547,8.857869628284451,,
2024-02-01,73.81999969482422,103.05000305175781,1.0803920030593872,1.2678449153900146,,3.8524999618530273,146.99600219726562,4906.18994140625,15361.6396484375,13.880000114440918,4731.857431640625,4455.208905029297,10.122556449998552,,
2024-02-02,72.27999877929688,103.91999816894531,1.0874648094177246,1.27472984790802,,3.821500062942505,146.4510040283203,4958.60986328125,15628.9501953125,13.850000381469727,4739.84283203125,4459.154554443359,11.200672745020793,,
2024-02-05,72.77999877929688,104.44999694824219,1.0780043601989746,1.2621959447860718,,3.7720000743865967,148.50100708007812,4942.81005859375,15597.6796875,13.670000076293945,4747.6904296875,4463.02925415039,10.750115608074667,,
2024-02-06,73.30999755859375,104.18000030517578,1.0741831064224243,1.2534469366073608,,3.7825000286102295,148.63999938964844,4954.22998046875,15609.0,13.0600004196167,4755.6772265625,4467.202503662109,10.902292349795811,,
2024-02-07,73.86000061035156,104.04000091552734,1.075719952583313,1.2606525421142578,,3.737499952316284,147.8179931640625,4995.06005859375,15756.6396484375,12.829999923706055,4764.566826171875,4471.7240539550785,11.703226726966744,,
2024-02-08,76.22000122070312,104.1500015258789,1.077574610710144,1.2627378702163696,,3.7054998874664307,148.08599853515625,4997.91015625,15793.7099609375,12.789999961853027,4773.169033203125,4476.407504882813,11.650026294485889,,
2024-02-09,76.83999633789062,104.08000183105469,1.0777255296707153,1.2620525360107422,,3.686000108718872,149.25900268554688,5026.60986328125,15990.66015625,12.930000305175781,4781.8086328125,4480.859304199219,12.179595966572375,,
2024-02-12,76.91999816894531,104.16999816894531,1.0798202753067017,1.2637271881103516,,3.7284998893737793,149.16700744628906,5021.83984375,15942.5498046875,13.930000305175781,4790.849833984375,4485.277902832031,11.962735699814289,,
2024-02-13,77.87000274658203,104.95999908447266,1.0772264003753662,1.2627538442611694,,3.7139999866485596,149.40499877929688,4953.169921875,15655.599609375,15.850000381469727,4798.56962890625,4489.447902832031,10.329154699633424,,
2024-02-14,76.63999938964844,104.72000122070312,1.0708931684494019,1.2590652704238892,,3.700500011444092,150.7239990234375,5000.6201171875,15859.150390625,14.380000114440918,4807.595234375,4493.762802734375,11.279129244309711,,
2024-02-15,78.02999877929688,104.30000305175781,1.0732147693634033,1.2568340301513672,,3.756500005722046,150.54400634765625,5029.72998046875,15906.169921875,14.010000228881836,4816.478037109375,4498.2583520507815,11.815053445644526,,
2024-02-16,79.19000244140625,104.27999877929688,1.0773887634277344,1.259921908378601,,3.8380000591278076,149.9459991455078,5005.56982421875,15775.650390625,14.239999771118164,4824.50203125,4502.66580078125,11.16902843089624,,
2024-02-19,79.19000244140625,104.27999877929688,1.0784927606582642,1.2611136436462402,,3.8380000591278076,150.09100341796875,5005.56982421875,15775.650390625,14.239999771118164,4832.16462890625,4507.012250976562,11.061819792794262,,
2024-02-20,78.18000030517578,104.08000183105469,1.0775396823883057,1.2587641477584839,,3.866499900817871,150.27000427246094,4975.509765625,15630.7802734375,15.420000076293945,4838.8008203125,4511.340300292969,10.28894817138684,,
2024-02-21,77.91000366210938,104.01000213623047,1.0813149213790894,1.2627378702163696,,3.874500036239624,149.93899536132812,4981.7998046875,15580.8701171875,15.34000015258789,4844.29501953125,4515.45544921875,10.327736829945595,,
2024-02-22,78.61000061035156,103.95999908447266,1.0820403099060059,1.2638070583343506,,3.8975000381469727,150.35499572753906,5087.02978515625,16041.6201171875,14.539999961853027,4851.644619140625,4519.900349121093,12.547388044637678,,
2024-02-23,76.48999786376953,103.94000244140625,1.0825674533843994,1.266367793083191,,3.881999969482422,150.48300170898438,5088.7998046875,15996.8203125,13.75,4859.03681640625,4524.384448242187,12.474964559313682,,
2024-02-26,77.58000183105469,103.83000183105469,1.0820051431655884,1.2672665119171143,,3.8239998817443848,150.4980010986328,5069.52978515625,15976.25,13.739999771118164,4865.6162109375,4528.768947753906,11.940570244161835,,
2024-02-27,78.87000274658203,103.83000183105469,1.0850930213928223,1.268455982208252,,3.8310000896453857,150.5659942626953,5078.18017578125,16035.2998046875,13.430000305175781,4871.812412109375,4533.431948242188,12.016243626427107,,
2024-02-28,78.54000091552734,103.9800033569336,1.084481120109558,1.268166422843933,,3.827500104904175,150.4949951171875,5069.759765625,15947.740234375,13.84000015258789,4879.24060546875,4538.204545898438,11.712896903401461,,
2024-02-29,78.26000213623047,104.16000366210938,1.0838816165924072,1.2663036584854126,,3.8345000743865967,150.656005859375,5096.27001953125,16091.919921875,13.399999618530273,4886.231005859375,4542.929497070312,12.180257756977769,,
2024-03-01,79.97000122070312,103.86000061035156,1.0804970264434814,1.2625465393066406,,3.8550000190734863,150.09500122070312,5137.080078125,16274.9404296875,13.109999656677246,4893.880009765625,4547.587646484375,12.96275030776695,,
2024-03-04,78.73999786376953,103.83000183105469,1.084269404411316,1.26603102684021,,3.8519999980926514,150.10499572753906,5130.9501953125,16207.509765625,13.489999771118164,4901.406416015625,4552.215146484375,12.713262229599936,,
2024-03-05,78.1500015258789,103.80000305175781,1.0855170488357544,1.269196629524231,,3.8440001010894775,150.46600341796875,5078.64990234375,15939.58984375,14.460000038146973,4907.4844140625,4556.580795898438,11.457475019761477,,
2024-03-06,79.12999725341797,103.37000274658203,1.0855995416641235,1.27048659324646,,3.870500087738037,150.0489959716797,5104.759765625,16031.5400390625,14.5,4913.9480078125,4561.2054443359375,11.91690065099004,,
2024-03-07,78.93000030517578,102.81999969482422,1.089953899383545,1.2735446691513062,,3.9195001125335693,149.2689971923828,5157.35986328125,16273.3798828125,14.4399995803833,4921.428203125,4565.887143554687,12.954168623319994,,
2024-03-08,78.01000213623047,102.73999786376953,1.0950144529342651,1.2815583944320679,,3.884999990463257,147.8679962158203,5123.68994140625,16085.1103515625,14.739999771118164,4928.505400390625,4570.093742675781,12.113453900539458,,
2024-03-11,77.93000030517578,102.87000274658203,1.0942955017089844,1.2855123281478882,,3.922499895095825,146.7740020751953,5117.93994140625,16019.26953125,15.220000267028809,4935.46759765625,4574.3144921875,11.884304197868582,,
2024-03-12,77.55999755859375,102.95999908447266,1.093135118484497,1.2819806337356567,,3.924999952316284,146.73199462890625,5175.27001953125,16265.6396484375,13.84000015258789,4944.116396484375,4578.771591796875,13.027477256193231,,
2024-03-13,79.72000122070312,102.79000091552734,1.0927767753601074,1.2795906066894531,,4.052499771118164,147.61900329589844,5165.31005859375,16177.76953125,13.75,4953.326396484375,4583.260541992187,12.69946387007197,,
2024-03-14,81.26000213623047,103.36000061035156,1.0955302715301514,1.2802129983901978,,4.0370001792907715,147.62100219726562,5150.47998046875,16128.5302734375,14.399999618530273,4962.562392578125,4587.543291015625,12.27098369961099,,
2024-03-15,81.04000091552734,103.43000030517578,1.0883406400680542,1.2745835781097412,,4.112500190734863,148.29600524902344,5117.08984375,15973.169921875,14.40999984741211,4970.959384765625,4591.634440917969,11.443755150660047,,
2024-03-18,82.72000122070312,103.58000183105469,1.0882576704025269,1.2731393575668335,,4.114500045776367,148.9550018310547,5149.419921875,16103.4501953125,14.329999923706055,4978.676982421875,4595.6868896484375,12.048972123706237,,
2024-03-19,83.47000122070312,103.80999755859375,1.087393879890442,1.272718071937561,,4.058499813079834,149.1439971923828,5178.509765625,16166.7900390625,13.819999694824219,4987.117177734375,4599.734389648437,12.582799939037335,,
2024-03-20,81.68000030517578,103.41000366210938,1.0863306522369385,1.2719409465789795,,4.03849983215332,151.03500366210938,5224.6201171875,16369.41015625,13.039999961853027,4995.940576171875,4603.994541015625,13.480154475486565,,
2024-03-21,81.06999969482422,104.0,1.0937210321426392,1.2798361778259277,,4.046500205993652,150.75999450683594,5241.52978515625,16401.83984375,12.920000076293945,5005.1663671875,4608.072990722656,13.746674492980478,,
2024-03-22,80.62999725341797,104.43000030517578,1.0862362384796143,1.2661913633346558,,3.996000051498413,151.63299560546875,5234.18017578125,16428.8203125,13.0600004196167,5014.173369140625,4612.195942382812,13.485642005857635,,
2024-03-25,81.94999694824219,104.2300033569336,1.0807539224624634,1.25979483127594,,4.006999969482422,151.30499267578125,5218.18994140625,16384.470703125,13.1899995803833,5022.86056640625,4616.238942871094,13.039857901306329,,
2024-03-26,81.62000274658203,104.29000091552734,1.0838228464126587,1.2637910842895508,,3.996000051498413,151.3730010986328,5203.580078125,16315.7001953125,13.239999771118164,5031.612568359375,4620.313293457031,12.623966117058574,,
2024-03-27,81.3499984741211,104.3499984741211,1.0832358598709106,1.2628495693206787,,3.992500066757202,151.52999877929688,5248.490234375,16399.51953125,12.779999732971191,5041.798173828125,4624.727294921875,13.487561529044973,,
2024-03-28,83.16999816894531,104.55000305175781,1.0813382863998413,1.261670470237732,,4.003499984741211,151.28700256347656,5254.35009765625,16379.4599609375,13.010000228881836,5051.266376953125,4629.089594726563,13.507202445206099,,
2024-03-29,83.16999816894531,104.55000305175781,1.0794472694396973,1.26262629032135,,4.003499984741211,151.44000244140625,5254.35009765625,16379.4599609375,13.010000228881836,5059.557177734375,4633.619694824219,13.396231104710449,,
2024-04-01,83.70999908447266,105.0199966430664,1.0792726278305054,1.2637271881103516,,4.046000003814697,151.3979949951172,5243.77001953125,16396.830078125,13.649999618530273,5067.423974609375,4638.194445800781,13.056278273946248,,
2024-04-02,85.1500015258789,104.81999969482422,1.0737217664718628,1.2545477151870728,,4.070000171661377,151.58099365234375,5205.81005859375,16240.4501953125,14.609999656677246,5074.248173828125,4642.3314453125,12.137836772732173,,
2024-04-03,85.43000030517578,104.25,1.076855182647705,1.2576876878738403,,4.192999839782715,151.5399932861328,5211.490234375,16277.4599609375,14.329999923706055,5081.106982421875,4646.504597167968,12.159368949110453,,
2024-04-04,86.58999633789062,104.12000274658203,1.0838346481323242,1.2651821374893188,,4.246500015258789,151.58099365234375,5147.2099609375,16049.080078125,16.350000381469727,5086.167978515625,4650.258447265625,10.686535368030665,,
2024-04-05,86.91000366210938,104.30000305175781,1.0837054252624512,1.26401948928833,,4.239500045776367,151.29200744628906,5204.33984375,16248.51953125,16.030000686645508,5092.43537109375,4654.028247070312,11.824414624601948,,
2024-04-08,86.43000030517578,104.13999938964844,1.0830481052398682,1.2625305652618408,,4.2769999504089355,151.69000244140625,5202.39013671875,16253.9599609375,15.1899995803833,5097.9245703125,4657.762248535157,11.692908721454732,,
2024-04-09,85.2300033569336,104.1500015258789,1.0863661766052246,1.2658709287643433,,4.285999774932861,151.84300231933594,5209.91015625,16306.6396484375,14.979999542236328,5103.623369140625,4661.533850097656,11.763859789216289,,
2024-04-10,86.20999908447266,105.25,1.0859296321868896,1.2677645683288574,,4.2820000648498535,151.77699279785156,5160.64013671875,16170.3603515625,15.800000190734863,5109.923173828125,4665.102951660157,10.622213275748782,,
2024-04-11,85.0199966430664,105.27999877929688,1.074171543121338,1.2537612915039062,,4.251999855041504,152.96400451660156,5199.06005859375,16442.19921875,14.90999984741211,5115.780576171875,4669.040302734375,11.351792263368875,,
2024-04-12,85.66000366210938,106.04000091552734,1.0726851224899292,1.2554770708084106,,4.257500171661377,153.19200134277344,5123.41015625,16175.08984375,17.309999465942383,5119.07658203125,4672.662602539062,9.646481932292893,,
2024-04-15,85.41000366210938,106.20999908447266,1.0649627447128296,1.2461835145950317,,4.379000186920166,153.2830047607422,5061.81982421875,15885.01953125,19.229999542236328,5121.45677734375,4675.924052734375,8.25282376557659,,
2024-04-16,85.36000061035156,106.26000213623047,1.0625749826431274,1.2447409629821777,,4.305500030517578,154.20599365234375,5051.41015625,15865.25,18.399999618530273,5123.400380859375,4678.9848046875,7.959533255790796,,
2024-04-17,82.69000244140625,105.94999694824219,1.0621461868286133,1.2431007623672485,,4.34250020980835,154.697998046875,5022.2099609375,15683.3701171875,18.209999084472656,5123.94337890625,4681.735053710938,7.27240869721339,,
2024-04-18,82.7300033569336,106.1500015258789,1.0669398307800293,1.2453765869140625,,4.440499782562256,154.3419952392578,5011.1201171875,15601.5,18.0,5124.207578125,4684.240454101562,6.978285301296161,,
2024-04-19,83.13999938964844,106.1500015258789,1.0644185543060303,1.2437657117843628,,4.501999855041504,154.61000061035156,4967.22998046875,15282.009765625,18.709999084472656,5123.01998046875,4686.549504394531,5.989064573222316,,
2024-04-22,82.8499984741211,106.08000183105469,1.065825343132019,1.2375777959823608,,4.500500202178955,154.63999938964844,5010.60009765625,15451.3095703125,16.940000534057617,5122.795185546875,4688.9885546875,6.858868159258787,,
2024-04-23,83.36000061035156,105.69000244140625,1.065405249595642,1.2350252866744995,,4.490499973297119,154.81300354003906,5070.5498046875,15696.6396484375,15.6899995803833,5125.142783203125,4691.566403808593,8.077971582609372,,
2024-04-24,82.80999755859375,105.86000061035156,1.0704345703125,1.2453300952911377,,4.4670000076293945,154.74400329589844,5071.6298828125,15712.75,15.970000267028809,5126.562978515625,4694.095952148437,8.04273995488459,,
2024-04-25,83.56999969482422,105.5999984741211,1.0699878931045532,1.2459505796432495,,4.570499897003174,155.25900268554688,5048.419921875,15611.759765625,15.369999885559082,5126.93677734375,4696.663701171875,7.489491330097951,,
2024-04-26,83.8499984741211,105.94000244140625,1.072961449623108,1.2509069442749023,,4.568999767303467,155.5970001220703,5099.9599609375,15927.900390625,15.029999732971191,5128.824580078125,4699.481801757813,8.521751462680223,,
2024-04-29,82.62999725341797,105.58000183105469,1.0706866979599,1.2510477304458618,,4.658999919891357,158.2239990234375,5116.169921875,15983.080078125,14.670000076293945,5131.03658203125,4702.289450683594,8.801680022722518,,
2024-04-30,81.93000030517578,106.22000122070312,1.0715701580047607,1.2559815645217896,,4.564499855041504,156.31399536132812,5035.68994140625,15657.8203125,15.649999618530273,5132.240185546875,4704.630600585938,7.036882784784004,,
2024-05-01,79.0,105.76000213623047,1.0666552782058716,1.2490164041519165,,4.552499771118164,157.7220001220703,5018.39013671875,15605.48046875,15.390000343322754,5132.9719921875,4706.8888012695315,6.617987987419652,,
2024-05-02,78.94999694824219,105.30000305175781,1.0721560716629028,1.2539342641830444,,4.49399995803833,155.70399475097656,5064.2001953125,15840.9599609375,14.680000305175781,5132.515400390625,4709.522751464844,7.531069761523872,,
2024-05-03,78.11000061035156,105.02999877929688,1.073306918144226,1.2540600299835205,,4.573500156402588,153.0449981689453,5127.7900390625,16156.330078125,13.489999771118164,5133.295205078125,4712.250551757813,8.818280835039177,,
2024-05-06,78.4800033569336,105.05000305175781,1.0758124589920044,1.2541072368621826,,4.634500026702881,153.5659942626953,5180.740234375,16349.25,13.489999771118164,5135.5194140625,4715.209453125,9.872960806469996,,
2024-05-07,78.37999725341797,105.41000366210938,1.0767507553100586,1.2559815645217896,,4.625500202178955,154.23699951171875,5187.7001953125,16332.5595703125,13.229999542236328,5137.709814453125,4718.264304199219,9.94933434940232,,
2024-05-08,78.98999786376953,105.55000305175781,1.0750491619110107,1.25014066696167,,4.561999797821045,154.7480010986328,5187.669921875,16302.759765625,13.0,5140.068017578125,4721.635703125,9.87018584346854,,
2024-05-09,79.26000213623047,105.2300033569336,1.0746910572052002,1.2493284940719604,,4.607500076293945,155.41900634765625,5214.080078125,16346.259765625,12.6899995803833,5142.42421875,4725.196652832031,10.346308549930054,,
2024-05-10,78.26000213623047,105.30999755859375,1.078515887260437,1.2525677680969238,,4.69350004196167,155.38900756835938,5222.68017578125,16340.8701171875,12.550000190734863,5144.136220703125,4728.919904785156,10.441290631640046,,
2024-05-13,79.12000274658203,105.22000122070312,1.077040672302246,1.2522854804992676,,4.804500102996826,155.8179931640625,5221.419921875,16388.240234375,13.600000381469727,5145.945615234375,4732.4348046875,10.332632933541051,,
2024-05-14,78.0199966430664,105.01000213623047,1.079354166984558,1.2561867237091064,,4.953499794006348,156.23300170898438,5246.68017578125,16511.1796875,13.420000076293945,5149.306220703125,4736.171306152344,10.778935908964032,,
2024-05-15,78.62999725341797,104.3499984741211,1.0814552307128906,1.2585265636444092,,4.9695000648498535,156.4980010986328,5308.14990234375,16742.390625,12.449999809265137,5153.3740234375,4740.373505859375,11.977461180697489,,
2024-05-16,79.2300033569336,104.45999908447266,1.0889805555343628,1.2690032720565796,,4.892000198364258,154.28199768066406,5297.10009765625,16698.3203125,12.420000076293945,5156.168828125,4744.514855957032,11.646822878116051,,
2024-05-17,80.05999755859375,104.44999694824219,1.0867793560028076,1.2672007083892822,,5.057000160217285,155.37899780273438,5303.27001953125,16685.970703125,11.989999771118164,5159.7604296875,4748.71095703125,11.678096803910213,,
2024-05-20,79.80000305175781,104.56999969482422,1.0875475406646729,1.2706480026245117,,5.087500095367432,155.75399780273438,5308.1298828125,16794.869140625,12.149999618530273,5163.564228515625,4752.803005371094,11.68419723716378,,
2024-05-21,79.26000213623047,104.66000366210938,1.086082935333252,1.2710840702056885,,5.11899995803833,156.3699951171875,5321.41015625,16832.619140625,11.859999656677246,5166.48703125,4757.220756835937,11.859643019579131,,
2024-05-22,77.56999969482422,104.94000244140625,1.0855170488357544,1.2711325883865356,,4.867499828338623,156.25100708007812,5307.009765625,16801.5390625,12.289999961853027,5169.321025390625,4761.734155273438,11.451198083952049,,
2024-05-23,76.87000274658203,105.11000061035156,1.0825204849243164,1.2721028327941895,,4.816500186920166,156.70399475097656,5267.83984375,16736.029296875,12.770000457763672,5171.66822265625,4766.221555175781,10.524443372329115,,
2024-05-24,77.72000122070312,104.72000122070312,1.0812681913375854,1.2694060802459717,,4.778500080108643,156.97300720214844,5304.72021484375,16920.7890625,11.930000305175781,5175.420830078125,4770.8966064453125,11.189167413044766,,
2024-05-27,77.72000122070312,104.72000122070312,1.0847634077072144,1.2736095190048218,,4.778500080108643,156.8699951171875,5304.72021484375,16920.7890625,11.930000305175781,5178.5268359375,4775.421357421875,11.08381476326164,,
2024-05-28,79.83000183105469,104.61000061035156,1.0861891508102417,1.2772371768951416,,4.875500202178955,156.84500122070312,5306.0400390625,17019.880859375,12.920000076293945,5181.07744140625,4780.01380859375,11.004701064315627,,
2024-05-29,79.2300033569336,105.0999984741211,1.0851871967315674,1.275835633277893,,4.805500030517578,157.26199340820312,5266.9501953125,16920.580078125,14.279999732971191,5181.92404296875,4784.168510742187,10.091234944720142,,
2024-05-30,77.91000366210938,104.72000122070312,1.0801819562911987,1.2697993516921997,,4.671999931335449,157.60800170898438,5235.47998046875,16737.080078125,14.470000267028809,5181.803046875,4788.464360351562,9.335260460920885,,
2024-05-31,76.98999786376953,104.66999816894531,1.0835410356521606,1.27304208278656,,4.610000133514404,156.9530029296875,5277.509765625,16735.01953125,12.920000076293945,5182.669638671875,4792.823359375,10.112753379527941,,
2024-06-03,74.22000122070312,104.13999938964844,1.0853049755096436,1.2743724584579468,,4.677000045776367,157.17999267578125,5283.39990234375,16828.669921875,13.109999656677246,5183.973837890625,4797.07380859375,10.13797396401881,,
2024-06-04,73.25,104.11000061035156,1.0907385349273682,1.2810165882110596,,4.547999858856201,156.0760040283203,5291.33984375,16857.05078125,13.15999984741211,5185.729033203125,4801.0423583984375,10.212313259304779,,
2024-06-05,74.06999969482422,104.2699966430664,1.0881866216659546,1.2773023843765259,,4.619500160217285,155.12399291992188,5354.02978515625,17187.900390625,12.630000114440918,5187.83982421875,4805.238156738281,11.420695718242614,,
2024-06-06,75.55000305175781,104.0999984741211,1.087453007698059,1.2794759273529053,,4.690999984741211,155.9290008544922,5352.9599609375,17173.119140625,12.579999923706055,5189.812021484375,4809.464655761719,11.300536423002423,,
2024-06-07,75.52999877929688,104.88999938964844,1.0894432067871094,1.2793285846710205,,4.494500160217285,155.69700622558594,5346.990234375,17133.130859375,12.220000267028809,5191.66482421875,4813.620756835938,11.080421671807267,,
2024-06-10,77.73999786376953,105.1500015258789,1.0778882503509521,1.2729448080062866,,4.55649995803833,156.83299255371094,5360.7900390625,17192.529296875,12.739999771118164,5194.005224609375,4817.8458569335935,11.269438629870846,,
2024-06-11,77.9000015258789,105.2300033569336,1.0764262676239014,1.2726370096206665,,4.5229997634887695,157.0399932861328,5375.31982421875,17343.55078125,12.850000381469727,5197.395419921875,4822.238305664063,11.4693941588298,,
2024-06-12,78.5,104.6500015258789,1.0740330219268799,1.274047613143921,,4.581500053405762,157.10499572753906,5421.02978515625,17608.439453125,12.039999961853027,5201.5862109375,4827.0160546875,12.306023508910949,,
2024-06-13,78.62000274658203,105.19999694824219,1.0813149213790894,1.27962327003479,,4.507500171661377,156.8000030517578,5433.740234375,17667.560546875,11.9399995803833,5207.31681640625,4831.929055175781,12.454884422497493,,
2024-06-14,78.44999694824219,105.55000305175781,1.0738831758499146,1.2755101919174194,,4.551000118255615,157.1280059814453,5431.60009765625,17688.880859375,12.65999984741211,5211.862021484375,4836.799604492187,12.297397903598082,,
2024-06-17,80.33000183105469,105.31999969482422,1.0702168941497803,1.2683112621307373,,4.521500110626221,157.54600524902344,5473.22998046875,17857.01953125,12.75,5217.278818359375,4841.728454589844,13.042894325894252,,
2024-06-18,81.56999969482422,105.26000213623047,1.0740677118301392,1.2715997695922852,,4.561999797821045,157.6999969482422,5487.02978515625,17862.23046875,12.300000190734863,5222.8212109375,4846.854104003906,13.208065838489032,,
2024-06-19,81.56999969482422,105.26000213623047,1.0742292404174805,1.2707449197769165,,4.561999797821045,157.87100219726562,5487.02978515625,17862.23046875,12.300000190734863,5229.34900390625,4851.952053222656,13.089118049131928,,
2024-06-20,82.16999816894531,105.58999633789062,1.0751532316207886,1.2721998691558838,,4.618000030517578,157.95799255371094,5473.169921875,17721.58984375,13.279999732971191,5234.831201171875,4856.79240234375,12.691041091931451,,
2024-06-21,80.7300033569336,105.80000305175781,1.0706409215927124,1.2660471200942993,,4.49399995803833,158.93099975585938,5464.6201171875,17689.359375,13.199999809265137,5241.655400390625,4861.863903808594,12.397636488893292,,
2024-06-24,81.62999725341797,105.47000122070312,1.0687757730484009,1.2639029026031494,,4.5269999504089355,159.86099243164062,5447.8701171875,17496.8203125,13.329999923706055,5249.37640625,4866.83560546875,11.938650877499434,,
2024-06-25,80.83000183105469,105.61000061035156,1.0732723474502563,1.268343448638916,,4.38100004196167,159.68600463867188,5469.2998046875,17717.650390625,12.84000015258789,5257.73419921875,4871.962353515625,12.260715658872734,,
2024-06-26,80.9000015258789,106.05000305175781,1.0709619522094727,1.268399715423584,,4.367499828338623,159.68600463867188,5477.89990234375,17805.16015625,12.550000190734863,5266.847998046875,4877.340852050781,12.313247495106914,,
2024-06-27,81.73999786376953,105.91000366210938,1.068010926246643,1.262179970741272,,4.328499794006348,160.62100219726562,5482.8701171875,17858.6796875,12.239999771118164,5276.282998046875,4883.105202636719,12.282449172443133,,
2024-06-28,81.54000091552734,105.87000274658203,1.0708472728729248,1.2645741701126099,,4.390500068664551,160.68699645996094,5460.47998046875,17732.599609375,12.4399995803833,5286.147998046875,4888.807302246094,11.693499925022797,,
2024-07-01,83.37999725341797,105.9000015258789,1.0735257863998413,1.2648621797561646,,4.426499843597412,160.90699768066406,5475.08984375,17879.30078125,12.220000267028809,5295.43779296875,4894.495551757813,11.86218857188811,,
2024-07-02,82.80999755859375,105.72000122070312,1.0737102031707764,1.2645741701126099,,4.429500102996826,161.51199340820312,5509.009765625,18028.759765625,12.029999732971191,5304.2069921875,4900.672951660156,12.41333220897271,,
2024-07-03,83.87999725341797,105.4000015258789,1.0748412609100342,1.2690355777740479,,4.540999889373779,161.50399780273438,5537.02001953125,18188.30078125,12.09000015258789,5313.514794921875,4906.985502929688,12.839543060100825,,
2024-07-04,83.87999725341797,105.4000015258789,1.0793308019638062,1.2747784852981567,,4.540999889373779,161.62100219726562,5537.02001953125,18188.30078125,12.09000015258789,5323.286796875,4913.172102050781,12.697457050610375,,
2024-07-05,83.16000366210938,104.87999725341797,1.0810693502426147,1.2755752801895142,,4.6585001945495605,161.35800170898438,5567.18994140625,18352.759765625,12.479999542236328,5332.631396484375,4919.567802734375,13.164208008514825,,
2024-07-08,82.33000183105469,105.01000213623047,1.082602620124817,1.2806508541107178,,4.622000217437744,160.63800048828125,5572.85009765625,18403.740234375,12.369999885559082,5341.765,4925.990102539063,13.13157317924306,,
2024-07-09,81.41000366210938,105.12000274658203,1.0830950736999512,1.2815583944320679,,4.578000068664551,160.85699462890625,5576.97998046875,18429.2890625,12.510000228881836,5352.59080078125,4932.727751464844,13.060770053903465,,
2024-07-10,82.0999984741211,105.05000305175781,1.0814785957336426,1.2787723541259766,,4.607500076293945,161.33099365234375,5633.91015625,18647.44921875,12.850000381469727,5364.901201171875,4939.578552246094,14.056494833717831,,
2024-07-11,82.62000274658203,104.44000244140625,1.083329677581787,1.285264492034912,,4.508500099182129,161.60699462890625,5584.5400390625,18283.41015625,12.920000076293945,5375.307998046875,4946.210302734375,12.905430567221183,,
2024-07-12,82.20999908447266,104.08999633789062,1.0872756242752075,1.292373776435852,,4.598499774932861,158.2010040283203,5615.35009765625,18398.44921875,12.460000038146973,5385.05919921875,4952.744553222657,13.378552786503972,,
2024-07-15,81.91000366210938,104.19000244140625,1.0885539054870605,1.2966804504394531,,4.5289998054504395,158.31300354003906,5631.22021484375,18472.5703125,13.119999885559082,5394.068798828125,4959.222353515625,13.550468469149015,,
2024-07-16,80.76000213623047,104.2699966430664,1.0901559591293335,1.2970000505447388,,4.443999767303467,158.14100646972656,5667.2001953125,18509.33984375,13.1899995803833,5403.658798828125,4965.767153320313,14.12537117297537,,
2024-07-17,82.8499984741211,103.75,1.0902509689331055,1.29776930809021,,4.39900016784668,158.35000610351562,5588.27001953125,17996.919921875,14.479999542236328,5411.67080078125,4971.823752441406,12.398795648923372,,
2024-07-18,82.81999969482422,104.16999816894531,1.094020128250122,1.3007453680038452,,4.265999794006348,155.68600463867188,5544.58984375,17871.220703125,15.930000305175781,5418.28099609375,4977.79865234375,11.38638243512283,,
2024-07-19,80.12999725341797,104.4000015258789,1.0901559591293335,1.2951691150665283,,4.218999862670898,157.14999389648438,5505.0,17726.939453125,16.520000457763672,5423.927392578125,4983.684753417969,10.460437856236728,,
2024-07-22,79.77999877929688,104.30999755859375,1.0899182558059692,1.2933096885681152,,4.180500030517578,157.4219970703125,5564.41015625,18007.5703125,14.90999984741211,5430.787197265625,4989.638654785156,11.519301120405327,,
2024-07-23,76.95999908447266,104.44999694824219,1.0889805555343628,1.2932428121566772,,4.145999908447266,156.89100646972656,5555.740234375,17997.349609375,14.720000267028809,5436.9683984375,4995.551354980469,11.213754790770658,,
2024-07-24,77.58999633789062,104.38999938964844,1.0850694179534912,1.2901561260223389,,4.098999977111816,155.76800537109375,5427.1298828125,17342.41015625,18.040000915527344,5439.347998046875,5001.11400390625,8.518419667568047,,
2024-07-25,78.27999877929688,104.36000061035156,1.0839520692825317,1.289989709854126,,4.112500190734863,153.89100646972656,5399.22021484375,17181.720703125,18.459999084472656,5441.390400390625,5006.720104980469,7.8394657906448355,,
2024-07-26,77.16000366210938,104.31999969482422,1.0851283073425293,1.2856775522232056,,4.104499816894531,153.69700622558594,5459.10009765625,17357.880859375,16.389999389648438,5444.507001953125,5012.8948046875,8.901150140862885,,
2024-07-29,75.80999755859375,104.55999755859375,1.0853756666183472,1.2868356704711914,,4.061999797821045,154.13900756835938,5463.5400390625,17370.19921875,16.600000381469727,5447.615205078125,5019.1273046875,8.854382592765688,,
2024-07-30,74.7300033569336,104.55000305175781,1.081946611404419,1.286041259765625,,4.063000202178955,153.83299255371094,5436.43994140625,17147.419921875,17.690000534057617,5449.91580078125,5025.071103515625,8.186328698967559,,
2024-07-31,77.91000366210938,104.0999984741211,1.0816072225570679,1.2836971282958984,,4.159999847412109,152.6699981689453,5522.2998046875,17599.400390625,16.360000610351562,5454.2216015625,5031.748752441406,9.749116587112542,,
2024-08-01,76.30999755859375,104.41999816894531,1.082391619682312,1.2853139638900757,,4.066500186920166,149.74400329589844,5446.68017578125,17194.150390625,18.59000015258789,5457.798408203125,5038.296003417969,8.10560102237412,,
2024-08-02,73.5199966430664,103.20999908447266,1.0787602663040161,1.27289617061615,,4.084000110626221,149.2010040283203,5346.56005859375,16776.16015625,23.389999389648438,5458.635205078125,5044.441953125,5.989128396682019,,
2024-08-05,72.94000244140625,102.69000244140625,1.0910836458206177,1.278788685798645,,3.9839999675750732,145.58399963378906,5186.330078125,16200.080078125,38.56999969482422,5456.26740234375,5049.539504394531,2.7089712559219015,,
2024-08-06,73.19999694824219,102.97000122070312,1.0950982570648193,1.2788705825805664,,4.011499881744385,145.7899932861328,5240.02978515625,16366.849609375,27.709999084472656,5454.947197265625,5054.770654296875,3.665035340463818,,
2024-08-07,75.2300033569336,103.19999694824219,1.0926215648651123,1.2684721946716309,,3.9375,144.73199462890625,5199.5,16195.8095703125,27.850000381469727,5453.598193359375,5059.578854980468,2.765470190899353,,
2024-08-08,76.19000244140625,103.20999908447266,1.0928125381469727,1.2680377960205078,,3.944999933242798,146.12399291992188,5319.31005859375,16660.01953125,23.790000915527344,5455.274794921875,5064.586506347656,5.029503433830948,,
2024-08-09,76.83999633789062,103.13999938964844,1.0915720462799072,1.2747459411621094,,3.9800000190734863,147.66900634765625,5344.16015625,16745.30078125,20.3700008392334,5456.607802734375,5069.515607910156,5.417569834705817,,
2024-08-12,80.05999755859375,103.13999938964844,1.091381311416626,1.2750385999679565,,4.054999828338623,147.04200744628906,5344.39013671875,16780.609375,20.709999084472656,5457.827607421875,5074.407658691406,5.320472776067172,,
2024-08-13,78.3499984741211,102.55999755859375,1.0936251878738403,1.2771228551864624,,4.035999774932861,146.98199462890625,5434.43017578125,17187.609375,18.1200008392334,5460.6894140625,5079.68791015625,6.983544499175507,,
2024-08-14,76.9800033569336,102.56999969482422,1.0996986627578735,1.2866700887680054,,4.025000095367432,146.9709930419922,5455.2099609375,17192.599609375,16.190000534057617,5462.713017578125,5085.050061035156,7.279375728053121,,
2024-08-15,78.16000366210938,102.9800033569336,1.1013215780258179,1.2828736305236816,,4.138999938964844,147.2530059814453,5543.22021484375,17594.5,15.229999542236328,5466.51822265625,5091.0294116210935,8.88210942546233,,
2024-08-16,76.6500015258789,102.45999908447266,1.0972732305526733,1.2859420776367188,,4.127500057220459,149.2220001220703,5554.25,17631.720703125,14.800000190734863,5470.66341796875,5096.724460449219,8.976854509228371,,
2024-08-19,74.37000274658203,101.88999938964844,1.1024993658065796,1.294716238975525,,4.166500091552734,147.95599365234375,5608.25,17876.76953125,14.649999618530273,5475.6126171875,5102.707961425781,9.907328469430226,,
2024-08-20,74.04000091552734,101.44000244140625,1.1086474657058716,1.2990386486053467,,4.149499893188477,146.69900512695312,5597.1201171875,17816.939453125,15.880000114440918,5480.048623046875,5108.215061035156,9.570956788441661,,
2024-08-21,71.93000030517578,101.04000091552734,1.112792730331421,1.3035430908203125,,4.18149995803833,145.3470001220703,5620.85009765625,17918.990234375,16.270000457763672,5484.045029296875,5113.804912109375,9.915223483520126,,
2024-08-22,73.01000213623047,101.51000213623047,1.115536093711853,1.309346079826355,,4.140999794006348,145.1179962158203,5570.64013671875,17619.349609375,17.549999237060547,5486.78302734375,5119.116911621094,8.82033430556424,,
2024-08-23,74.83000183105469,100.72000122070312,1.111716389656067,1.3097747564315796,,4.194499969482422,146.20199584960938,5634.60986328125,17877.7890625,15.859999656677246,5490.84322265625,5124.719860839844,9.9496170773683,,
2024-08-26,77.41999816894531,100.8499984741211,1.1187934875488281,1.3212658166885376,,4.21150016784668,144.0,5616.83984375,17725.76953125,16.149999618530273,5493.715419921875,5130.067160644531,9.488622036759294,,
2024-08-27,75.52999877929688,100.55000305175781,1.1164700984954834,1.3191741704940796,,4.230500221252441,144.51600646972656,5625.7998046875,17754.8203125,15.430000305175781,5496.4908203125,5135.5052099609375,9.54715407114331,,
2024-08-28,74.5199966430664,101.08999633789062,1.117793083190918,1.3257501125335693,,4.144999980926514,143.97500610351562,5592.18017578125,17556.029296875,17.110000610351562,5498.593828125,5140.683010253906,8.7828244734554,,
2024-08-29,75.91000366210938,101.33999633789062,1.1124955415725708,1.3193656206130981,,4.147500038146973,144.43299865722656,5591.9599609375,17516.4296875,15.649999618530273,5500.96962890625,5145.8597094726565,8.669110248840411,,
2024-08-30,73.55000305175781,101.69999694824219,1.1080454587936401,1.3166210651397705,,4.144999980926514,144.88999938964844,5648.39990234375,17713.619140625,15.0,5504.645224609375,5151.305009765625,9.649882731380758,,
2024-09-02,73.55000305175781,101.69999694824219,1.1044842004776,1.3128528594970703,,4.144999980926514,146.38099670410156,5648.39990234375,17713.619140625,15.0,5508.6558203125,5156.794858398437,9.533151064651664,,
2024-09-03,70.33999633789062,101.83000183105469,1.1067456007003784,1.314198613166809,,4.0320000648498535,146.7220001220703,5528.93017578125,17136.30078125,20.719999313354492,5509.848427734375,5161.66505859375,7.115245042411927,,
2024-09-04,69.19999694824219,101.36000061035156,1.1048868894577026,1.3114066123962402,,4.019499778747559,145.35299682617188,5520.06982421875,17084.30078125,21.31999969482422,5510.691826171875,5166.512507324219,6.843249027140002,,
2024-09-05,69.1500015258789,101.11000061035156,1.1080454587936401,1.3144749402999878,,4.077499866485596,143.32400512695312,5503.41015625,17127.66015625,19.899999618530273,5511.102626953125,5171.1905590820315,6.42443153800433,,
2024-09-06,67.66999816894531,101.18000030517578,1.1111111640930176,1.317748785018921,,4.014500141143799,143.39300537109375,5408.419921875,16690.830078125,22.3799991607666,5510.06142578125,5175.259509277344,4.505289293796481,,
2024-09-09,68.70999908447266,101.55000305175781,1.1087212562561035,1.3133355379104614,,4.084499835968018,142.48599243164062,5471.0498046875,16884.599609375,19.450000762939453,5509.980625,5179.765859375,5.623496374557104,,
2024-09-10,65.75,101.62999725341797,1.1037527322769165,1.307138204574585,,4.040500164031982,143.177001953125,5495.52001953125,17025.880859375,19.079999923706055,5509.710830078125,5184.40755859375,6.000925996294323,,
2024-09-11,67.30999755859375,101.68000030517578,1.1020983457565308,1.3080273866653442,,4.083000183105469,142.23399353027344,5554.1298828125,17395.529296875,17.690000534057617,5510.05302734375,5189.431508789063,7.027713409566484,,
2024-09-12,68.97000122070312,101.37000274658203,1.1010911464691162,1.3039510250091553,,4.132999897003174,142.58999633789062,5595.759765625,17569.6796875,17.06999969482422,5511.227822265625,5194.482358398437,7.725070171386332,,
2024-09-13,68.6500015258789,101.11000061035156,1.1077877283096313,1.313232183456421,,4.175000190734863,141.49899291992188,5626.02001953125,17683.98046875,16.559999465942383,5512.404423828125,5199.590607910156,8.201211283295368,,
2024-09-16,70.08999633789062,100.76000213623047,1.1088441610336304,1.3137997388839722,,4.2129998207092285,140.7899932861328,5633.08984375,17592.130859375,17.139999389648438,5513.60921875,5204.643857421875,8.23199431248609,,
2024-09-17,71.19000244140625,100.88999938964844,1.1129536628723145,1.3210737705230713,,4.213500022888184,140.7899932861328,5634.580078125,17628.060546875,17.610000610351562,5514.761220703125,5209.598256835938,8.157669753735982,,
2024-09-18,70.91000366210938,100.5999984741211,1.1123099327087402,1.3167423009872437,,4.23799991607666,142.01499938964844,5618.259765625,17573.30078125,18.229999542236328,5514.448212890625,5214.154106445312,7.750167159044366,,
2024-09-19,71.94999694824219,100.61000061035156,1.1114816665649414,1.3201146125793457,,4.285999774932861,142.7100067138672,5713.64013671875,18013.98046875,16.329999923706055,5517.03021484375,5219.124558105469,9.475067573263456,,
2024-09-20,71.91999816894531,100.72000122070312,1.1161960363388062,1.328179955482483,,4.281499862670898,142.85800170898438,5702.5498046875,17948.3203125,16.149999618530273,5518.774208984375,5224.041357421875,9.159736964673932,,
2024-09-23,70.37000274658203,100.91999816894531,1.1160838603973389,1.331398367881775,,4.289000034332275,144.00399780273438,5718.56982421875,17974.26953125,15.890000343322754,5520.521201171875,5228.93140625,9.364024499986721,,
2024-09-24,71.55999755859375,100.37000274658203,1.1111727952957153,1.3349887132644653,,4.429500102996826,143.63800048828125,5732.93017578125,18074.51953125,15.390000343322754,5521.83580078125,5233.754206542969,9.537627285099425,,
2024-09-25,69.69000244140625,100.91999816894531,1.1191190481185913,1.3427324295043945,,4.427999973297119,142.96299743652344,5722.259765625,18082.2109375,15.40999984741211,5524.515595703125,5238.873754882812,9.226907029238017,,
2024-09-26,67.66999816894531,100.55999755859375,1.1131023168563843,1.3315792083740234,,4.580999851226807,144.68299865722656,5745.3701171875,18190.2890625,15.369999885559082,5528.531201171875,5243.86685546875,9.563615468149036,,
2024-09-27,68.18000030517578,100.41999816894531,1.117717981338501,1.341381549835205,,4.540999889373779,145.0760040283203,5738.169921875,18119.58984375,16.959999084472656,5533.194599609375,5248.784555664062,9.323784602338703,,
2024-09-30,68.16999816894531,100.77999877929688,1.1169815063476562,1.338329792022705,,4.495999813079834,142.7830047607422,5762.47998046875,18189.169921875,16.729999542236328,5537.15599609375,5253.823806152343,9.681637471754554,,
2024-10-01,69.83000183105469,101.19000244140625,1.113660216331482,1.3376137018203735,,4.5355000495910645,143.7100067138672,5708.75,17910.359375,19.260000228881836,5540.21619140625,5258.4938061523435,8.56245553281559,,
2024-10-02,70.0999984741211,101.68000030517578,1.1063904762268066,1.327404260635376,,4.5960001945495605,143.73599243164062,5709.5400390625,17925.119140625,18.899999618530273,5545.86439453125,5263.133605957031,8.481761371214432,,
2024-10-03,73.70999908447266,101.98999786376953,1.1048502922058105,1.326611876487732,,4.501999855041504,146.58200073242188,5699.93994140625,17918.48046875,20.489999771118164,5551.8787890625,5267.716555175782,8.205137495596423,,
2024-10-04,74.37999725341797,102.5199966430664,1.103557825088501,1.3130252361297607,,4.522500038146973,146.83999633789062,5751.06982421875,18137.849609375,19.209999084472656,5557.71818359375,5272.62275390625,9.074176034271366,,
2024-10-07,77.13999938964844,102.54000091552734,1.0974539518356323,1.3125253915786743,,4.519000053405762,148.82000732421875,5695.93994140625,17923.900390625,22.639999389648438,5562.366181640625,5277.2533032226565,7.933798400920312,,
2024-10-08,73.56999969482422,102.55000305175781,1.0975743532180786,1.3084723949432373,,4.4120001792907715,148.14599609375,5751.1298828125,18182.919921875,21.420000076293945,5568.65998046875,5282.294802246094,8.875594757927022,,
2024-10-09,73.23999786376953,102.93000030517578,1.0975743532180786,1.309483289718628,,4.355000019073486,148.15899658203125,5792.0400390625,18291.619140625,20.860000610351562,5574.05478515625,5287.730952148438,9.537343928384981,,
2024-10-10,75.8499984741211,102.98999786376953,1.0943313837051392,1.306830883026123,,4.385000228881836,149.16000366210938,5780.0498046875,18282.05078125,20.93000030517578,5580.722177734375,5293.187800292969,9.197897803051388,,
2024-10-11,75.55999755859375,102.88999938964844,1.0933860540390015,1.3062163591384888,,4.451499938964844,148.70399475097656,5815.02978515625,18342.939453125,20.459999084472656,5590.091572265625,5298.776748046875,9.742872018521366,,
2024-10-14,73.83000183105469,103.30000305175781,1.0925379991531372,1.3049037456512451,,4.363500118255615,149.33399963378906,5859.85009765625,18502.689453125,19.700000762939453,5603.56197265625,5304.258298339843,10.474448416101811,,
2024-10-15,70.58000183105469,103.26000213623047,1.0909169912338257,1.3067454099655151,,4.30049991607666,149.6699981689453,5815.259765625,18315.58984375,20.639999389648438,5615.066572265625,5309.552097167969,9.524488303387542,,
2024-10-16,70.38999938964844,103.58999633789062,1.0884116888046265,1.3065917491912842,,4.331500053405762,149.0989990234375,5842.47021484375,18367.080078125,19.579999923706055,5627.9259765625,5314.847197265625,9.927341238513412,,
2024-10-17,70.66999816894531,103.83000183105469,1.0862481594085693,1.29902184009552,,4.286499977111816,149.5760040283203,5841.47021484375,18373.609375,19.110000610351562,5638.3691796875,5320.153347167969,9.798906791912106,,
2024-10-18,69.22000122070312,103.48999786376953,1.0829542875289917,1.301574945449829,,4.3460001945495605,150.10000610351562,5864.669921875,18489.55078125,18.030000686645508,5648.779375,5325.557546386719,10.123116139343152,,
2024-10-21,70.55999755859375,104.01000213623047,1.0868619680404663,1.3052616119384766,,4.322999954223633,149.60000610351562,5853.97998046875,18540.009765625,18.3700008392334,5658.971171875,5330.908295898437,9.81205557358322,,
2024-10-22,72.08999633789062,104.08000183105469,1.0817828178405762,1.298296570777893,,4.3480000495910645,150.60499572753906,5851.2001953125,18579.76953125,18.200000762939453,5667.306572265625,5336.334396972657,9.648304623337149,,
2024-10-23,70.7699966430664,104.43000030517578,1.079727053642273,1.2982797622680664,,4.304500102996826,151.13800048828125,5797.419921875,18276.650390625,19.239999771118164,5674.150771484375,5341.625446777343,8.532879731817253,,
2024-10-24,70.19000244140625,104.05999755859375,1.0780508518218994,1.291372299194336,,4.319499969482422,152.7689971923828,5809.85986328125,18415.490234375,19.079999923706055,5679.483564453125,5346.770046386719,8.66111339887306,,
2024-10-25,71.77999877929688,104.26000213623047,1.0824151039123535,1.2973365783691406,,4.3394999504089355,151.7830047607422,5808.1201171875,18518.609375,20.329999923706055,5684.560966796875,5351.611596679688,8.53029993415525,,
2024-10-28,67.37999725341797,104.31999969482422,1.0796570777893066,1.295823574066162,,4.331999778747559,152.95199584960938,5823.52001953125,18567.189453125,19.799999237060547,5688.8663671875,5356.477045898438,8.719219173923962,,
2024-10-29,67.20999908447266,104.27999877929688,1.0816774368286133,1.2974711656570435,,4.332499980926514,153.1790008544922,5832.919921875,18712.75,19.34000015258789,5693.58236328125,5361.318645019532,8.79636723874953,,
2024-10-30,68.61000061035156,103.98999786376953,1.0820636749267578,1.3014055490493774,,4.327499866485596,153.2740020751953,5813.669921875,18607.9296875,20.350000381469727,5697.438759765625,5366.044245605469,8.341818587055352,,
2024-10-31,69.26000213623047,103.9800033569336,1.0859178304672241,1.2959579229354858,,4.313499927520752,153.20399475097656,5705.4501953125,18095.150390625,23.15999984741211,5700.1349609375,5370.100695800781,6.244752538326698,,
2024-11-01,69.48999786376953,104.27999877929688,1.0886130332946777,1.2897733449935913,,4.347499847412109,151.97999572753906,5728.7998046875,18239.919921875,21.8799991607666,5702.018759765625,5374.28984375,6.596405687902664,,
2024-11-04,71.47000122070312,103.88999938964844,1.087453007698059,1.2953401803970337,,4.4070000648498535,152.28700256347656,5712.68994140625,18179.98046875,21.979999542236328,5703.93576171875,5378.213642578125,6.219096544996851,,
2024-11-05,71.98999786376953,103.41999816894531,1.0874056816101074,1.2954542636871338,,4.450500011444092,152.2760009765625,5782.759765625,18439.169921875,20.489999771118164,5707.0749609375,5382.502590332031,7.436265353813385,,
2024-11-06,71.69000244140625,105.08999633789062,1.093445897102356,1.3043591976165771,,4.222499847412109,151.43499755859375,5929.0400390625,18983.470703125,16.270000457763672,5713.812158203125,5387.919541015625,10.043217867816809,,
2024-11-07,72.36000061035156,104.51000213623047,1.073306918144226,1.2883278131484985,,4.409999847412109,154.32000732421875,5973.10009765625,19269.4609375,15.199999809265137,5721.4349609375,5393.254091796875,10.751320000689727,,
2024-11-08,70.37999725341797,105.0,1.0795172452926636,1.2982292175292969,,4.286499977111816,153.17999267578125,5995.5400390625,19286.779296875,14.9399995803833,5728.377763671875,5398.438742675781,11.060629282805579,,
2024-11-11,68.04000091552734,105.54000091552734,1.0714898109436035,1.2917059659957886,,4.210999965667725,152.9040069580078,6001.35009765625,19298.759765625,14.970000267028809,5735.436767578125,5403.731442871093,11.0593700131706,,
2024-11-12,68.12000274658203,106.0199966430664,1.066439151763916,1.2874983549118042,,4.119500160217285,153.47999572753906,5983.990234375,19281.400390625,14.710000038146973,5744.53796875,5408.880244140625,10.632699639770813,,
2024-11-13,68.43000030517578,106.4800033569336,1.061672568321228,1.2739177942276,,4.065999984741211,154.65499877929688,5985.3798828125,19230.720703125,14.020000457763672,5753.844169921875,5413.831843261719,10.557181236837891,,
2024-11-14,68.69999694824219,106.66999816894531,1.0564124584197998,1.27068030834198,,4.072999954223633,155.4290008544922,5949.169921875,19107.650390625,14.3100004196167,5762.759365234375,5418.588142089844,9.791882421617688,,
2024-11-15,67.0199966430664,106.69000244140625,1.0530084371566772,1.266784906387329,,4.051000118255615,156.46800231933594,5870.6201171875,18680.119140625,16.139999389648438,5772.003369140625,5422.808193359375,8.257934041932437,,
2024-11-18,69.16000366210938,106.27999877929688,1.0533745288848877,1.261765956878662,,4.107999801635742,154.66400146484375,5893.6201171875,18791.810546875,15.579999923706055,5780.454775390625,5427.167094726563,8.594779086757388,,
2024-11-19,69.38999938964844,106.20999908447266,1.059490442276001,1.2679253816604614,,4.130000114440918,154.61700439453125,5916.97998046875,18987.470703125,16.350000381469727,5788.883974609375,5431.986145019531,8.928480715914546,,
2024-11-20,68.87000274658203,106.68000030517578,1.0607603788375854,1.2694543600082397,,4.143499851226807,154.71800231933594,5917.10986328125,18966.140625,17.15999984741211,5796.14357421875,5436.56859375,8.839054658184404,,
2024-11-21,70.0999984741211,106.97000122070312,1.0546187162399292,1.2655344009399414,,4.11299991607666,155.2949981689453,5948.7099609375,18972.419921875,16.8700008392334,5803.202578125,5441.163493652344,9.327903266962277,,
2024-11-22,71.23999786376953,107.48999786376953,1.0469341278076172,1.2584789991378784,,4.073999881744385,154.21800231933594,5969.33984375,19003.650390625,15.239999771118164,5810.068974609375,5445.98234375,9.609974233585671,,
2024-11-25,68.94000244140625,106.81999969482422,1.0479873418807983,1.2593823671340942,,4.0914998054504395,154.14599609375,5987.3701171875,19054.83984375,14.600000381469727,5817.154580078125,5450.891345214844,9.842037531047346,,
2024-11-26,68.7699966430664,107.01000213623047,1.0444300174713135,1.2533055543899536,,4.039000034332275,154.3780059814453,6021.6298828125,19174.30078125,14.100000381469727,5824.895576171875,5456.121945800781,10.364649885564848,,
2024-11-27,68.72000122070312,106.08000183105469,1.0491198301315308,1.2573871612548828,,4.066999912261963,153.00900268554688,5998.740234375,19060.48046875,14.100000381469727,5832.505185546875,5461.206647949219,9.842762251592053,,
2024-11-28,68.72000122070312,106.08000183105469,1.0562450885772705,1.2677645683288574,,4.066999912261963,151.33599853515625,5998.740234375,19060.48046875,14.100000381469727,5838.2071875,5465.765200195313,9.7511512964487,,
2024-11-29,68.0,105.73999786376953,1.0563008785247803,1.2696800231933594,,4.08050012588501,151.1739959716797,6032.3798828125,19218.169921875,13.510000228881836,5844.8037890625,5470.483100585938,10.271428901158254,,
2024-12-02,68.0999984741211,106.44999694824219,1.0545074939727783,1.270163893699646,,4.075500011444092,149.8979949951172,6047.14990234375,19403.94921875,13.34000015258789,5851.375390625,5475.371201171875,10.442738586371986,,
2024-12-03,69.94000244140625,106.37000274658203,1.0501223802566528,1.265854835510254,,4.145999908447266,149.50799560546875,6049.8798828125,19480.91015625,13.300000190734863,5857.714384765625,5480.229699707032,10.39464063223338,,
2024-12-04,68.54000091552734,106.33999633789062,1.0510826110839844,1.2674272060394287,,4.142000198364258,149.64700317382812,6086.490234375,19735.119140625,13.449999809265137,5864.998994140625,5485.313352050781,10.959754598148137,,
2024-12-05,68.30000305175781,105.70999908447266,1.051414132118225,1.2701154947280884,,4.135000228881836,150.56700134277344,6075.10986328125,19700.259765625,13.539999961853027,5871.5937890625,5490.207551269531,10.653555563240388,,
2024-12-06,67.19999694824219,105.97000122070312,1.058559536933899,1.2759333848953247,,4.138500213623047,150.20700073242188,6090.27001953125,19859.76953125,12.770000457763672,5878.635791015625,5494.973500976563,10.833473872965751,,
2024-12-09,68.37000274658203,106.1500015258789,1.0565463304519653,1.2749296426773071,,4.223499774932861,150.02999877929688,6052.85009765625,19736.689453125,14.1899995803833,5884.443193359375,5499.583000488281,10.0601645091791,,
2024-12-10,68.58999633789062,106.4000015258789,1.0555204153060913,1.2749085426330566,,4.223499774932861,151.4080047607422,6034.91015625,19687.240234375,14.180000305175781,5890.966396484375,5504.364301757812,9.638639912019602,,
2024-12-11,70.29000091552734,106.70999908447266,1.0532968044281006,1.2780042886734009,,4.214000225067139,151.8070068359375,6084.18994140625,20034.890625,13.579999923706055,5898.45939453125,5509.261452636719,10.43567261623374,,
2024-12-12,70.0199966430664,106.95999908447266,1.0506850481033325,1.2766337394714355,,4.195000171661377,152.2449951171875,6051.25,19902.83984375,13.920000076293945,5905.485595703125,5513.730903320313,9.748736492671389,,
2024-12-13,71.29000091552734,107.0,1.0474056005477905,1.2677323818206787,,4.14900016784668,152.58700561523438,6051.08984375,19926.720703125,13.8100004196167,5911.48599609375,5518.367902832031,9.653614081159313,,
2024-12-16,70.70999908447266,106.86000061035156,1.051005244255066,1.2627378702163696,,4.143499851226807,153.4530029296875,6074.080078125,20173.890625,14.6899995803833,5919.048798828125,5523.148603515625,9.974952950907262,,
2024-12-17,70.08000183105469,106.95999908447266,1.0517348051071167,1.2690355777740479,,4.0914998054504395,154.08599853515625,6050.60986328125,20109.060546875,15.869999885559082,5925.0383984375,5527.525302734375,9.463268495362898,,
2024-12-18,70.58000183105469,108.02999877929688,1.0495051145553589,1.2710840702056885,,4.099999904632568,153.57200622558594,5872.16015625,19392.689453125,27.6200008392334,5926.64080078125,5531.059553222656,6.167002899627116,,
2024-12-19,69.91000366210938,108.41000366210938,1.0350252389907837,1.2567708492279053,,4.020500183105469,154.67300415039062,5867.080078125,19372.76953125,24.09000015258789,5928.38140625,5534.642553710937,6.006485896567358,,
2024-12-20,69.45999908447266,107.62000274658203,1.0364949703216553,1.2497968673706055,,4.040999889373779,157.6439971923828,5930.85009765625,19572.599609375,18.360000610351562,5930.6978125,5538.711354980469,7.079963506730959,,
2024-12-23,69.23999786376953,108.04000091552734,1.0433076620101929,1.256991982460022,,4.0229997634887695,156.5330047607422,5974.06982421875,19764.880859375,16.780000686645508,5932.98220703125,5542.834604492187,7.780048485969044,,
2024-12-24,70.0999984741211,108.26000213623047,1.0405826568603516,1.2534469366073608,,4.049499988555908,157.1649932861328,6040.0400390625,20031.130859375,14.270000457763672,5937.4778125,5547.142255859375,8.885616421365135,,
2024-12-25,70.0999984741211,108.26000213623047,1.0402579307556152,1.2536041736602783,,4.049499988555908,157.10699462890625,6040.0400390625,20031.130859375,14.270000457763672,5941.429208984375,5551.21935546875,8.805645251834466,,
2024-12-26,69.62000274658203,108.12999725341797,1.0399551391601562,1.254374623298645,,4.072000026702881,157.13299560546875,6037.58984375,20020.359375,14.729999542236328,5945.3516015625,5555.1996557617185,8.683579670947704,,
2024-12-27,70.5999984741211,108.0,1.0423181056976318,1.2529758214950562,,4.0625,157.7480010986328,5970.83984375,19722.029296875,15.949999809265137,5947.475,5558.882954101562,7.410785459054862,,
2024-12-30,70.98999786376953,108.12999725341797,1.0429377555847168,1.257880687713623,,4.045499801635742,157.8730010986328,5906.93994140625,19486.7890625,17.399999618530273,5948.53419921875,5562.326704101562,6.195487169974676,,
2024-12-31,71.72000122070312,108.48999786376953,1.040615200996399,1.254909873008728,,3.9860000610351562,156.9949951171875,5881.6298828125,19310.7890625,17.350000381469727,5949.14279296875,5565.716953125,5.676050944526082,,
2025-01-02,73.12999725341797,109.38999938964844,1.0351860523223877,1.2519248723983765,,3.9885001182556152,157.718994140625,5868.5498046875,19280.7890625,17.93000030517578,5950.565390625,5568.817250976563,5.382337760471048,,
2025-01-03,73.95999908447266,108.94999694824219,1.0268205404281616,1.2380222082138062,,4.0395002365112305,157.36199951171875,5942.47021484375,19621.6796875,16.1299991607666,5953.21759765625,5572.2578515625,6.643848385039107,,
2025-01-06,73.55999755859375,108.26000213623047,1.0305347442626953,1.2426837682724,,4.126999855041504,157.4810028076172,5975.3798828125,19864.98046875,16.040000915527344,5956.56279296875,5575.863000488282,7.16511295720918,,
2025-01-07,74.25,108.54000091552734,1.0386372804641724,1.2510946989059448,,4.1605000495910645,157.7429962158203,5909.02978515625,19489.6796875,17.81999969482422,5958.27298828125,5579.1892993164065,5.911978750752504,,
2025-01-08,73.31999969482422,109.08999633789062,1.034554123878479,1.247785210609436,,4.227499961853027,158.23599243164062,5918.25,19478.880859375,17.700000762939453,5959.97958984375,5582.751499023438,6.009554626159688,,
2025-01-09,73.91999816894531,109.18000030517578,1.0314701795578003,1.2359870672225952,,4.2795000076293945,158.19200134277344,5918.25,19478.880859375,17.700000762939453,5962.07119140625,5586.285297851562,5.942494599695951,,
2025-01-10,76.56999969482422,109.6500015258789,1.0297601222991943,1.2299367189407349,,4.274499893188477,158.04800415039062,5827.0400390625,19161.630859375,19.540000915527344,5964.50298828125,5589.6844482421875,4.246314671572467,,
2025-01-13,78.81999969482422,109.95999908447266,1.0244431495666504,1.2204945087432861,,4.295499801635742,157.88699340820312,5836.22021484375,19088.099609375,19.190000534057617,5966.651396484375,5592.843850097656,4.351567311178268,,
2025-01-14,77.5,109.2699966430664,1.0265253782272339,1.2233314514160156,,4.310500144958496,157.36399841308594,5842.91015625,19044.390625,18.709999084472656,5969.25580078125,5596.046450195313,4.411394870499531,,
2025-01-15,80.04000091552734,109.08999633789062,1.0306835174560547,1.221344232559204,,4.359499931335449,158.0500030517578,5949.91015625,19511.23046875,16.1200008392334,5972.59880859375,5599.746450195313,6.2532064472753754,,
2025-01-16,78.68000030517578,108.95999908447266,1.0295268297195435,1.2243348360061646,,4.4105000495910645,156.2550048828125,5937.33984375,19338.2890625,16.600000381469727,5972.7648046875,5603.629948730469,5.955245047812893,,
2025-01-17,77.87999725341797,109.3499984741211,1.0301949977874756,1.2236906290054321,,4.337500095367432,155.3560028076172,5996.66015625,19630.19921875,15.970000267028809,5973.236005859375,5607.61794921875,6.93774452101272,,
2025-01-20,77.87999725341797,109.3499984741211,1.0277386903762817,1.2171002626419067,,4.337500095367432,156.30599975585938,5996.66015625,19630.19921875,15.970000267028809,5973.258408203125,5611.98419921875,6.854544549230926,,
2025-01-21,75.88999938964844,108.05999755859375,1.0420682430267334,1.233136773109436,,4.310999870300293,155.24899291992188,6049.240234375,19756.779296875,15.0600004196167,5974.2162109375,5616.921301269531,7.696724057852775,,
2025-01-22,75.44000244140625,108.16999816894531,1.0405935049057007,1.2335399389266968,,4.271500110626221,155.7740020751953,6086.3701171875,20009.33984375,15.100000381469727,5976.26380859375,5622.0961010742185,8.258023480327422,,
2025-01-23,74.62000274658203,108.05000305175781,1.0410159826278687,1.231420874595642,,4.299499988555908,156.44000244140625,6118.7099609375,20053.6796875,15.020000457763672,5978.93041015625,5627.578601074219,8.727223459296187,,
2025-01-24,74.66000366210938,107.44000244140625,1.041601538658142,1.2353914976119995,,4.289999961853027,156.15499877929688,6101.240234375,19954.30078125,14.850000381469727,5981.97181640625,5633.029201660156,8.311887191652648,,
2025-01-27,73.16999816894531,107.33999633789062,1.0467586517333984,1.2459352016448975,,4.203499794006348,155.74400329589844,6012.27978515625,19341.830078125,17.899999618530273,5984.805009765625,5638.254450683594,6.6337079630613065,,
2025-01-28,73.7699966430664,107.87000274658203,1.0445064306259155,1.2460592985153198,,4.2204999923706055,154.90899658203125,6067.7001953125,19733.58984375,16.40999984741211,5988.286611328125,5643.539951171875,7.5158543717325585,,
2025-01-29,72.62000274658203,108.0,1.0429050922393799,1.2441680431365967,,4.257500171661377,155.5590057373047,6039.31005859375,19632.3203125,16.559999465942383,5990.733212890625,5648.383752441407,6.921029506597757,,
2025-01-30,72.7300033569336,107.80000305175781,1.0425245761871338,1.245530128479004,,4.288000106811523,155.1699981689453,6071.169921875,19681.75,15.84000015258789,5993.8144140625,5653.381452636719,7.390063322959149,,
2025-01-31,72.52999877929688,108.37000274658203,1.0397279262542725,1.2423903942108154,,4.26200008392334,154.0970001220703,6040.52978515625,19627.439453125,16.43000030517578,5995.650810546875,5658.342001953125,6.754412919388805,,
2025-02-03,73.16000366210938,108.98999786376953,1.024779200553894,1.2291958332061768,,4.294000148773193,155.36300659179688,5994.56982421875,19391.9609375,18.6200008392334,5996.15541015625,5662.815051269531,5.858477982162666,,
2025-02-04,72.69999694824219,107.95999908447266,1.0327378511428833,1.2431780099868774,,4.34250020980835,155.27699279785156,6037.8798828125,19654.01953125,17.209999084472656,5997.16560546875,5667.423601074219,6.536590659432337,,
2025-02-05,71.02999877929688,107.58000183105469,1.0372798442840576,1.2478163242340088,,4.434500217437744,154.13299560546875,6061.47998046875,19692.330078125,15.770000457763672,5997.962607421875,5672.552551269531,6.856303677824471,,
2025-02-06,70.61000061035156,107.69000244140625,1.0400848388671875,1.2504063844680786,,4.453499794006348,152.6060028076172,6083.56982421875,19791.990234375,15.5,5999.65919921875,5677.878449707031,7.145122568318666,,
2025-02-07,71.0,108.04000091552734,1.0385725498199463,1.2437502145767212,,4.581500053405762,151.1929931640625,6025.990234375,19523.400390625,16.540000915527344,6000.20419921875,5682.687399902344,6.041205688677436,,
2025-02-10,72.31999969482422,108.31999969482422,1.0311616659164429,1.2391574382781982,,4.700500011444092,151.8459930419922,6066.43994140625,19714.26953125,15.8100004196167,6000.885400390625,5687.380649414063,6.664918621742675,,
2025-02-11,73.31999969482422,107.95999908447266,1.0301525592803955,1.2360633611679077,,4.5945000648498535,151.75900268554688,6068.5,19643.859375,16.020000457763672,6001.31240234375,5691.819448242188,6.617928681384,,
2025-02-12,71.37000274658203,107.94000244140625,1.0364949703216553,1.245159387588501,,4.697999954223633,152.73899841308594,6051.97021484375,19649.94921875,15.890000343322754,6001.354208984375,5696.140798339844,6.246850790760185,,
2025-02-13,71.29000091552734,107.30999755859375,1.039198637008667,1.2450664043426514,,4.769000053405762,154.2550048828125,6115.06982421875,19945.640625,15.100000381469727,6001.92580078125,5700.777797851562,7.267289500799712,,
2025-02-14,70.73999786376953,106.56999969482422,1.0461673736572266,1.2563445568084717,,4.656499862670898,152.98899841308594,6114.6298828125,20026.76953125,14.770000457763672,6002.716201171875,5705.280546875,7.1749203667419295,,
2025-02-17,70.73999786376953,106.56999969482422,1.0489217042922974,1.2584155797958374,,4.656499862670898,152.0229949951172,6114.6298828125,20026.76953125,14.770000457763672,6003.2033984375,5709.740295410156,7.091208469285708,,
2025-02-18,71.8499984741211,107.05000305175781,1.048536777496338,1.262148141860962,,4.585000038146973,151.44400024414062,6129.580078125,20041.259765625,15.350000381469727,6004.737998046875,5714.2810961914065,7.267738057380344,,
2025-02-19,72.25,107.16999816894531,1.044833779335022,1.2625784873962402,,4.557000160217285,151.93099975585938,6144.14990234375,20056.25,15.270000457763672,6006.92279296875,5718.768444824219,7.43834029343369,,
2025-02-20,72.56999969482422,106.33999633789062,1.0421009063720703,1.2584155797958374,,4.607999801635742,151.22000122070312,6117.52001953125,19962.359375,15.65999984741211,6007.58939453125,5722.815295410156,6.8970376247798395,,
2025-02-21,70.4000015258789,106.61000061035156,1.0500562191009521,1.2670401334762573,,4.559999942779541,149.4080047607422,6013.1298828125,19524.009765625,18.209999084472656,6006.8269921875,5726.395444335937,5.007241313733863,,
2025-02-24,70.69999694824219,106.5999984741211,1.0474823713302612,1.2649900913238525,,4.517000198364258,149.38699340820312,5983.25,19286.9296875,18.979999542236328,6005.4701953125,5729.795344238281,4.423450412004425,,
2025-02-25,68.93000030517578,106.30999755859375,1.0461344718933105,1.261781930923462,,4.486000061035156,149.86399841308594,5955.25,19026.390625,19.43000030517578,6003.09359375,5733.030944824219,3.876118187996188,,
2025-02-26,68.62000274658203,106.41999816894531,1.0524100065231323,1.2674431800842285,,4.541999816894531,149.0780029296875,5956.06005859375,19075.259765625,19.100000381469727,6001.20259765625,5736.204194335937,3.8327761148200334,,
2025-02-27,70.3499984741211,107.23999786376953,1.0488777160644531,1.2682307958602905,,4.579999923706055,148.83799743652344,5861.56982421875,18544.419921875,21.1299991607666,6000.990791015625,5738.976994628906,2.1361442937404727,,
2025-02-28,69.76000213623047,107.61000061035156,1.039511799812317,1.259890079498291,,4.514500141143799,150.01199340820312,5954.5,18847.279296875,19.6299991607666,6002.739189453125,5742.410295410156,3.693391688841262,,
2025-03-03,68.37000274658203,106.75,1.0413846969604492,1.260398268699646,,4.576499938964844,150.77099609375,5849.72021484375,18350.189453125,22.780000686645508,6001.116591796875,5745.135295410157,1.8204082942510893,,
2025-03-04,68.26000213623047,105.73999786376953,1.0485037565231323,1.270147681236267,,4.527500152587891,149.30499267578125,5778.14990234375,18285.16015625,23.510000228881836,5997.198193359375,5747.502443847657,0.5332308910786031,,
2025-03-05,66.30999755859375,105.73999786376953,1.062699317932129,1.2794268131256104,,4.766499996185303,149.7989959716797,5842.6298828125,18552.73046875,21.93000030517578,5993.249990234375,5750.1853930664065,1.6076784212481807,,
2025-03-06,66.36000061035156,104.05999755859375,1.0794938802719116,1.2891913652420044,,4.7789998054504395,148.8979949951172,5738.52001953125,18069.259765625,24.8700008392334,5987.21958984375,5752.5432421875,-0.2437743110457296,,
2025-03-07,67.04000091552734,103.83999633789062,1.0787951946258545,1.2885303497314453,,4.683000087738037,148.10800170898438,5770.2001953125,18196.220703125,23.3700008392334,5981.871796875,5755.216843261719,0.2603438316720181,,
2025-03-10,66.02999877929688,103.91000366210938,1.086059331893921,1.2932428121566772,,4.639500141143799,147.60800170898438,5614.56005859375,17468.3203125,27.860000610351562,5974.746201171875,5756.902094726563,-2.472545716266406,,
2025-03-11,66.25,103.44000244140625,1.0839403867721558,1.2875481843948364,,4.739999771118164,147.06900024414062,5572.06982421875,17436.099609375,26.920000076293945,5968.048798828125,5758.345444335938,-3.23488095526491,,
2025-03-12,67.68000030517578,103.61000061035156,1.0914170742034912,1.294481635093689,,4.821000099182129,148.04200744628906,5599.2998046875,17648.44921875,24.229999542236328,5962.402197265625,5759.885244140625,-2.7879972021401715,,
2025-03-13,66.55000305175781,103.83000183105469,1.0886249542236328,1.2964283227920532,,4.898499965667725,148.2790069580078,5521.52001953125,17303.009765625,24.65999984741211,5955.4616015625,5760.7226953125,-4.152303251393948,,
2025-03-14,67.18000030517578,103.72000122070312,1.085564136505127,1.2958402633666992,,4.869500160217285,147.94900512695312,5638.93994140625,17754.08984375,21.770000457763672,5949.39099609375,5762.152595214844,-2.1383094559299853,,
2025-03-17,67.58000183105469,103.37000274658203,1.0881274938583374,1.2930588722229004,,4.933499813079834,148.59800720214844,5675.1201171875,17808.66015625,20.510000228881836,5943.38580078125,5763.793244628906,-1.5384508721584982,,
2025-03-18,66.9000015258789,103.23999786376953,1.091917634010315,1.2985326051712036,,4.993000030517578,149.37899780273438,5614.66015625,17504.119140625,21.700000762939453,5937.498408203125,5765.062595214844,-2.6088604673552362,,
2025-03-19,67.16000366210938,103.43000030517578,1.093948245048523,1.3000519275665283,,5.076000213623047,149.45199584960938,5675.2900390625,17750.7890625,19.899999618530273,5932.639208984375,5766.562446289063,-1.5827871123688089,,
2025-03-20,68.26000213623047,103.8499984741211,1.0911908149719238,1.3010668754577637,,5.085000038146973,148.49000549316406,5662.89013671875,17691.630859375,19.799999237060547,5927.53201171875,5767.771748046875,-1.8184077995742522,,
2025-03-21,68.27999877929688,104.08999633789062,1.0856702327728271,1.2967981100082397,,5.087500095367432,148.5959930419922,5667.56005859375,17784.05078125,19.280000686645508,5924.342412109375,5768.940847167969,-1.7573553146066285,,
2025-03-24,69.11000061035156,104.26000213623047,1.0835762023925781,1.2924572229385376,,5.064000129699707,149.677001953125,5767.56982421875,18188.58984375,17.479999542236328,5922.969404296875,5770.6206958007815,-0.052869036848178064,,
2025-03-25,69.0,104.18000030517578,1.0803569555282593,1.2924238443374634,,5.183000087738037,150.7740020751953,5776.64990234375,18271.859375,17.149999618530273,5921.64419921875,5772.137795410156,0.07817046462718918,,
2025-03-26,69.6500015258789,104.55000305175781,1.0787487030029297,1.2943308353424072,,5.216000080108643,149.9499969482422,5712.2001953125,17899.01953125,18.329999923706055,5916.89,5773.263647460937,-1.057693808514923,,
2025-03-27,69.91999816894531,104.06999969482422,1.0742061138153076,1.2877637147903442,,5.097499847412109,150.47300720214844,5693.31005859375,17804.029296875,18.690000534057617,5912.009404296875,5774.295048828125,-1.402508696724989,,
2025-03-28,69.36000061035156,104.04000091552734,1.080100178718567,1.295202612876892,,5.112500190734863,150.8470001220703,5580.93994140625,17322.990234375,21.649999618530273,5903.695,5774.833898925781,-3.3575676965461905,,
2025-03-31,71.4800033569336,104.20999908447266,1.082391619682312,1.2938284873962402,,5.019999980926514,149.61700439453125,5611.85009765625,17299.2890625,22.280000686645508,5895.998798828125,5775.570048828125,-2.8346976971579547,,
2025-04-01,71.19999694824219,104.26000213623047,1.0818880796432495,1.292089819908142,,5.019000053405762,149.91299438476562,5633.06982421875,17449.890625,21.770000457763672,5887.675390625,5776.496047363281,-2.4829277466570545,,
2025-04-02,71.70999908447266,103.80999755859375,1.0795987844467163,1.292306900024414,,5.023499965667725,149.7830047607422,5670.97021484375,17601.05078125,21.510000228881836,5879.367392578125,5777.504399414062,-1.8439481340960426,,
2025-04-03,66.94999694824219,102.06999969482422,1.090869426727295,1.3046314716339111,,4.810999870300293,147.8719940185547,5396.52001953125,16550.609375,30.020000457763672,5864.92359375,5777.0975,-6.587693568764416,,
2025-04-04,61.9900016784668,103.0199966430664,1.1043744087219238,1.308866262435913,,4.384500026702881,146.2310028076172,5074.080078125,15587.7900390625,45.310001373291016,5844.380390625,5775.0535498046875,-12.137956222127055,,
2025-04-07,60.70000076293945,103.26000213623047,1.098454475402832,1.2910722494125366,,4.169000148773193,145.43299865722656,5062.25,15603.259765625,46.97999954223633,5825.379794921875,5773.062399902344,-12.312570879441173,,
2025-04-08,59.58000183105469,102.95999908447266,1.0915361642837524,1.2734960317611694,,4.127500057220459,147.78900146484375,4982.77001953125,15267.91015625,52.33000183105469,5803.68119140625,5770.60080078125,-13.652491455366999,,
2025-04-09,62.349998474121094,102.9000015258789,1.0980443954467773,1.2790995836257935,,4.17549991607666,145.84500122070312,5456.89990234375,17124.970703125,33.619998931884766,5792.03298828125,5770.340251464844,-5.431921437241504,,
2025-04-10,60.06999969482422,100.87000274658203,1.0952062606811523,1.2825446128845215,,4.321000099182129,147.3990020751953,5268.0498046875,16387.310546875,40.720001220703125,5775.9705859375,5768.995400390625,-8.683411251622864,,
2025-04-11,61.5,99.77999877929688,1.1257838010787964,1.2992074489593506,,4.507500171661377,143.7469940185547,5363.35986328125,16724.4609375,37.560001373291016,5762.4271875,5768.127099609375,-7.01730785986905,,
2025-04-14,61.529998779296875,99.63999938964844,1.1343141794204712,1.3085237741470337,,4.610499858856201,143.6959991455078,5405.97021484375,16831.48046875,30.889999389648438,5750.6551953125,5767.321000976563,-6.265487668739544,,
2025-04-15,61.33000183105469,100.22000122070312,1.1339668035507202,1.3174536228179932,,4.611000061035156,143.2209930419922,5396.6298828125,16823.169921875,30.1200008392334,5737.8301953125,5766.439899902343,-6.413142658368922,,
2025-04-16,62.470001220703125,99.37999725341797,1.1292672157287598,1.323101282119751,,4.673999786376953,143.18099975585938,5275.7001953125,16307.16015625,32.63999938964844,5722.114599609375,5764.933500976563,-8.486365117328553,,
2025-04-17,64.68000030517578,99.37999725341797,1.1396790742874146,1.3233989477157593,,4.731500148773193,141.92799377441406,5282.7001953125,16286.4501953125,29.649999618530273,5706.09720703125,5763.177451171875,-8.337019984725188,,
2025-04-21,63.08000183105469,98.27999877929688,1.1396790742874146,1.3233989477157593,,4.7210001945495605,141.92799377441406,5158.2001953125,15870.900390625,33.81999969482422,5688.74140625,5761.045751953125,-10.464168878302111,,
2025-04-22,64.30999755859375,98.91999816894531,1.1512778997421265,1.3379716873168945,,4.870500087738037,140.87600708007812,5287.759765625,16300.419921875,30.56999969482422,5673.167802734375,5759.407800292969,-8.189175884436892,,
2025-04-23,62.27000045776367,99.83999633789062,1.1351252794265747,1.327316164970398,,4.8354997634887695,142.68800354003906,5375.85986328125,16708.05078125,28.450000762939453,5659.315,5758.130998535156,-6.638805809578741,,
2025-04-24,62.790000915527344,99.29000091552734,1.132733702659607,1.326453447341919,,4.849999904632568,143.22300720214844,5484.77001953125,17166.0390625,26.469999313354492,5647.97099609375,5757.21884765625,-4.7322993155959825,,
2025-04-25,63.02000045776367,99.47000122070312,1.1371906995773315,1.3326226472854614,,4.8354997634887695,142.87899780273438,5525.2099609375,17382.939453125,24.84000015258789,5636.173798828125,5756.903547363281,-4.024621648071543,,
2025-04-28,62.04999923706055,99.01000213623047,1.1343141794204712,1.3290096521377563,,4.8379998207092285,143.84100341796875,5528.75,17366.130859375,25.149999618530273,5624.456201171875,5756.8243481445315,-3.961808357380952,,
2025-04-29,60.41999816894531,99.23999786376953,1.1409143209457397,1.3436164855957031,,4.822999954223633,142.17799377441406,5560.830078125,17461.3203125,24.170000076293945,5613.380205078125,5757.103498535156,-3.40923904633808,,
2025-04-30,58.209999084472656,99.47000122070312,1.1389262676239014,1.3410794734954834,,4.559999942779541,142.2989959716797,5569.06005859375,17446.33984375,24.700000762939453,5602.1698046875,5757.126748046875,-3.2666762029675187,,
2025-05-01,59.2400016784668,100.25,1.1324899196624756,1.3323917388916016,,4.580999851226807,143.00900268554688,5604.14013671875,17710.740234375,24.600000381469727,5591.369609375,5757.368747558594,-2.6614347205886424,,
2025-05-02,58.290000915527344,100.0,1.1296498775482178,1.3286387920379639,,4.627500057220459,145.447998046875,5686.669921875,17977.73046875,22.68000030517578,5582.752607421875,5758.666447753906,-1.250229137806505,,
2025-05-05,57.130001068115234,99.83000183105469,1.1323232650756836,1.3271929025650024,,4.65500020980835,144.62399291992188,5650.3798828125,17844.240234375,23.639999389648438,5575.497607421875,5759.92224609375,-1.9018028126254491,,
2025-05-06,59.09000015258789,99.23999786376953,1.1313369274139404,1.3292568922042847,,4.735000133514404,143.6540069580078,5606.91015625,17689.66015625,24.760000228881836,5567.970810546875,5760.661296386719,-2.668984205566071,,
2025-05-07,58.06999969482422,99.61000061035156,1.1342755556106567,1.335594892501831,,4.616499900817871,143.03500366210938,5631.27978515625,17738.16015625,23.549999237060547,5561.49140625,5761.499995117188,-2.260178947692405,,
2025-05-08,59.90999984741211,100.63999938964844,1.1306205987930298,1.3294159173965454,,4.560999870300293,143.84800720214844,5663.93994140625,17928.140625,22.479999542236328,5555.64900390625,5762.637495117187,-1.7127149468375564,,
2025-05-09,61.02000045776367,100.33999633789062,1.122422695159912,1.323539137840271,,4.611000061035156,146.01499938964844,5659.91015625,17928.919921875,21.899999618530273,5551.615810546875,5763.325546875,-1.7943701042720792,,
2025-05-12,61.95000076293945,101.79000091552734,1.12296462059021,1.3289036750793457,,4.578499794006348,145.81199645996094,5844.18994140625,18708.33984375,18.389999389648438,5549.409609375,5765.313095703125,1.3681277043203675,,
2025-05-13,63.66999816894531,101.0,1.1095577478408813,1.3177834749221802,,4.68149995803833,148.30999755859375,5886.5498046875,19010.08984375,18.219999313354492,5550.146201171875,5768.013044433594,2.055070946281925,,
2025-05-14,63.150001525878906,101.04000091552734,1.1185556650161743,1.3304418325424194,,4.611000061035156,147.5279998779297,5892.580078125,19146.810546875,18.6200008392334,5552.4348046875,5771.544294433594,2.0971126186823192,,
2025-05-15,61.619998931884766,100.87999725341797,1.1181930303573608,1.3263479471206665,,4.644499778747559,146.64999389648438,5916.93017578125,19112.3203125,17.829999923706055,5553.920810546875,5774.928796386719,2.4589286621746553,,
2025-05-16,62.4900016784668,101.08999633789062,1.1192693710327148,1.3306896686553955,,4.555500030517578,145.61300659179688,5958.3798828125,19211.099609375,17.239999771118164,5558.3180078125,5778.7231958007815,3.1089339448248614,,
2025-05-19,62.689998626708984,100.43000030517578,1.1187559366226196,1.3305498361587524,,4.633500099182129,145.29800415039062,5963.60009765625,19215.4609375,18.139999389648438,5562.186005859375,5781.944645996094,3.1417708536166966,,
2025-05-20,62.560001373291016,100.12000274658203,1.1233429908752441,1.3360053300857544,,4.619500160217285,144.97500610351562,5940.4599609375,19142.7109375,18.09000015258789,5568.70400390625,5784.926145019531,2.6886050403923356,,
2025-05-21,61.56999969482422,99.55999755859375,1.1287955045700073,1.3397821187973022,,4.638000011444092,144.3280029296875,5844.60986328125,18872.640625,20.8700008392334,5574.1548046875,5787.427243652343,0.9880490453098069,,
2025-05-22,61.20000076293945,99.95999908447266,1.133118748664856,1.3419036865234375,,4.648499965667725,143.7550048828125,5842.009765625,18925.740234375,20.280000686645508,5579.00900390625,5789.465141601562,0.9075902995920305,,
2025-05-23,61.529998779296875,99.11000061035156,1.1281843185424805,1.3419216871261597,,4.80649995803833,143.85800170898438,5802.81982421875,18737.2109375,22.290000915527344,5584.635,5791.203190917969,0.2005910156804565,,
2025-05-26,61.529998779296875,98.93000030517578,1.1372811794281006,1.3535828590393066,,4.80649995803833,142.86700439453125,5802.81982421875,18737.2109375,22.290000915527344,5587.91259765625,5792.501188964844,0.17813781848787155,,
2025-05-27,60.88999938964844,99.5199966430664,1.1388484239578247,1.3565207719802856,,4.710000038146973,142.65499877929688,5921.5400390625,19199.16015625,18.959999084472656,5592.84099609375,5794.337639160156,2.1952880177824956,,
2025-05-28,61.84000015258789,99.87999725341797,1.1337097883224487,1.3513330221176147,,4.644000053405762,144.177001953125,5888.5498046875,19100.939453125,19.309999465942383,5598.3187890625,5795.739138183594,1.6013603147258464,,
2025-05-29,60.939998626708984,99.27999877929688,1.123368263244629,1.3431472778320312,,4.653500080108643,145.69700622558594,5912.169921875,19175.869140625,19.18000030517578,5603.05638671875,5797.314387207031,1.9811852005373565,,
2025-05-30,60.790000915527344,99.33000183105469,1.1378376483917236,1.3498992919921875,,4.652500152587891,143.7790069580078,5911.68994140625,19113.76953125,18.56999969482422,5608.0323828125,5798.768586425781,1.9473333570303923,,
2025-06-02,62.52000045776367,98.69999694824219,1.1353315114974976,1.346728801727295,,4.834499835968018,143.81500244140625,5935.93994140625,19242.609375,18.360000610351562,5613.39998046875,5800.5950854492185,2.3332926012461006,,
2025-06-03,63.40999984741211,99.25,1.1453442573547363,1.3556748628616333,,4.809500217437744,142.45199584960938,5970.3701171875,19398.9609375,17.690000534057617,5617.455986328125,5802.27388671875,2.8970750735072643,,
2025-06-04,62.849998474121094,98.79000091552734,1.1384464502334595,1.353143334388733,,4.864500045776367,143.83700561523438,5970.81005859375,19460.490234375,17.610000610351562,5621.339189453125,5804.043737792968,2.8732781545887485,,
2025-06-05,63.369998931884766,98.73999786376953,1.1422044038772583,1.3552155494689941,,4.91349983215332,142.73199462890625,5939.2998046875,19298.44921875,18.479999542236328,5625.881181640625,5805.6112377929685,2.302747487194025,,
2025-06-06,64.58000183105469,99.19000244140625,1.1453834772109985,1.3579576015472412,,4.829999923706055,143.54200744628906,6000.35986328125,19529.94921875,16.770000457763672,5632.022177734375,5807.652136230468,3.318169245168686,,
2025-06-09,65.29000091552734,98.94000244140625,1.1407841444015503,1.3538211584091187,,4.9095001220703125,144.6909942626953,6005.8798828125,19591.240234375,17.15999984741211,5640.5209765625,5809.721735839844,3.3763776630224416,,
2025-06-10,64.9800033569336,99.05000305175781,1.1428048610687256,1.3556748628616333,,4.883999824523926,144.5399932861328,6038.81005859375,19714.990234375,16.950000762939453,5649.06017578125,5811.673786621093,3.908276347091974,,
2025-06-11,68.1500015258789,98.62999725341797,1.143746018409729,1.3508219718933105,,4.801000118255615,144.83799743652344,6022.240234375,19615.880859375,17.260000228881836,5656.843583984375,5813.54298828125,3.589846097542162,,
2025-06-12,68.04000091552734,97.91999816894531,1.1509333848953247,1.3567416667938232,,4.821499824523926,144.2030029296875,6045.259765625,19662.490234375,18.020000457763672,5664.329375,5816.124636230469,3.939653011683692,,
2025-06-13,72.9800033569336,98.18000030517578,1.1600254774093628,1.3627691268920898,,4.802999973297119,143.19400024414062,5976.97021484375,19406.830078125,20.81999969482422,5675.93837890625,5818.409138183593,2.725162031311822,,
2025-06-16,71.7699966430664,98.0,1.1556684970855713,1.3557006120681763,,4.826499938964844,144.09100341796875,6033.10986328125,19701.2109375,19.110000610351562,5695.118974609375,5821.05763671875,3.6428470528258052,,
2025-06-17,74.83999633789062,98.81999969482422,1.1551345586776733,1.3565576076507568,,4.80049991607666,144.72900390625,5982.72021484375,19521.08984375,21.600000381469727,5713.52837890625,5823.929138183594,2.726528309197132,,
2025-06-18,75.13999938964844,98.91000366210938,1.1482638120651245,1.3430029153823853,,4.84499979019165,145.37600708007812,5980.8701171875,19546.26953125,20.139999389648438,5733.490380859375,5826.478239746094,2.6498318725057843,,
2025-06-19,75.13999938964844,98.91000366210938,1.1477497816085815,1.3416515588760376,,4.84499979019165,144.9550018310547,5980.8701171875,19546.26953125,20.139999389648438,5743.96978515625,5828.904990234375,2.607095624439311,,
2025-06-20,74.93000030517578,98.70999908447266,1.1512778997421265,1.3476725816726685,,4.826000213623047,145.21800231933594,5967.83984375,19447.41015625,20.6200008392334,5757.9655859375,5830.973540039063,2.3472290308149875,,
2025-06-23,68.51000213623047,98.41999816894531,1.1500862836837769,1.3435983657836914,,4.8429999351501465,146.2239990234375,6025.169921875,19630.970703125,19.829999923706055,5771.201787109375,5833.120590820313,3.292394320750349,,
2025-06-24,64.37000274658203,97.86000061035156,1.1599044799804688,1.3545364141464233,,4.867000102996826,145.92799377441406,6092.18017578125,19912.529296875,17.479999542236328,5784.925986328125,5835.451391601562,4.399467443926864,,
2025-06-25,64.91999816894531,97.68000030517578,1.161224365234375,1.361488938331604,,4.913000106811523,144.95700073242188,6092.16015625,19973.55078125,16.760000228881836,5798.836591796875,5837.7467431640625,4.358075543168308,,
2025-06-26,65.23999786376953,97.1500015258789,1.1683744192123413,1.369187831878662,,5.065499782562256,144.9040069580078,6141.02001953125,20167.91015625,16.59000015258789,5816.14298828125,5840.278942871094,5.149430011853356,,
2025-06-27,65.5199966430664,97.4000015258789,1.1692214012145996,1.37247633934021,,5.06850004196167,144.69400024414062,6173.06982421875,20273.4609375,16.31999969482422,5833.950380859375,5843.052993164062,5.648020502993606,,
2025-06-30,65.11000061035156,96.87999725341797,1.1727453470230103,1.3719680309295654,,5.03000020980835,144.51699829101562,6204.9501953125,20369.73046875,16.729999542236328,5854.885380859375,5845.509543457031,6.149004619414166,,
2025-07-01,65.44999694824219,96.81999969482422,1.178717017173767,1.3730605840682983,,5.047999858856201,143.8000030517578,6198.009765625,20202.890625,16.829999923706055,5873.090380859375,5847.986843261719,5.98535755542254,,
2025-07-02,67.44999694824219,96.77999877929688,1.180553913116455,1.374721646308899,,5.14900016784668,143.40199279785156,6227.419921875,20393.130859375,16.639999389648438,5890.12158203125,5850.53109375,6.4419592355918365,,
2025-07-03,67.0,97.18000030517578,1.18002450466156,1.3650014400482178,,5.0970001220703125,143.5260009765625,6279.35009765625,20601.099609375,16.3799991607666,5906.01318359375,5853.263193359375,7.279476254891083,,
2025-07-04,66.5,97.18000030517578,1.1771491765975952,1.366829752922058,,5.018499851226807,144.6820068359375,6279.35009765625,20601.099609375,16.3799991607666,5921.095986328125,5856.048645019531,7.228448366745201,,
2025-07-07,67.93000030517578,97.4800033569336,1.178078293800354,1.3651504516601562,,4.984499931335449,144.4980010986328,6229.97998046875,20412.51953125,17.790000915527344,5935.1205859375,5858.471694335937,6.341385697774948,,
2025-07-08,68.33000183105469,97.51000213623047,1.1736538410186768,1.3623607158660889,,5.644999980926514,145.89199829101562,6225.52001953125,20418.4609375,16.809999465942383,5948.414384765625,5860.908444824218,6.221076103466878,,
2025-07-09,68.37999725341797,97.47000122070312,1.1724566221237183,1.3585295677185059,,5.44350004196167,146.8489990234375,6263.259765625,20611.33984375,15.9399995803833,5962.29837890625,5863.41234375,6.819363852197944,,
2025-07-10,66.56999969482422,97.6500015258789,1.17311692237854,1.3593051433563232,,5.547999858856201,146.11399841308594,6280.4599609375,20630.66015625,15.779999732971191,5975.824775390625,5866.270893554687,7.060517233152076,,
2025-07-11,68.44999694824219,97.8499984741211,1.1702749729156494,1.3579576015472412,,5.561999797821045,146.28799438476562,6259.75,20585.529296875,16.399999618530273,5987.286376953125,5869.021943359375,6.657464572657163,,
2025-07-14,66.9800033569336,98.08000183105469,1.1682106256484985,1.3493820428848267,,5.514999866485596,147.2949981689453,6268.56005859375,20640.330078125,17.200000762939453,5999.64998046875,5871.865043945312,6.755860560138112,,
2025-07-15,66.5199966430664,98.62000274658203,1.1666297912597656,1.3428045511245728,,5.546000003814697,147.79200744628906,6243.759765625,20677.80078125,17.3799991607666,6012.38697265625,5874.328493652344,6.288910679269201,,
2025-07-16,66.37999725341797,98.38999938964844,1.1607391834259033,1.3393335342407227,,5.496500015258789,148.76100158691406,6263.7001953125,20730.490234375,17.15999984741211,6025.035380859375,5877.167294921875,6.576857199974661,,
2025-07-17,67.54000091552734,98.7300033569336,1.1635754108428955,1.3411099910736084,,5.486000061035156,148.0030059814453,6297.35986328125,20885.650390625,16.520000457763672,6037.703779296875,5879.898444824219,7.099806610172007,,
2025-07-18,67.33999633789062,98.4800033569336,1.161548137664795,1.3432555198669434,,5.578000068664551,148.44200134277344,6296.7900390625,20895.650390625,16.40999984741211,6050.441376953125,5882.422194824218,7.044170420186305,,
2025-07-21,67.19999694824219,97.8499984741211,1.1630746126174927,1.341597557067871,,5.610499858856201,148.43099975585938,6305.60009765625,20974.1796875,16.649999618530273,6059.669580078125,5885.049946289062,7.146076162571473,,
2025-07-22,66.20999908447266,97.38999938964844,1.1694538593292236,1.348945140838623,,5.697000026702881,147.40899658203125,6309.6201171875,20892.689453125,16.5,6068.130986328125,5887.5228979492185,7.169351636582326,,
2025-07-23,65.25,97.20999908447266,1.1739156246185303,1.352155327796936,,5.795000076293945,146.78500366210938,6358.91015625,21020.01953125,15.369999885559082,6077.457587890625,5890.018198242187,7.960789631307905,,
2025-07-24,66.02999877929688,97.37999725341797,1.1774264574050903,1.3579576015472412,,5.7769999504089355,146.3489990234375,6363.35009765625,21057.9609375,15.390000343322754,6086.385986328125,5892.758649902344,7.98592774135939,,
2025-07-25,65.16000366210938,97.6500015258789,1.1756131649017334,1.3510043621063232,,5.763500213623047,147.0050048828125,6388.64013671875,21108.3203125,14.930000305175781,6094.99119140625,5895.489499511718,8.364880257150418,,
2025-07-28,66.70999908447266,98.66000366210938,1.1756821870803833,1.344085931777954,,5.59499979019165,147.81300354003906,6389.77001953125,21178.580078125,15.029999732971191,6103.51458984375,5898.230998535157,8.33366853753555,,
2025-07-29,69.20999908447266,98.91000366210938,1.1596757173538208,1.336023211479187,,5.603499889373779,148.47900390625,6370.85986328125,21098.2890625,15.979999542236328,6112.122587890625,5900.761948242188,7.966732417990567,,
2025-07-30,70.0,99.94000244140625,1.1550945043563843,1.3353630304336548,,5.570000171661377,148.44200134277344,6362.89990234375,21129.669921875,15.479999542236328,6122.488388671875,5903.306547851563,7.785354712088443,,
2025-07-31,69.26000213623047,100.02999877929688,1.1429355144500732,1.3257676362991333,,4.33050012588501,149.2259979248047,6339.39013671875,21122.44921875,16.719999313354492,6132.43599609375,5905.747497558594,7.3427223114334295,,
2025-08-01,67.33000183105469,98.69000244140625,1.142374038696289,1.3209865093231201,,4.412499904632568,150.77200317382812,6238.009765625,20650.130859375,20.3799991607666,6141.139794921875,5907.950446777344,5.586697481995571,,
2025-08-04,66.29000091552734,98.77999877929688,1.158668041229248,1.3289920091629028,,4.414999961853027,147.34300231933594,6329.93994140625,21053.580078125,17.520000457763672,6151.682197265625,5910.550847167969,7.095600817633284,,
2025-08-05,65.16000366210938,98.77999877929688,1.1584129333496094,1.3297518491744995,,4.363999843597412,146.79299926757812,6299.18994140625,20916.55078125,17.850000381469727,6159.2351953125,5913.006196289062,6.531089809436567,,
2025-08-06,64.3499984741211,98.18000030517578,1.1579166650772095,1.3299463987350464,,4.390999794006348,147.55999755859375,6345.06005859375,21169.419921875,16.770000457763672,6168.365400390625,5915.613896484375,7.259536704459248,,
2025-08-07,63.880001068115234,98.4000015258789,1.1663167476654053,1.3357912302017212,,4.378499984741211,147.1929931640625,6340.0,21242.69921875,16.56999969482422,6176.922001953125,5918.149296875,7.128084844830676,,
2025-08-08,63.880001068115234,98.18000030517578,1.1676650047302246,1.345152735710144,,4.45550012588501,146.83700561523438,6389.4501953125,21450.01953125,15.149999618530273,6186.47720703125,5921.0281982421875,7.9111597071835575,,
2025-08-11,63.959999084472656,98.5199966430664,1.1647952795028687,1.3444474935531616,,4.423500061035156,147.66400146484375,6373.4501953125,21385.400390625,16.25,6195.227412109375,5924.368198242188,7.580251295042043,,
2025-08-12,63.16999816894531,98.0999984741211,1.1618449687957764,1.3435261249542236,,4.508500099182129,148.125,6445.759765625,21681.900390625,14.729999542236328,6204.735205078125,5927.952998046875,8.735001234806186,,
2025-08-13,62.650001525878906,97.83999633789062,1.1677058935165405,1.3504207134246826,,4.48199987411499,147.75799560546875,6466.580078125,21713.140625,14.489999771118164,6214.65060546875,5931.722448730468,9.016902493625675,,
2025-08-14,63.959999084472656,98.25,1.171289324760437,1.3585295677185059,,4.4644999504089355,147.1199951171875,6468.5400390625,21710.669921875,14.829999923706055,6225.23541015625,5935.151350097656,8.986943339803247,,
2025-08-15,62.79999923706055,97.8499984741211,1.1651345491409302,1.3530701398849487,,4.478000164031982,147.6909942626953,6449.7998046875,21622.98046875,15.09000015258789,6234.224208984375,5937.755148925781,8.623539417154216,,
2025-08-18,63.41999816894531,98.16999816894531,1.1706587076187134,1.3556381464004517,,4.456999778747559,147.26400756835938,6449.14990234375,21629.76953125,14.989999771118164,6243.089609375,5940.135397949219,8.569072425020215,,
2025-08-19,62.349998474121094,98.2699966430664,1.1668338775634766,1.3508219718933105,,4.408999919891357,147.91600036621094,6411.3701171875,21314.94921875,15.569999694824219,6250.540810546875,5942.2145483398435,7.895298377920917,,
2025-08-20,63.209999084472656,98.22000122070312,1.164252758026123,1.348679542541504,,4.426000118255615,147.7310028076172,6395.77978515625,21172.859375,15.6899995803833,6258.0116015625,5944.186696777344,7.597222486698447,,
2025-08-21,63.52000045776367,98.62000274658203,1.165175199508667,1.3466380834579468,,4.43149995803833,147.3179931640625,6370.169921875,21100.310546875,16.600000381469727,6264.5098046875,5946.117595214844,7.131583253607585,,
2025-08-22,63.65999984741211,97.72000122070312,1.16130530834198,1.3419395685195923,,4.447500228881836,148.38600158691406,6466.91015625,21496.5390625,14.220000267028809,6274.308603515625,5948.525246582031,8.71451138188962,,
2025-08-25,64.80000305175781,98.43000030517578,1.1709601879119873,1.35111403465271,,4.4664998054504395,147.21499633789062,6439.31982421875,21449.2890625,14.789999961853027,6282.432802734375,5950.97599609375,8.206113223201562,,
2025-08-26,63.25,98.2300033569336,1.1618449687957764,1.3453518152236938,,4.450500011444092,147.82200622558594,6465.93994140625,21544.26953125,14.619999885559082,6292.097197265625,5953.952595214843,8.599116939608956,,
2025-08-27,64.1500015258789,98.2300033569336,1.1639411449432373,1.3478723764419556,,4.4145002365112305,147.46200561523438,6481.39990234375,21590.140625,14.850000381469727,6302.10779296875,5956.891494140625,8.8050690317097,,
2025-08-28,64.5999984741211,97.80999755859375,1.1647952795028687,1.3503841161727905,,4.463500022888184,147.3159942626953,6501.85986328125,21705.16015625,14.430000305175781,6312.527587890625,5959.815893554687,9.094978425638327,,
2025-08-29,64.01000213623047,97.7699966430664,1.1681560277938843,1.35111403465271,,4.518499851226807,146.7899932861328,6460.259765625,21455.55078125,15.359999656677246,6322.375986328125,5962.531643066406,8.347597167679309,,
2025-09-01,64.01000213623047,97.7699966430664,1.1691803932189941,1.3503841161727905,,4.518499851226807,147.0970001220703,6460.259765625,21455.55078125,15.359999656677246,6331.077783203125,5965.089392089843,8.301139194859172,,
2025-09-02,65.58999633789062,98.4000015258789,1.1715912818908691,1.3547931909561157,,4.569499969482422,147.08399963378906,6415.5400390625,21279.630859375,17.170000076293945,6337.54498046875,5967.320393066406,7.511238151665076,,
2025-09-03,63.970001220703125,98.13999938964844,1.163602590560913,1.3383476734161377,,4.558499813079834,148.54800415039062,6448.259765625,21497.73046875,16.350000381469727,6344.66697265625,5969.624841308594,8.017839261930652,,
2025-09-04,63.47999954223633,98.3499984741211,1.16604483127594,1.3441582918167114,,4.48799991607666,147.97999572753906,6502.080078125,21707.689453125,15.300000190734863,6351.888173828125,5972.027092285156,8.875595801040193,,
2025-09-05,61.869998931884766,97.7699966430664,1.1656913757324219,1.3444474935531616,,4.482500076293945,148.375,6481.5,21700.390625,15.180000305175781,6358.05677734375,5974.440891113281,8.487139100178341,,
2025-09-08,62.2599983215332,97.44999694824219,1.1713168621063232,1.3492909669876099,,4.490499973297119,148.343994140625,6495.14990234375,21798.69921875,15.109999656677246,6363.860771484375,5976.922939453125,8.670464186008758,,
2025-09-09,62.630001068115234,97.79000091552734,1.1769136190414429,1.3553073406219482,,4.500999927520752,147.36399841308594,6512.60986328125,21879.490234375,15.039999961853027,6370.1527734375,5979.3240893554685,8.918830388791758,,
2025-09-10,63.66999816894531,97.77999877929688,1.1702749729156494,1.352109670639038,,4.550000190734863,147.39199829101562,6532.0400390625,21886.060546875,15.350000381469727,6376.24517578125,5981.748540039062,9.199509062275695,,
2025-09-11,62.369998931884766,97.54000091552734,1.1703435182571411,1.3534730672836304,,4.5904998779296875,147.33200073242188,6587.47021484375,22043.0703125,14.710000038146973,6382.407578125,5984.436491699219,10.076700186909425,,
2025-09-12,62.689998626708984,97.55000305175781,1.1734747886657715,1.3576626777648926,,4.588500022888184,147.2239990234375,6584.2900390625,22141.099609375,14.760000228881836,6388.506376953125,5986.925490722656,9.977818318693304,,
2025-09-15,63.29999923706055,97.30000305175781,1.1726491451263428,1.3553440570831299,,4.6554999351501465,147.66600036621094,6615.27978515625,22348.75,15.6899995803833,6396.212373046875,5989.626340332031,10.445617293541162,,
2025-09-16,64.5199966430664,96.62999725341797,1.1763737201690674,1.3602666854858398,,4.632999897003174,147.40499877929688,6606.759765625,22333.9609375,16.360000610351562,6403.83716796875,5992.2087890625,10.25583383683546,,
2025-09-17,64.05000305175781,96.87000274658203,1.1871408224105835,1.365392804145813,,4.571000099182129,146.41299438476562,6600.35009765625,22261.330078125,15.720000267028809,6410.578974609375,5994.9462890625,10.098569351626736,,
2025-09-18,63.56999969482422,97.3499984741211,1.1826341152191162,1.3629734516143799,,4.540999889373779,146.89100646972656,6631.9599609375,22470.720703125,15.699999809265137,6417.608974609375,5997.931538085937,10.570784591747682,,
2025-09-19,62.68000030517578,97.63999938964844,1.1791062355041504,1.3556013107299805,,4.568999767303467,147.94700622558594,6664.35986328125,22631.48046875,15.449999809265137,6425.701171875,6000.832387695313,11.05725727228273,,
2025-09-22,62.63999938964844,97.33000183105469,1.1736950874328613,1.3464748859405518,,4.572999954223633,148.09500122070312,6693.75,22788.98046875,16.100000381469727,6434.204970703125,6004.044887695312,11.487341037675602,,
2025-09-23,63.40999984741211,97.26000213623047,1.1801080703735352,1.3514974117279053,,4.584499835968018,147.72500610351562,6656.919921875,22573.470703125,16.639999389648438,6442.468173828125,6007.074038085938,10.81801022709095,,
2025-09-24,64.98999786376953,97.87000274658203,1.1814465522766113,1.3524478673934937,,4.752500057220459,147.61300659179688,6637.97021484375,22497.859375,16.18000030517578,6449.95357421875,6009.893488769531,10.450713099123682,,
2025-09-25,64.9800033569336,98.55000305175781,1.1744670867919922,1.3452396392822266,,4.699999809265137,148.75100708007812,6604.72021484375,22384.69921875,16.739999771118164,6456.10078125,6012.664040527344,9.84681948510264,,
2025-09-26,65.72000122070312,98.1500015258789,1.166275978088379,1.333653450012207,,4.7154998779296875,149.86099243164062,6643.7001953125,22484.0703125,15.289999961853027,6463.038984375,6016.521740722656,10.424269729548287,,
2025-09-29,63.45000076293945,97.91000366210938,1.170823097229004,1.3408241271972656,,4.841000080108643,149.40499877929688,6661.2099609375,22591.150390625,16.1200008392334,6470.151181640625,6020.492390136718,10.642278559316171,,
2025-09-30,62.369998931884766,97.7699966430664,1.1731443405151367,1.3437248468399048,,4.804999828338623,148.59500122070312,6688.4599609375,22660.009765625,16.280000686645508,6477.727978515625,6024.280439453125,11.025043209055326,,
2025-10-01,61.779998779296875,97.70999908447266,1.1735849380493164,1.3443390130996704,,4.83050012588501,147.9969940185547,6711.2001953125,22755.16015625,16.290000915527344,6484.773779296875,6027.966091308594,11.334405231459838,,
2025-10-02,60.47999954223633,97.8499984741211,1.1734058856964111,1.3480178117752075,,4.8979997634887695,147.08299255371094,6715.35009765625,22844.05078125,16.6299991607666,6491.813779296875,6031.342641601563,11.34088206723165,,
2025-10-03,60.880001068115234,97.72000122070312,1.1725116968154907,1.3446643352508545,,5.058000087738037,147.14999389648438,6715.7900390625,22780.509765625,16.649999618530273,6498.35677734375,6034.721391601563,11.28583414652367,,
2025-10-06,61.689998626708984,98.11000061035156,1.171248197555542,1.3433817625045776,,4.986999988555908,149.6060028076172,6740.27978515625,22941.669921875,16.3700008392334,6505.36697265625,6038.234841308594,11.626658490405955,,
2025-10-07,61.72999954223633,98.58000183105469,1.171028733253479,1.3484903573989868,,5.047999858856201,150.33099365234375,6714.58984375,22788.359375,17.239999771118164,6512.241572265625,6041.953591308594,11.132760989905643,,
2025-10-08,62.54999923706055,98.8499984741211,1.1654603481292725,1.3421016931533813,,5.046000003814697,152.05099487304688,6753.72021484375,23043.380859375,16.299999237060547,6520.057978515625,6046.187492675781,11.702130028634716,,
2025-10-09,61.5099983215332,99.54000091552734,1.1631964445114136,1.3401411771774292,,5.075500011444092,152.67999267578125,6735.10986328125,23024.630859375,16.43000030517578,6527.972373046875,6050.454892578125,11.315760266934095,,
2025-10-10,58.900001525878906,98.9800033569336,1.156644344329834,1.3304948806762695,,4.848499774932861,152.96499633789062,6552.509765625,22204.4296875,21.65999984741211,6534.262373046875,6053.874692382812,8.236626930345738,,
2025-10-13,59.4900016784668,99.2699966430664,1.160240888595581,1.3336178064346313,,5.100500106811523,152.05599975585938,6654.72021484375,22694.609375,19.030000686645508,6540.757978515625,6057.435942382813,9.860348143045877,,
2025-10-14,58.70000076293945,99.05000305175781,1.1566845178604126,1.3332622051239014,,4.980500221252441,152.4340057373047,6644.31005859375,22521.69921875,20.809999465942383,6547.660380859375,6060.780593261718,9.627958913094306,,
2025-10-15,58.27000045776367,98.79000091552734,1.1602274179458618,1.3321610689163208,,4.9720001220703125,151.7310028076172,6671.06005859375,22670.080078125,20.639999389648438,6554.180380859375,6064.590744628907,10.000168840773993,,
2025-10-16,57.459999084472656,98.38999938964844,1.1646324396133423,1.3404465913772583,,4.958000183105469,150.9739990234375,6629.06982421875,22562.5390625,25.309999465942383,6559.96177734375,6068.14484375,9.243763867081798,,
2025-10-17,57.540000915527344,98.43000030517578,1.1699601411819458,1.3445558547973633,,4.93149995803833,150.1199951171875,6664.009765625,22679.970703125,20.780000686645508,6565.45296875,6071.873642578125,9.75211537497432,,
2025-10-20,57.52000045776367,98.58999633789062,1.165745735168457,1.342588186264038,,4.998000144958496,150.89999389648438,6735.1298828125,22990.5390625,18.229999542236328,6572.6865625,6076.414091796875,10.840534911945639,,
2025-10-21,57.81999969482422,98.93000030517578,1.164442539215088,1.3405184745788574,,4.929999828338623,150.7740020751953,6735.35009765625,22953.669921875,17.8700008392334,6578.478369140625,6080.909741210938,10.762211318647012,,
2025-10-22,58.5,98.9000015258789,1.160038948059082,1.336523175239563,,4.960999965667725,151.89300537109375,6699.39990234375,22740.400390625,18.600000381469727,6583.134765625,6085.1921899414065,10.093480916142726,,
2025-10-23,61.790000915527344,98.94000244140625,1.1608469486236572,1.3351848125457764,,5.081999778747559,151.95399475097656,6738.43994140625,22941.80078125,17.299999237060547,6588.532763671875,6089.134838867188,10.663339205341984,,
2025-10-24,61.5,98.94999694824219,1.1618045568466187,1.332746982574463,,5.093500137329102,152.6020050048828,6791.68994140625,23204.869140625,16.3700008392334,6595.37056640625,6093.406589355469,11.459654658046414,,
2025-10-27,61.310001373291016,98.77999877929688,1.1631693840026855,1.3322391510009766,,5.140500068664551,153.06100463867188,6875.16015625,23637.4609375,15.789999961853027,6603.890771484375,6097.799089355469,12.748223670594852,,
2025-10-28,60.150001525878906,98.69000244140625,1.165175199508667,1.3341000080108643,,5.140500068664551,152.69200134277344,6890.89013671875,23827.490234375,16.420000076293945,6613.481171875,6102.270239257812,12.923385339238166,,
2025-10-29,60.47999954223633,99.22000122070312,1.1657865047454834,1.3279330730438232,,5.233500003814697,151.7310028076172,6890.58984375,23958.470703125,16.920000076293945,6623.377373046875,6106.476987304687,12.840674878092177,,
2025-10-30,60.56999969482422,99.52999877929688,1.1603351831436157,1.3195397853851318,,5.078000068664551,152.7220001220703,6822.33984375,23581.140625,16.90999984741211,6632.420771484375,6110.1568359375,11.65572385349791,,
2025-10-31,60.97999954223633,99.80000305175781,1.157246708869934,1.3159106969833374,,5.065499782562256,153.89999389648438,6840.2001953125,23724.9609375,17.440000534057617,6639.886572265625,6113.764287109375,11.88197441198029,,
2025-11-03,61.04999923706055,99.87000274658203,1.1528042554855347,1.3134735822677612,,5.046999931335449,154.19500732421875,6851.97021484375,23834.720703125,17.170000076293945,6648.139580078125,6117.5179370117185,12.005723324299664,,
2025-11-04,60.560001373291016,100.22000122070312,1.1519144773483276,1.3135254383087158,,4.926000118255615,154.20399475097656,6771.5498046875,23348.640625,19.0,6654.25177734375,6121.314287109375,10.622482151380943,,
2025-11-05,59.599998474121094,100.19999694824219,1.1485539674758911,1.3021697998046875,,4.9629998207092285,153.5570068359375,6796.2900390625,23499.80078125,18.010000228881836,6660.549580078125,6124.957236328125,10.96061207991119,,
2025-11-06,59.43000030517578,99.7300033569336,1.1496764421463013,1.3052598237991333,,4.945499897003174,154.072998046875,6720.31982421875,23053.990234375,19.5,6664.918779296875,6128.36228515625,9.659310457155959,,
2025-11-07,59.75,99.5999984741211,1.1549211740493774,1.3140950202941895,,4.938000202178955,152.947998046875,6728.7998046875,23004.5390625,19.079999923706055,6670.289580078125,6131.650434570312,9.73880322254597,,
2025-11-10,60.130001068115234,99.62000274658203,1.1543878316879272,1.3142677545547485,,5.086999893188477,153.81700134277344,6832.43017578125,23527.169921875,17.600000381469727,6677.73298828125,6135.609936523438,11.356984007569505,,
2025-11-11,61.040000915527344,99.45999908447266,1.1557220220565796,1.3172974586486816,,5.048500061035156,154.14599609375,6846.60986328125,23468.30078125,17.280000686645508,6686.354384765625,6139.87013671875,11.510662454176826,,
2025-11-12,58.4900016784668,99.4800033569336,1.1587486267089844,1.3152875900268555,,5.0894999504089355,154.0749969482422,6850.919921875,23406.4609375,17.510000228881836,6694.407587890625,6143.935336914063,11.507031669315015,,
2025-11-13,58.689998626708984,99.18000030517578,1.159218668937683,1.3127838373184204,,5.087500095367432,154.71299743652344,6737.490234375,22870.359375,20.0,6699.115791015625,6147.315388183593,9.600529807301644,,
2025-11-14,60.09000015258789,99.2699966430664,1.1631964445114136,1.3152183294296265,,5.049499988555908,154.63299560546875,6734.10986328125,22900.58984375,19.829999923706055,6704.16798828125,6150.568088378906,9.487607754556972,,
2025-11-17,59.90999984741211,99.58999633789062,1.1615345478057861,1.3160146474838257,,5.0,154.5850067138672,6672.41015625,22708.0703125,22.3799991607666,6707.713193359375,6153.800187988281,8.427474932871615,,
2025-11-18,60.7400016784668,99.55000305175781,1.159057378768921,1.3156163692474365,,4.962500095367432,155.2729949951172,6617.31982421875,22432.849609375,24.690000534057617,6709.807392578125,6156.554587402344,7.484141174663385,,
2025-11-19,59.439998626708984,100.2300033569336,1.1581177711486816,1.3147515058517456,,5.007999897003174,155.54800415039062,6642.16015625,22564.23046875,23.65999984741211,6712.009794921875,6159.422888183593,7.837378222438714,,
2025-11-20,59.13999938964844,100.16000366210938,1.154068112373352,1.3061821460723877,,4.959499835968018,156.99200439453125,6538.759765625,22078.05078125,26.420000076293945,6711.0355859375,6161.8568359375,6.116710266446096,,
2025-11-21,58.060001373291016,100.18000030517578,1.1534557342529297,1.308489441871643,,5.008500099182129,157.36900329589844,6602.990234375,22273.080078125,23.43000030517578,6711.40958984375,6164.2964379882815,7.116688835455913,,
2025-11-24,58.84000015258789,100.13999938964844,1.1507612466812134,1.3096375465393066,,4.961999893188477,156.68800354003906,6705.1201171875,22872.009765625,20.520000457763672,6713.206396484375,6167.248889160156,8.721412702716302,,
2025-11-25,57.95000076293945,99.66000366210938,1.1520073413848877,1.3106160163879395,,4.999499797821045,156.93899536132812,6765.8798828125,23025.58984375,18.559999465942383,6716.388798828125,6170.505139160156,9.648719678943136,,
2025-11-26,58.650001525878906,99.5999984741211,1.156483769416809,1.315870761871338,,5.104499816894531,156.22999572753906,6812.60986328125,23214.689453125,17.190000534057617,6720.633994140625,6173.9202880859375,10.34495985359282,,
2025-11-27,58.650001525878906,99.5999984741211,1.1602139472961426,1.3244997262954712,,5.104499816894531,156.23899841308594,6812.60986328125,23214.689453125,17.190000534057617,6724.2469921875,6177.262587890625,10.285256071776933,,
2025-11-28,58.54999923706055,99.45999908447266,1.1599851846694946,1.3241175413131714,,5.185500144958496,156.28399658203125,6849.08984375,23365.689453125,16.350000381469727,6727.941591796875,6180.920437011719,10.810192649257274,,
2025-12-01,59.31999969482422,99.41000366210938,1.1601465940475464,1.3239772319793701,,5.218999862670898,155.92799377441406,6812.6298828125,23275.919921875,17.239999771118164,6730.319189453125,6184.917937011719,10.149074768550022,,
2025-12-02,58.63999938964844,99.36000061035156,1.1607661247253418,1.3209341764450073,,5.160999774932861,155.5570068359375,6829.3701171875,23413.669921875,16.59000015258789,6733.768193359375,6189.148537597656,10.344259403383917,,
2025-12-03,58.95000076293945,98.8499984741211,1.1627906560897827,1.3219469785690308,,5.308000087738037,155.8070068359375,6849.72021484375,23454.08984375,16.079999923706055,6738.003193359375,6193.620888671875,10.593146367287023,,
2025-12-04,59.66999816894531,98.98999786376953,1.1666841506958008,1.3348817825317383,,5.291500091552734,155.10699462890625,6857.1201171875,23505.140625,15.779999732971191,6743.05119140625,6198.126188964844,10.632147654494839,,
2025-12-05,60.08000183105469,98.98999786376953,1.1642799377441406,1.3321788311004639,,5.381999969482422,155.14199829101562,6870.39990234375,23578.130859375,15.40999984741211,6747.585185546875,6203.170339355469,10.75626698101617,,
2025-12-08,58.880001068115234,99.08999633789062,1.164022445678711,1.3324593305587769,,5.364500045776367,155.33999633789062,6846.509765625,23545.900390625,16.65999984741211,6751.291181640625,6207.630388183594,10.291839840489404,,
2025-12-09,58.25,99.22000122070312,1.1641442775726318,1.3326793909072876,,5.240499973297119,155.843994140625,6840.509765625,23576.490234375,16.93000030517578,6754.332177734375,6212.5843359375,10.107314375680723,,
2025-12-10,58.459999084472656,98.79000091552734,1.1628313064575195,1.3303532600402832,,5.2754998207092285,156.83799743652344,6886.68017578125,23654.150390625,15.770000457763672,6757.84177734375,6218.126987304688,10.751681170897955,,
2025-12-11,57.599998474121094,98.3499984741211,1.1701242923736572,1.3388315439224243,,5.427000045776367,155.7899932861328,6901.0,23593.859375,14.850000381469727,6761.554775390625,6223.418837890625,10.88760341797975,,
2025-12-12,57.439998626708984,98.4000015258789,1.1739431619644165,1.339046597480774,,5.2835001945495605,155.56700134277344,6827.41015625,23195.169921875,15.739999771118164,6763.787177734375,6228.863288574219,9.609247144237578,,
2025-12-15,56.81999969482422,98.1500015258789,1.1737639904022217,1.3367732763290405,,5.338500022888184,155.88800048828125,6816.509765625,23057.41015625,16.5,6765.31177734375,6234.094836425781,9.342413686044232,,
2025-12-16,55.27000045776367,98.1500015258789,1.1754610538482666,1.3380612134933472,,5.2870001792907715,155.01499938964844,6800.259765625,23111.4609375,16.479999542236328,6767.02517578125,6240.023334960937,8.978114352958105,,
2025-12-17,55.939998626708984,98.37000274658203,1.1749500036239624,1.342499852180481,,5.363500118255615,154.7779998779297,6721.43017578125,22693.3203125,17.6200008392334,6766.379375,6245.77013671875,7.615714774165393,,
2025-12-18,56.150001525878906,98.43000030517578,1.1742326021194458,1.3374598026275635,,5.366499900817871,155.4949951171875,6774.759765625,23006.359375,16.8700008392334,6767.172373046875,6251.647436523437,8.36759165344851,,
2025-12-19,56.65999984741211,98.5999984741211,1.1725666522979736,1.3385393619537354,,5.439499855041504,155.58599853515625,6834.5,23307.619140625,14.90999984741211,6772.812177734375,6258.212336425781,9.208502885399868,,
2025-12-22,58.0099983215332,98.29000091552734,1.1708093881607056,1.3377031087875366,,5.4375,157.67599487304688,6878.490234375,23428.830078125,14.079999923706055,6777.287578125,6264.410087890625,9.802681144253611,,
2025-12-23,58.380001068115234,97.94000244140625,1.1765950918197632,1.3469899892807007,,5.47599983215332,156.8769989013672,6909.7900390625,23561.83984375,14.0,6782.597177734375,6270.5834375,10.193734090831953,,
2025-12-24,58.349998474121094,97.9800033569336,1.179551362991333,1.3513604402542114,,5.498499870300293,156.17599487304688,6932.0498046875,23613.310546875,13.470000267028809,6787.81697265625,6277.170385742187,10.432716952096603,,
2025-12-26,56.7400016784668,98.0199966430664,1.1785364151000977,1.3508949279785156,,5.766499996185303,156.08999633789062,6929.93994140625,23593.099609375,13.600000381469727,6793.834375,6283.443635253906,10.288885262296459,,
2025-12-29,58.08000183105469,98.04000091552734,1.1772738695144653,1.349727988243103,,5.490499973297119,156.46299743652344,6905.740234375,23474.349609375,14.199999809265137,6798.668984375,6289.657885742187,9.795164694559762,,
2025-12-30,57.95000076293945,98.23999786376953,1.1772878170013428,1.3510993719100952,,5.727499961853027,156.01300048828125,6896.240234375,23419.080078125,14.329999923706055,6801.89119140625,6295.801286621094,9.537133089474573,,
2025-12-31,57.41999816894531,98.27999877929688,1.1747292280197144,1.346719741821289,,5.630000114440918,156.41299438476562,6845.5,23241.990234375,14.949999809265137,6804.094189453125,6301.1909375,8.63819344468167,,
2026-01-02,57.31999969482422,98.41999816894531,1.175046682357788,1.347363829612732,,5.639999866485596,156.7310028076172,6858.47021484375,23235.630859375,14.510000228881836,6807.275595703125,6306.6000390625,8.750676630244767,,
2026-01-05,58.31999969482422,98.2699966430664,1.1704667806625366,1.3437970876693726,,5.924499988555908,156.98899841308594,6902.0498046875,23395.8203125,14.899999618530273,6810.54779296875,6312.549287109375,9.3385491465694,,
2026-01-06,57.130001068115234,98.58000183105469,1.1714951992034912,1.3533997535705566,,6.010499954223633,156.62600708007812,6944.81982421875,23547.169921875,14.75,6813.610390625,6318.8068359375,9.907139188380814,,
2026-01-07,55.9900016784668,98.68000030517578,1.1688251495361328,1.3500559329986572,,5.809000015258789,156.67999267578125,6920.93017578125,23584.279296875,15.380000114440918,6814.525791015625,6325.506787109375,9.413054300807588,,
2026-01-08,57.7599983215332,98.93000030517578,1.1676785945892334,1.3459312915802002,,5.746500015258789,156.7310028076172,6921.4599609375,23480.01953125,15.449999809265137,6815.1371875,6332.054836425781,9.308275745198964,,
2026-01-09,59.119998931884766,99.12999725341797,1.1657865047454834,1.3438005447387695,,5.855500221252441,156.8800048828125,6966.27978515625,23671.349609375,14.489999771118164,6816.650986328125,6338.720886230469,9.900402781403741,,
2026-01-12,59.5,98.86000061035156,1.1623716354370117,1.3394231796264648,,5.985000133514404,158.1490020751953,6977.27001953125,23733.900390625,15.119999885559082,6819.74958984375,6345.252385253906,9.960480622427655,,
2026-01-13,61.150001525878906,99.12999725341797,1.1666978597640991,1.3465656042099,,5.96999979019165,157.98599243164062,6963.740234375,23709.869140625,15.979999542236328,6822.220390625,6353.088486328125,9.611887971669212,,
2026-01-14,62.02000045776367,99.12999725341797,1.164252758026123,1.3426783084869385,,6.008999824523926,159.1790008544922,6926.60009765625,23471.75,16.75,6823.71298828125,6362.351086425781,8.868561378737908,,
2026-01-15,59.189998626708984,99.31999969482422,1.1646324396133423,1.344266653060913,,5.947999954223633,158.40199279785156,6944.47021484375,23530.01953125,15.84000015258789,6827.171396484375,6371.7621875,8.98822037751624,,
2026-01-16,59.439998626708984,99.38999938964844,1.1609008312225342,1.3381328582763672,,5.78849983215332,158.5959930419922,6940.009765625,23515.390625,15.859999656677246,6830.045791015625,6381.548386230469,8.751189297561837,,
2026-01-19,59.439998626708984,99.38999938964844,1.162493348121643,1.3404287099838257,,5.78849983215332,157.53500366210938,6940.009765625,23515.390625,15.859999656677246,6834.43958984375,6388.963935546875,8.624963853876519,,
2026-01-20,60.34000015258789,98.63999938964844,1.1639139652252197,1.3418315649032593,,5.7729997634887695,158.177001953125,6796.85986328125,22954.3203125,20.09000015258789,6835.800791015625,6396.607985839843,6.257251942395771,,
2026-01-21,60.619998931884766,98.76000213623047,1.1727865934371948,1.344085931777954,,5.729499816894531,158.16200256347656,6875.6201171875,23224.8203125,16.899999618530273,6836.66458984375,6404.169287109375,7.361623482175661,,
2026-01-22,59.36000061035156,98.36000061035156,1.1672970056533813,1.3419395685195923,,5.742499828338623,158.45599365234375,6913.35009765625,23436.01953125,15.640000343322754,6837.99939453125,6411.706186523437,7.823875526099468,,
2026-01-23,61.06999969482422,97.5999984741211,1.1754610538482666,1.3501288890838623,,5.910999774932861,158.50100708007812,6915.60986328125,23501.240234375,16.09000015258789,6839.293193359375,6419.301086425781,7.731507997108292,,
2026-01-26,60.630001068115234,97.04000091552734,1.1858457326889038,1.3662508726119995,,5.984000205993652,155.16600036621094,6950.22998046875,23601.359375,16.149999618530273,6843.54798828125,6427.673735351563,8.129787954904746,,
2026-01-27,62.38999938964844,96.22000122070312,1.1876484155654907,1.3677457571029663,,5.828499794006348,154.33599853515625,6978.60009765625,23817.099609375,16.350000381469727,6848.43779296875,6436.153234863281,8.428122249399674,,
2026-01-28,63.209999084472656,96.44999694824219,1.2017642259597778,1.3824374675750732,,5.892499923706055,152.4530029296875,6978.02978515625,23857.44921875,16.350000381469727,6854.550185546875,6445.2523828125,8.266199222306678,,
2026-01-29,65.41999816894531,96.27999877929688,1.1977769136428833,1.382533073425293,,6.17549991607666,153.0959930419922,6969.009765625,23685.119140625,16.8799991607666,6861.583984375,6453.6586328125,7.985410480069192,,
2026-01-30,65.20999908447266,96.98999786376953,1.19657301902771,1.380643367767334,,5.896999835968018,153.16200256347656,6939.02978515625,23461.8203125,17.440000534057617,6867.521376953125,6461.474482421875,7.3908100083586294,,
2026-02-02,62.13999938964844,97.61000061035156,1.1849182844161987,1.3679141998291016,,5.801499843597412,155.20199584960938,6976.43994140625,23592.109375,16.34000015258789,6876.27498046875,6468.93283203125,7.845298792747592,,
2026-02-03,63.209999084472656,97.44000244140625,1.1798714399337769,1.367315649986267,,6.0625,155.4429931640625,6917.81005859375,23255.189453125,18.0,6882.571376953125,6475.895832519531,6.823986016808531,,
2026-02-04,65.13999938964844,97.62000274658203,1.1816140413284302,1.3697504997253418,,5.826000213623047,155.7989959716797,6882.72021484375,22904.580078125,18.639999389648438,6886.12337890625,6482.66568359375,6.171142409247678,,
2026-02-05,63.290000915527344,97.81999969482422,1.180163860321045,1.3644611835479736,,5.798999786376953,156.91700744628906,6798.39990234375,22540.58984375,21.770000457763672,6886.773779296875,6488.853532714844,4.770432374043684,,
2026-02-06,63.54999923706055,97.62999725341797,1.177786946296692,1.3520822525024414,,5.863500118255615,156.78399658203125,6932.2998046875,23031.2109375,20.3700008392334,6889.167578125,6495.669731445312,6.721863815342655,,
2026-02-09,64.36000061035156,96.81999969482422,1.182578206062317,1.3608959913253784,,5.945000171661377,157.24400329589844,6964.81982421875,23238.669921875,17.360000610351562,6892.21177734375,6502.473129882813,7.11032072106801,,
2026-02-10,63.959999084472656,96.80000305175781,1.1904053688049316,1.368344783782959,,5.895999908447266,156.1320037841797,6941.81005859375,23102.470703125,17.790000915527344,6894.066181640625,6508.7488305664065,6.653524960029185,,
2026-02-11,64.62999725341797,96.83000183105469,1.1889617443084717,1.3634566068649292,,5.948999881744385,154.48199462890625,6941.47021484375,23066.470703125,17.649999618530273,6896.64298828125,6515.204282226562,6.542633417958034,,
2026-02-12,62.84000015258789,96.93000030517578,1.1876062154769897,1.362399697303772,,5.770999908447266,153.2689971923828,6832.759765625,22597.150390625,20.81999969482422,6896.71078125,6521.333530273438,4.775499273359575,,
2026-02-13,62.88999938964844,96.87999725341797,1.1868449449539185,1.3620266914367676,,5.792500019073486,152.8209991455078,6836.169921875,22546.669921875,20.600000381469727,6896.439775390625,6527.357980957031,4.731040366085321,,
2026-02-16,62.88999938964844,96.87999725341797,1.1867464780807495,1.3647778034210205,,5.792500019073486,152.7790069580078,6836.169921875,22546.669921875,20.600000381469727,6896.020771484375,6533.219130859375,4.637082959373742,,
2026-02-17,62.33000183105469,97.16000366210938,1.1849884986877441,1.3627691268920898,,5.632999897003174,153.60899353027344,6843.22021484375,22578.380859375,20.290000915527344,6895.477177734375,6539.135681152344,4.650225175291357,,
2026-02-18,65.19000244140625,97.69999694824219,1.185185194015503,1.3564472198486328,,5.793499946594238,153.1490020751953,6881.31005859375,22753.630859375,19.6200008392334,6896.17318359375,6544.321281738281,5.149331188794557,,
2026-02-19,66.43000030517578,97.93000030517578,1.1788839101791382,1.349582314491272,,5.730000019073486,154.6929931640625,6861.89013671875,22682.73046875,20.229999542236328,6896.600791015625,6549.197983398438,4.774510621192938,,
2026-02-20,66.38999938964844,97.80000305175781,1.1769136190414429,1.3461124897003174,,5.830999851226807,155.16000366210938,6909.509765625,22886.0703125,19.09000015258789,6897.0573828125,6554.2826318359375,5.419771373050461,,
2026-02-23,66.30999755859375,97.69999694824219,1.1834739446640015,1.3533265590667725,,5.7729997634887695,154.33900451660156,6837.75,22627.26953125,21.010000228881836,6895.7923828125,6558.886730957031,4.2516860022413985,,
2026-02-24,65.62999725341797,97.87999725341797,1.1793843507766724,1.34969162940979,,5.922999858856201,154.63499450683594,6890.06982421875,22863.6796875,19.549999237060547,6897.045576171875,6563.545180664062,4.974821298048137,,
2026-02-25,65.41999816894531,97.69999694824219,1.1775233745574951,1.3497462272644043,,5.979499816894531,155.8800048828125,6946.1298828125,23152.080078125,17.93000030517578,6899.637978515625,6568.457829589844,5.749782719488654,,
2026-02-26,65.20999908447266,97.79000091552734,1.181516408920288,1.3558034896850586,,5.947000026702881,156.1999969482422,6908.85986328125,22878.380859375,18.6299991607666,6901.80998046875,6573.299829101563,5.10489469374397,,
2026-02-27,67.0199966430664,97.61000061035156,1.1803030967712402,1.3491452932357788,,6.004499912261963,155.85899353027344,6878.8798828125,22668.2109375,19.860000610351562,6904.958974609375,6578.471179199219,4.566542824769956,,
2026-03-02,71.2300033569336,98.37999725341797,1.1759449243545532,1.3406623601913452,,5.894499778747559,156.63299560546875,6881.6201171875,22748.859375,21.440000534057617,6907.096181640625,6583.669230957032,4.525605339184953,,
2026-03-03,74.55999755859375,99.05000305175781,1.1697274446487427,1.3410578966140747,,5.773499965667725,157.2570037841797,6816.6298828125,22516.689453125,23.56999969482422,6906.738779296875,6588.73828125,3.458804885466857,,
2026-03-04,74.66000366210938,98.7699966430664,1.161224365234375,1.3353630304336548,,5.855000019073486,157.7729949951172,6869.5,22807.48046875,21.149999618530273,6906.558974609375,6594.071682128906,4.176908155511155,,
2026-03-05,81.01000213623047,99.31999969482422,1.1635618209838867,1.3369520902633667,,5.752999782562256,156.98300170898438,6830.7099609375,22748.990234375,23.75,6904.977373046875,6598.617531738281,3.517288706049286,,
2026-03-06,90.9000015258789,98.98999786376953,1.1608065366744995,1.3357375860214233,,5.756999969482422,157.53399658203125,6740.02001953125,22387.6796875,29.489999771118164,6901.13677734375,6602.8748828125,2.077051877444224,,
2026-03-09,94.7699966430664,99.18000030517578,1.152325987815857,1.3301055431365967,,5.80049991607666,158.427001953125,6795.990234375,22695.94921875,25.5,6898.457783203125,6607.293984375,2.8558779198599438,,
2026-03-10,83.44999694824219,98.83000183105469,1.1617234945297241,1.3424980640411377,,5.9039998054504395,157.84800720214844,6781.47998046875,22697.099609375,24.93000030517578,6895.972578125,6611.642934570313,2.5687570786741967,,
2026-03-11,87.25,99.2300033569336,1.1611299514770508,1.3419036865234375,,5.8454999923706055,158.11399841308594,6775.7998046875,22716.130859375,24.229999542236328,6893.56376953125,6615.8422338867185,2.41779602877272,,
2026-03-12,95.7300033569336,99.73999786376953,1.1543211936950684,1.338186502456665,,5.82450008392334,159.0749969482422,6672.6201171875,22311.98046875,27.290000915527344,6890.106171875,6619.353483886719,0.80471051184147,,
2026-03-13,98.70999908447266,100.36000061035156,1.1521666049957275,1.335250735282898,,5.7144999504089355,159.20599365234375,6632.18994140625,22105.359375,27.190000534057617,6885.58056640625,6622.660383300781,0.1438932023375057,,
2026-03-16,93.5,99.70999908447266,1.1435105800628662,1.3247665166854858,,5.790500164031982,159.5679931640625,6699.3798828125,22374.1796875,23.510000228881836,6881.52716796875,6626.4607836914065,1.100423008622597,,
2026-03-17,96.20999908447266,99.58000183105469,1.1499539613723755,1.3314337730407715,,5.726500034332275,159.10499572753906,6716.08984375,22479.529296875,22.3700008392334,6876.952568359375,6630.03943359375,1.2978868529837282,,
2026-03-18,96.31999969482422,100.08999633789062,1.153948187828064,1.335951805114746,,5.553999900817871,158.88900756835938,6624.7001953125,22152.419921875,25.09000015258789,6871.02796875,6633.13353515625,-0.12713960602560917,,
2026-03-19,96.13999938964844,99.2300033569336,1.1464471817016602,1.32650625705719,,5.433000087738037,159.7949981689453,6606.490234375,22090.689453125,24.059999465942383,6864.72857421875,6635.971936035156,-0.44427104189610367,,
2026-03-20,98.31999969482422,99.6500015258789,1.157755732536316,1.342570185661316,,5.34250020980835,157.9239959716797,6506.47998046875,21647.609375,26.780000686645508,6855.532578125,6638.393134765625,-1.9871247697886247,,
2026-03-23,88.12999725341797,98.94999694824219,1.1560158729553223,1.3331555128097534,,5.439499855041504,159.23399353027344,6581.0,21946.759765625,26.149999618530273,6847.607177734375,6641.0718359375,-0.9045503108764286,,
2026-03-24,92.3499984741211,99.43000030517578,1.1607122421264648,1.342426061630249,,5.422500133514404,158.47900390625,6556.3701171875,21761.890625,26.950000762939453,6839.459775390625,6643.968835449219,-1.3184697344504672,,
2026-03-25,90.31999969482422,99.5999984741211,1.16146719455719,1.3416335582733154,,5.5289998054504395,158.71800231933594,6591.89990234375,21929.8203125,25.329999923706055,6832.765771484375,6646.7627856445315,-0.8254075716267869,,
2026-03-26,94.4800033569336,99.9000015258789,1.1561496257781982,1.336362361907959,,5.446499824523926,159.38400268554688,6477.16015625,21408.080078125,27.440000534057617,6823.4195703125,6649.2349853515625,-2.5878891253000957,,
2026-03-27,99.63999938964844,100.1500015258789,1.1535090208053589,1.3335645198822021,,5.4670000076293945,159.70399475097656,6368.85009765625,20948.359375,31.049999237060547,6811.996376953125,6651.174885253906,-4.244735591355274,,
2026-03-30,102.87999725341797,100.51000213623047,1.149200677871704,1.3238370418548584,,5.47599983215332,160.23399353027344,6343.72021484375,20794.640625,30.610000610351562,6800.0705859375,6652.9891357421875,-4.648570959434408,,
2026-03-31,101.37999725341797,99.95999908447266,1.1460003852844238,1.3172800540924072,,5.587500095367432,159.84100341796875,6528.52001953125,21590.630859375,25.25,6794.7037890625,6655.792536621094,-1.9122067941507015,,
2026-04-01,100.12000274658203,99.6500015258789,1.1574207544326782,1.324327826499939,,5.624000072479248,158.57899475097656,6575.31982421875,21840.94921875,24.540000915527344,6788.697783203125,6658.543286132813,-1.2498749101381557,,
2026-04-02,111.54000091552734,100.02999877929688,1.159057378768921,1.3302648067474365,,5.563000202178955,158.68800354003906,6582.68994140625,21879.1796875,23.8700008392334,6782.084580078125,6660.995834960938,-1.175588387905771,,
2026-04-03,111.54000091552734,100.02999877929688,1.1541746854782104,1.3230313062667847,,5.563000202178955,159.49099731445312,6582.68994140625,21879.1796875,23.8700008392334,6775.426181640625,6663.448483886718,-1.2119631850648414,,
2026-04-06,112.41000366210938,99.9800033569336,1.150999665260315,1.3186348676681519,,5.583499908447266,159.77999877929688,6611.830078125,21996.33984375,24.170000076293945,6768.65818359375,6665.802534179687,-0.809691792967723,,
2026-04-07,112.94999694824219,99.63999938964844,1.1541212797164917,1.3234164714813232,,5.54449987411499,159.68299865722656,6616.85009765625,22017.849609375,25.780000686645508,6761.42318359375,6668.021435546875,-0.7674141180445738,,
2026-04-08,94.41000366210938,99.12999725341797,1.1686612367630005,1.3401771783828735,,5.759500026702881,158.71600341796875,6782.81005859375,22634.990234375,21.040000915527344,6757.5187890625,6670.9107348632815,1.677421991957772,,
2026-04-09,97.87000274658203,98.81999969482422,1.16593599319458,1.3394052982330322,,5.748000144958496,158.64199829101562,6824.66015625,22822.419921875,19.489999771118164,6754.631796875,6674.043986816407,2.2567452316933094,,
2026-04-10,96.56999969482422,98.6500015258789,1.1691256761550903,1.3430029153823853,,5.870500087738037,159.11199951171875,6816.89013671875,22902.890625,19.229999542236328,6752.18900390625,6676.991337890625,2.095237087312465,,
2026-04-13,99.08000183105469,98.37000274658203,1.1675150394439697,1.339441180229187,,5.97599983215332,159.67999267578125,6886.240234375,23183.740234375,19.1200008392334,6750.385009765625,6680.0257885742185,3.0870306841254846,,
2026-04-14,91.27999877929688,98.12000274658203,1.176885962486267,1.3515340089797974,,6.070499897003174,159.21400451660156,6967.3798828125,23639.080078125,18.360000610351562,6751.37640625,6683.4659375,4.248004672538213,,
2026-04-15,91.29000091552734,98.05999755859375,1.179940938949585,1.357533574104309,,6.072000026702881,158.79200744628906,7022.9501953125,24016.01953125,18.170000076293945,6754.181005859375,6687.430788574219,5.017164548626523,,
2026-04-16,94.69000244140625,98.22000122070312,1.1809163093566895,1.3573696613311768,,6.066500186920166,158.8090057373047,7041.27978515625,24102.69921875,17.940000534057617,6759.038603515625,6691.509587402344,5.227074596327191,,
2026-04-17,83.8499984741211,98.0999984741211,1.1782727241516113,1.3526124954223633,,6.103499889373779,159.19500732421875,7126.06005859375,24468.48046875,17.479999542236328,6762.91380859375,6695.823588867188,6.425445115398422,,
2026-04-20,89.61000061035156,98.05000305175781,1.1741223335266113,1.348435878753662,,6.035999774932861,159.16099548339844,7109.14013671875,24404.390625,18.8700008392334,6765.80021484375,6699.9669897460935,6.107091984167563,,
2026-04-21,92.12999725341797,98.41000366210938,1.1784392595291138,1.3531250953674316,,6.001500129699707,158.843994140625,7064.009765625,24259.9609375,19.5,6768.244208984375,6703.988288574219,5.370258144161363,,
2026-04-22,92.95999908447266,98.58999633789062,1.174425721168518,1.3509680032730103,,6.119999885559082,159.3730010986328,7137.89990234375,24657.5703125,18.920000076293945,6772.172802734375,6708.334987792969,6.4034505631047445,,
2026-04-23,95.8499984741211,98.80000305175781,1.1706037521362305,1.3500378131866455,,6.075500011444092,159.48800659179688,7108.39990234375,24438.5,19.309999465942383,6777.68560546875,6712.658188476563,5.895454568900084,,
2026-04-24,94.4000015258789,98.51000213623047,1.16838800907135,1.3466380834579468,,6.023499965667725,159.7469940185547,7165.080078125,24836.599609375,18.709999084472656,6784.26380859375,6717.165087890625,6.668214706258363,,
2026-04-27,96.37000274658203,98.4800033569336,1.1706448793411255,1.3515102863311768,,6.01800012588501,159.5760040283203,7173.91015625,24887.099609375,18.020000457763672,6791.01861328125,6721.547839355469,6.730031946598607,,
2026-04-28,99.93000030517578,98.62000274658203,1.1723467111587524,1.3538211584091187,,5.9145002365112305,159.35699462890625,7138.7998046875,24663.80078125,17.829999923706055,6796.930205078125,6725.757888183593,6.1411951392061725,,
2026-04-29,106.87999725341797,98.91999816894531,1.171783447265625,1.3524478673934937,,5.878499984741211,159.552001953125,7135.9501953125,24673.240234375,18.809999465942383,6802.0230078125,6729.909638671875,6.033373082862908,,
2026-04-30,105.06999969482422,98.08000183105469,1.168470025062561,1.3488596677780151,,5.926000118255615,160.1840057373047,7209.009765625,24892.310546875,16.889999389648438,6808.965400390625,6734.406586914062,7.047438739935323,,
2026-05-01,101.94000244140625,98.20999908447266,1.172910451889038,1.3602666854858398,,5.932000160217285,156.97799682617188,7230.1201171875,25114.439453125,16.989999771118164,6815.377607421875,6738.76263671875,7.291508945446433,,
2026-05-04,106.41999816894531,98.47000122070312,1.1726628541946411,1.3581420183181763,,5.795000076293945,156.8459930419922,7200.75,25067.80078125,18.290000915527344,6822.637607421875,6742.949636230469,6.789319043845869,,
2026-05-05,102.2699966430664,98.4800033569336,1.1691941022872925,1.353143334388733,,5.942999839782715,157.19400024414062,7259.22021484375,25326.130859375,17.3799991607666,6830.020615234375,6747.302536621094,7.5869975511578795,,
2026-05-06,95.08000183105469,98.0199966430664,1.1715774536132812,1.3568705320358276,,6.136499881744385,157.677001953125,7365.1201171875,25838.939453125,17.389999389648438,6838.400419921875,6752.179287109375,9.077674096247623,,
2026-05-07,94.80999755859375,98.25,1.1747430562973022,1.3591758012771606,,6.127500057220459,156.50799560546875,7337.10986328125,25806.19921875,17.079999923706055,6846.965419921875,6757.010537109375,8.585147573560532,,
2026-05-08,95.41999816894531,97.83999633789062,1.1731581687927246,1.3555645942687988,,6.249000072479248,156.82899475097656,7398.93017578125,26247.080078125,17.190000534057617,6857.36642578125,6762.190688476562,9.416171720648968,,
2026-05-11,98.06999969482422,97.94000244140625,1.176885962486267,1.3594714403152466,,6.41349983215332,156.85800170898438,7412.83984375,26274.130859375,18.3799991607666,6867.9908203125,6767.557937011718,9.53492992219897,,
2026-05-12,102.18000030517578,98.29000091552734,1.177994966506958,1.360470175743103,,6.485000133514404,157.2310028076172,7400.9599609375,26088.19921875,17.989999771118164,6879.677421875,6773.3726879882815,9.265506297360028,,
2026-05-13,101.0199966430664,98.4800033569336,1.1735436916351318,1.3537001609802246,,6.635499954223633,157.67100524902344,7444.25,26402.33984375,17.8700008392334,6891.172421875,6778.94423828125,9.81429760052773,,
2026-05-14,101.16999816894531,98.87999725341797,1.1716049909591675,1.352630853652954,,6.567500114440918,157.8509979248047,7501.240234375,26635.220703125,17.260000228881836,6904.58302734375,6784.954489746094,10.556971984283878,,
2026-05-15,105.41999816894531,99.2699966430664,1.166208028793335,1.3391362428665161,,6.251500129699707,158.3820037841797,7408.5,26225.140625,18.43000030517578,6917.952626953125,6790.271689453125,9.104618177607351,,
2026-05-18,108.66000366210938,98.97000122070312,1.161440134048462,1.330849051475525,,6.271999835968018,158.843994140625,7403.0498046875,26090.73046875,17.81999969482422,6930.093818359375,6795.586938476563,8.93907872433339,,
2026-05-19,107.7699966430664,99.30000305175781,1.1655147075653076,1.3432012796401978,,6.164999961853027,158.86099243164062,7353.60986328125,25870.7109375,18.059999465942383,6941.536416015625,6800.407736816406,8.134837613778494,,
2026-05-20,98.26000213623047,99.11000061035156,1.1607122421264648,1.3396027088165283,,6.290500164031982,159.03500366210938,7432.97021484375,26270.359375,17.440000534057617,6954.67982421875,6805.705336914062,9.216750459756328,,
2026-05-21,96.3499984741211,99.19000244140625,1.1625338792800903,1.3433998823165894,,6.256999969482422,158.88800048828125,7445.72021484375,26293.099609375,16.760000228881836,6970.141826171875,6810.705139160156,9.323778708791655,,
2026-05-22,96.5999984741211,99.31999969482422,1.1621150970458984,1.3432555198669434,,6.3420000076293945,159.01800537109375,7473.47021484375,26343.970703125,16.700000762939453,6986.967431640625,6815.73958984375,9.650172462282681,,
2026-05-25,96.5999984741211,99.31999969482422,1.164225697517395,1.34816312789917,,6.3420000076293945,158.9459991455078,7473.47021484375,26343.970703125,16.59000015258789,7002.44923828125,6820.764240722656,9.569396494078799,,
2026-05-26,93.88999938964844,99.16999816894531,1.1637378931045532,1.3496370315551758,,6.361000061035156,158.95399475097656,7519.1201171875,26656.1796875,17.010000228881836,7018.50984375,6826.110842285157,10.152329648815762,,
2026-05-27,88.68000030517578,99.20999908447266,1.1636837720870972,1.345532774925232,,6.304999828338623,159.2429962158203,7520.35986328125,26674.73046875,16.290000915527344,7036.423037109375,6831.466892089844,10.084114906405759,,
2026-05-28,88.9000015258789,99.0199966430664,1.1617909669876099,1.3416515588760376,,6.395999908447266,159.5679931640625,7563.6298828125,26917.470703125,15.739999771118164,7055.565830078125,6837.228190917969,10.62421308183666,,
2026-05-29,87.36000061035156,98.91000366210938,1.1652837991714478,1.3444474935531616,,6.359499931335449,159.27000427246094,7580.06005859375,26972.619140625,15.319999694824219,7077.037431640625,6843.149592285156,10.768586253607157,,
2026-06-01,92.16000366210938,99.19999694824219,1.164890170097351,1.345152735710144,,6.52400016784668,159.35299682617188,7599.9599609375,27086.810546875,16.049999237060547,7097.416630859375,6849.298542480468,10.959683152972628,,
2026-06-02,93.76000213623047,99.22000122070312,1.1635483503341675,1.3460001945495605,,6.649499893188477,159.63600158691406,7609.77978515625,27093.900390625,15.770000457763672,7118.48482421875,6855.012890625,11.010437275230778,,
2026-06-03,96.0199966430664,99.52999877929688,1.1622096300125122,1.3454241752624512,,6.480999946594238,159.96800231933594,7553.68017578125,26853.98046875,16.059999465942383,7137.7204296875,6860.584692382812,10.10257163894456,,
2026-06-04,93.04000091552734,99.41000366210938,1.160941243171692,1.3427144289016724,,6.511000156402588,159.94000244140625,7584.31005859375,26830.9609375,15.399999618530273,7159.863427734375,6866.17654296875,10.459001616560503,,
2026-06-05,90.54000091552734,100.06999969482422,1.1612648963928223,1.3427000045776367,,6.263500213623047,159.99000549316406,7383.740234375,25709.4296875,21.510000228881836,7180.16123046875,6870.688244628906,7.467257594567283,,
2026-06-08,91.30000305175781,100.05000305175781,1.1522595882415771,1.3335645198822021,,6.329500198364258,160.32699584960938,7405.72998046875,25929.66015625,18.920000076293945,7201.40142578125,6875.207595214843,7.716456236509151,,
2026-06-09,88.19999694824219,99.91000366210938,1.1528440713882446,1.3333333730697632,,6.302499771118164,160.1739959716797,7386.64990234375,25678.8203125,19.8700008392334,7218.5640234375,6879.839545898438,7.366601402026272,,
2026-06-10,90.02999877929688,99.94999694824219,1.1535356044769287,1.3372201919555664,,6.249000072479248,160.38400268554688,7266.990234375,25169.5,22.219999313354492,7232.397431640625,6883.873198242188,5.565428431055965,,
2026-06-11,87.70999908447266,99.86000061035156,1.1535621881484985,1.3362016677856445,,6.258999824523926,160.52699279785156,7394.2998046875,25809.66015625,19.440000534057617,7248.62962890625,6888.766997070313,7.338509312801299,,
2026-06-12,84.87999725341797,99.75,1.157594919204712,1.341381549835205,,6.430500030517578,160.1300048828125,7431.4599609375,25888.83984375,17.68000030517578,7265.605029296875,6893.682998046875,7.801010911627193,,
2026-06-15,80.75,99.62999725341797,1.1603081226348877,1.344971776008606,,6.482500076293945,159.9550018310547,7554.2900390625,26683.939453125,16.200000762939453,7284.454228515625,6898.944047851563,9.499221716619404,,
2026-06-16,76.05000305175781,99.54000091552734,1.1594202518463135,1.341599464416504,,6.488999843597412,160.22900390625,7511.35009765625,26376.33984375,16.40999984741211,7302.344228515625,6904.093298339843,8.79560534708341,,
2026-06-17,76.79000091552734,100.08999633789062,1.1609952449798584,1.3426424264907837,,6.481500148773193,160.41900634765625,7420.10009765625,26021.66015625,18.440000534057617,7315.090029296875,6908.718049316406,7.4019817379932515,,
2026-06-18,76.5999984741211,100.8499984741211,1.150734782218933,1.3301233053207397,,6.374499797821045,160.60000610351562,7500.580078125,26517.9296875,16.399999618530273,7328.608427734375,6913.657900390625,8.489314718641388,,
2026-06-19,76.5999984741211,100.8499984741211,1.1458560228347778,1.3202017545700073,,6.374499797821045,161.28900146484375,7500.580078125,26517.9296875,16.399999618530273,7342.2822265625,6918.500600585938,8.413376122129195,,
2026-06-22,74.81999969482422,101.0199966430664,1.1462763547897339,1.3207945823669434,,6.356500148773193,161.43299865722656,7472.7900390625,26166.599609375,17.280000686645508,7354.01322265625,6922.927199707031,7.942635008190445,,
2026-06-23,73.20999908447266,101.41000366210938,1.1427135467529297,1.3247138261795044,,6.140999794006348,161.57000732421875,7365.4599609375,25587.0390625,19.489999771118164,7361.97482421875,6926.833049316407,6.332286464799096,,
2026-06-24,70.33999633789062,101.61000061035156,1.1379542350769043,1.3200099468231201,,5.942999839782715,161.5989990234375,7358.22021484375,25476.640625,18.6299991607666,7368.680224609375,6930.547751464844,6.170832071512865,,
2026-06-25,71.91999816894531,101.43000030517578,1.1354217529296875,1.3166556358337402,,6.070499897003174,161.76300048828125,7357.490234375,25358.599609375,18.889999389648438,7375.00443359375,6934.301403808594,6.102832944843931,,
2026-06-26,69.2300033569336,101.36000061035156,1.1361699104309082,1.318791389465332,,6.141499996185303,161.80499267578125,7354.02001953125,25297.619140625,18.40999984741211,7379.5636328125,6938.069753417969,5.995187147093288,,
2026-06-29,70.75,101.11000061035156,1.1385631561279297,1.319713830947876,,6.097499847412109,161.78700256347656,7440.43017578125,25820.140625,17.649999618530273,7386.18943359375,6942.112104492187,7.178191071944874,,
2026-06-30,69.5,101.19000244140625,1.1422044038772583,1.325398564338684,,6.192500114440918,161.92300415039062,7499.35986328125,26213.720703125,16.450000762939453,7394.896435546875,6946.287104492188,7.962135029394169,,
2026-07-01,68.58000183105469,101.38999938964844,1.1413310766220093,1.325065016746521,,6.123499870300293,162.6280059814453,7483.22998046875,26040.029296875,16.59000015258789,7401.803037109375,6950.2345043945315,7.668740899853281,,
2026-07-02,68.69000244140625,100.86000061035156,1.13779878616333,1.3279330730438232,,6.114500045776367,162.53900146484375,7483.240234375,25832.669921875,16.149999618530273,7409.29984375,6954.366105957031,7.604922150488182,,
2026-07-03,68.69000244140625,100.86000061035156,1.1422696113586426,1.3338704109191895,,6.114500045776367,161.44900512695312,7483.240234375,25832.669921875,16.149999618530273,7415.663046875,6958.592456054687,7.539567543775544,,
2026-07-06,68.55000305175781,100.8499984741211,1.1437721252441406,1.335309624671936,,6.177999973297119,161.45199584960938,7537.43017578125,26121.16015625,15.569999694824219,7422.933447265625,6963.256005859375,8.245771366710112,,
2026-07-07,70.44000244140625,101.13999938964844,1.144177794456482,1.3397893905639648,,6.171500205993652,162.08799743652344,7503.85009765625,25818.689453125,16.1299991607666,7430.234453125,6967.5567553710935,7.697007159241911,,
2026-07-08,73.5199966430664,101.05000305175781,1.140380859375,1.3348907232284546,,6.054500102996826,162.36300659179688,7482.7099609375,25870.650390625,16.899999618530273,7437.1696484375,6971.6642553710935,7.3303258281935735,,
2026-07-09,72.08000183105469,100.94000244140625,1.1422044038772583,1.339620590209961,,6.215000152587891,162.53900146484375,7543.64013671875,26206.890625,15.84000015258789,7443.862255859375,6975.94015625,8.137970907908764,,
2026-07-10,71.41000366210938,100.97000122070312,1.1433405876159668,1.3415615558624268,,6.233500003814697,162.36300659179688,7575.39013671875,26281.609375,15.029999732971191,7450.76765625,6980.261105957031,8.525884945103694,,
2026-07-13,78.13999938964844,101.27999877929688,1.1404459476470947,1.3386881351470947,,6.232999801635742,161.8780059814453,7515.33984375,25873.1796875,17.15999984741211,7457.059453125,6984.2610546875,7.6039366928598,,
2026-07-14,79.33999633789062,100.94000244140625,1.1384334564208984,1.3347926139831543,,6.329999923706055,162.4290008544922,7543.58984375,26107.009765625,16.5,7462.746845703125,6988.400053710938,7.944447738710219,,
2026-07-15,79.5999984741211,100.5,1.1424654722213745,1.3397103548049927,,6.293499946594238,162.18699645996094,7572.39990234375,26269.23046875,15.670000076293945,7466.89244140625,6992.560654296875,8.292230510586531,,
2026-07-16,78.94999694824219,100.7300033569336,1.1470258235931396,1.3541291952133179,,6.296000003814697,162.07200622558594,7533.77001953125,25881.94921875,16.729999542236328,7470.82564453125,6996.656555175781,7.676716158922203,,
2026-07-17,82.48999786376953,100.75,1.1444659233093262,1.3478904962539673,,6.21999979019165,162.37600708007812,7457.68994140625,25520.240234375,18.770000457763672,7472.00083984375,7000.176403808594,6.535742975687529,,
2026-07-20,83.2300033569336,100.98999786376953,1.142765760421753,1.3446282148361206,,6.298999786376953,162.51199340820312,7443.27978515625,25508.0703125,18.649999618530273,7472.609638671875,7003.717253417969,6.276131885874816,,
2026-07-21,84.91000366210938,101.18000030517578,1.1418131589889526,1.3431652784347534,,6.511000156402588,162.48699951171875,7509.2001953125,25837.2109375,17.049999237060547,7474.774443359375,7008.500705566406,7.144174064909772,,
2026-07-22,86.83000183105469,101.13999938964844,1.140380859375,1.3379179239273071,,6.451000213623047,163.18600463867188,7498.9599609375,25690.900390625,16.639999389648438,7475.868642578125,7012.721904296875,6.933656621157243,,
2026-07-23,92.19000244140625,101.43000030517578,1.1411746740341187,1.337524175643921,,6.304999828338623,163.08099365234375,7408.2998046875,25137.689453125,18.700000762939453,7474.009833984375,7016.541853027344,5.58334803477484,,
2026-07-24,89.30999755859375,101.47000122070312,1.137682318687439,1.3312742710113525,,6.320000171661377,163.83200073242188,7411.97998046875,24975.8203125,18.579999923706055,7474.07943359375,7020.2464526367185,5.580053784079065,,
2026-07-27,82.61000061035156,101.51000213623047,1.1394972801208496,1.335131287574768,,6.339000225067139,163.61099243164062,7413.18017578125,24932.080078125,18.670000076293945,7474.282041015625,7024.167004394531,5.5382107393423325,,
2026-07-28,79.26000213623047,101.37999725341797,1.1369450092315674,1.3289920091629028,,6.322000026702881,163.77099609375,7428.77978515625,24876.91015625,18.209999084472656,7475.785439453125,7027.990854492187,5.702752592625877,,
2026-07-29,84.45999908447266,100.80000305175781,1.1386538743972778,1.3287270069122314,,6.273499965667725,163.86399841308594,7316.14990234375,24442.939453125,20.65999984741211,7473.449033203125,7030.895954589843,4.057149324869328,,
2026-07-30,83.58999633789062,100.01000213623047,1.1467232704162598,1.3367303609848022,,6.444499969482422,163.3000030517578,7437.6298828125,25122.1796875,17.09000015258789,7473.2872265625,7034.407353515625,5.73214642020062,,
2026-07-31,84.66999816894531,99.80000305175781,1.1523525714874268,1.3460942506790161,,6.435999870300293,160.18299865722656,7489.72021484375,25373.849609375,15.989999771118164,7473.6122265625,7038.358955078125,6.412876391306681,,
2026-08-03,80.33999633789062,99.95999908447266,1.154401183128357,1.34916353225708,,6.513999938964844,157.58200073242188,7600.5,25913.900390625,15.859999656677246,7476.152822265625,7042.669255371094,7.920728979335166,,
2026-08-04,75.7699966430664,99.88999938964844,1.150734782218933,1.3427000045776367,,6.618500232696533,157.5290069580078,7736.52001953125,26584.990234375,16.5,7480.5008203125,7047.393405761719,9.778460972621787,,
2026-08-05,75.22000122070312,99.69000244140625,1.153242826461792,1.3450984954833984,,6.703000068664551,157.69200134277344,7723.5498046875,26363.439453125,15.8100004196167,7484.564619140625,7051.635354003906,9.528491150667367,,
2026-08-06,77.29000091552734,99.97000122070312,1.1557353734970093,1.3469645977020264,,6.686999797821045,157.60000610351562,7709.9599609375,26348.349609375,15.149999618530273,7487.491220703125,7055.730703125,9.27231048547162,,
2026-08-07,78.18000030517578,99.5999984741211,1.1524720191955566,1.345532774925232,,6.570499897003174,158.40899658203125,7757.64013671875,26690.619140625,14.899999618530273,7491.042822265625,7060.065954589843,9.880561833496815,,
2026-08-10,82.12999725341797,99.80999755859375,1.155641794204712,1.34907066822052,,6.5945000648498535,157.89100646972656,7753.10986328125,26605.359375,15.460000038146973,7494.1058203125,7064.7198046875,9.744053233887598,,
2026-08-11,83.19999694824219,99.81999969482422,1.1546411514282227,1.3511322736740112,,6.611999988555908,159.156005859375,7728.2001953125,26445.44921875,15.279999732971191,7496.474228515625,7069.1598046875,9.322754172115282,,
2026-08-12,83.2699966430664,100.01000213623047,1.1543744802474976,1.3509862422943115,,6.5970001220703125,159.26499938964844,7748.5,26588.490234375,14.550000190734863,7500.370625,7073.642453613281,9.540453179705114,,
2026-08-13,81.25,99.95999908447266,1.1530035734176636,1.3497827053070068,,6.59250020980835,159.3280029296875,7798.990234375,26803.029296875,14.630000114440918,7504.664228515625,7078.7796557617185,10.174219479018133,,
2026-08-14,82.4000015258789,99.66999816894531,1.1535356044769287,1.3490725755691528,,6.5995001792907715,159.42599487304688,7785.759765625,26729.16015625,14.25,7512.704619140625,7083.727004394531,9.910499950025589,,
2026-08-17,84.5,99.63999938964844,1.1573940515518188,1.3546648025512695,,6.604000091552734,159.22300720214844,7745.06005859375,26644.91015625,15.1899995803833,7519.491220703125,7088.850705566406,9.256921612301221,,
2026-08-18,84.94000244140625,99.6500015258789,1.1582788228988647,1.3550318479537964,,6.482500076293945,159.33999633789062,7691.759765625,26289.7109375,15.84000015258789,7525.59341796875,7093.665505371094,8.431385153430883,,
2026-08-19,85.83000183105469,98.83000183105469,1.1579434871673584,1.3536745309829712,,6.487500190734863,159.5500030517578,7707.97998046875,26331.08984375,14.890000343322754,7534.413212890625,7098.043254394532,8.593026334357642,,
2026-08-20,87.83000183105469,98.9000015258789,1.1673787832260132,1.3599891662597656,,6.460000038146973,158.2760009765625,7641.16015625,26067.169921875,16.010000228881836,7539.350419921875,7102.016005859375,7.591424039960137,,
2026-08-21,87.05999755859375,98.80000305175781,1.1687841415405273,1.364349603652954,,6.579500198364258,158.88299560546875,7674.3701171875,26180.4609375,15.130000114440918,7544.208623046875,7106.133256835938,7.996428434619229,,
2026-08-24,85.01000213623047,99.0,1.1681560277938843,1.3653554916381836,,6.598999977111816,158.9040069580078,7652.85986328125,25980.189453125,15.850000381469727,7546.18001953125,7110.710104980469,7.624410927975392,,
2026-08-25,82.36000061035156,98.91999816894531,1.1668338775634766,1.3638285398483276,,6.709499835968018,159.13900756835938,7677.27978515625,26151.30078125,15.449999809265137,7549.49861328125,7115.425954589844,7.8962782291899085,,
2026-08-26,82.2300033569336,99.16999816894531,1.1674741506576538,1.3647032976150513,,6.5945000648498535,159.22300720214844,7675.7001953125,26130.19921875,15.210000038146973,7554.610615234375,7120.442404785156,7.798079936075229,,
2026-08-27,83.52999877929688,99.16000366210938,1.1654876470565796,1.3596932888031006,,6.586999893188477,159.2550048828125,7730.990234375,26541.349609375,14.510000228881836,7559.218818359375,7126.010756835937,8.489735676566442,,
2026-08-28,83.52999877929688,99.16000366210938,1.1587486267089844,1.353747844696045,,6.586999893188477,160.03799438476562,7730.990234375,26541.349609375,14.510000228881836,7563.827021484375,7131.454907226563,8.406914647120693,,
